session_id,session_label,lap_number,lap_time_s,distance_m,track_section,sector,speed_kmh,throttle_pct,brake_pressure_pct,rpm,steering_angle_deg,battery_voltage_v,powertrain_temp_c
S01,Cool morning shakedown,1,0.0,0.0,Main Straight,Sector 1,0.0,100.0,0.0,1800.0,-1.9,391.55,34.01
S01,Cool morning shakedown,1,0.5,1.05,Main Straight,Sector 1,12.51,97.3,0.0,2820.0,-1.1,392.13,34.13
S01,Cool morning shakedown,1,1.0,3.78,Main Straight,Sector 1,24.47,100.0,0.0,3797.0,0.8,390.62,34.38
S01,Cool morning shakedown,1,1.5,8.13,Main Straight,Sector 1,35.73,95.7,0.0,4716.0,-2.2,390.09,34.75
S01,Cool morning shakedown,1,2.0,13.96,Main Straight,Sector 1,46.06,97.1,0.0,5559.0,2.1,389.41,35.23
S01,Cool morning shakedown,1,2.5,21.13,Main Straight,Sector 1,55.33,100.0,0.0,6315.0,1.7,387.91,35.81
S01,Cool morning shakedown,1,3.0,29.54,Main Straight,Sector 1,63.92,100.0,0.0,7016.0,1.0,388.83,36.48
S01,Cool morning shakedown,1,3.5,39.06,Main Straight,Sector 1,71.46,99.9,0.0,7631.0,-2.7,387.73,37.23
S01,Cool morning shakedown,1,4.0,49.56,Main Straight,Sector 1,78.19,98.7,0.0,8180.0,0.1,386.61,38.04
S01,Cool morning shakedown,1,4.5,60.92,Main Straight,Sector 1,84.1,98.0,0.0,8662.0,2.4,386.43,38.92
S01,Cool morning shakedown,1,5.0,73.03,Main Straight,Sector 1,89.24,98.5,0.0,9082.0,-3.1,385.7,39.85
S01,Cool morning shakedown,1,5.5,85.81,Main Straight,Sector 1,93.71,97.2,0.0,9447.0,0.8,386.84,40.81
S01,Cool morning shakedown,1,6.0,99.15,Main Straight,Sector 1,97.52,97.5,0.0,9757.0,-0.2,387.24,41.8
S01,Cool morning shakedown,1,6.5,112.97,Main Straight,Sector 1,100.81,100.0,0.0,10026.0,1.6,385.28,42.81
S01,Cool morning shakedown,1,7.0,127.21,Main Straight,Sector 1,103.64,94.2,0.0,10257.0,-1.8,387.12,43.83
S01,Cool morning shakedown,1,7.5,141.8,Main Straight,Sector 1,106.01,100.0,0.0,10451.0,1.5,385.33,44.88
S01,Cool morning shakedown,1,8.0,156.71,Main Straight,Sector 1,108.1,100.0,0.0,10621.0,-1.6,384.76,45.95
S01,Cool morning shakedown,1,8.5,171.44,Main Straight,Sector 1,99.48,3.2,89.7,9918.0,0.0,397.55,46.19
S01,Cool morning shakedown,1,9.0,183.64,Main Straight,Sector 1,81.8,0.7,45.4,8475.0,1.5,396.98,45.87
S01,Cool morning shakedown,1,9.5,194.22,Main Straight,Sector 1,73.28,5.9,20.0,7780.0,-0.8,398.18,45.56
S01,Cool morning shakedown,1,10.0,204.04,Main Straight,Sector 1,69.23,2.7,17.1,7449.0,-2.2,398.39,45.26
S01,Cool morning shakedown,1,10.5,213.46,Main Straight,Sector 1,67.48,0.0,19.3,7306.0,0.1,398.5,45.14
S01,Cool morning shakedown,1,11.0,222.77,Turn 1 Braking Zone,Sector 1,66.85,39.5,0.0,7255.0,-0.4,393.52,45.17
S01,Cool morning shakedown,1,11.5,231.83,Turn 1 Braking Zone,Sector 1,63.25,0.8,15.2,6961.0,-1.6,398.06,44.86
S01,Cool morning shakedown,1,12.0,240.32,Turn 1 Braking Zone,Sector 1,59.75,0.0,16.4,6675.0,-0.3,398.14,44.57
S01,Cool morning shakedown,1,12.5,248.64,Turn 1 Braking Zone,Sector 1,60.13,0.0,16.5,6707.0,1.3,398.46,44.54
S01,Cool morning shakedown,1,13.0,256.94,Turn 1 Braking Zone,Sector 1,60.22,0.2,11.2,6714.0,0.0,398.7,44.5
S01,Cool morning shakedown,1,13.5,265.22,Turn 1 Braking Zone,Sector 1,60.5,1.8,15.1,6737.0,0.0,398.33,44.46
S01,Cool morning shakedown,1,14.0,273.52,Turn 1 Braking Zone,Sector 1,60.76,3.0,16.6,6758.0,1.9,398.62,44.43
S01,Cool morning shakedown,1,14.5,281.82,Turn 1 Medium Left,Sector 1,59.04,33.5,0.0,6617.0,-3.1,394.27,44.33
S01,Cool morning shakedown,1,15.0,290.06,Turn 1 Medium Left,Sector 1,58.74,36.5,0.0,6593.0,-18.8,395.1,44.21
S01,Cool morning shakedown,1,15.5,298.3,Turn 1 Medium Left,Sector 1,58.85,37.1,0.0,6602.0,-34.1,394.91,44.08
S01,Cool morning shakedown,1,16.0,306.55,Turn 1 Medium Left,Sector 1,58.8,42.7,0.0,6598.0,-49.7,393.48,43.98
S01,Cool morning shakedown,1,16.5,314.81,Turn 1 Medium Left,Sector 1,58.89,35.2,0.0,6605.0,-61.1,394.2,43.87
S01,Cool morning shakedown,1,17.0,323.05,Turn 1 Medium Left,Sector 1,59.01,37.5,0.0,6615.0,-68.3,395.19,43.76
S01,Cool morning shakedown,1,17.5,331.31,Turn 1 Medium Left,Sector 1,59.21,34.9,0.0,6632.0,-70.8,394.49,43.64
S01,Cool morning shakedown,1,18.0,339.52,Turn 1 Medium Left,Sector 1,58.78,34.0,0.0,6596.0,-70.7,395.42,43.51
S01,Cool morning shakedown,1,18.5,347.79,Turn 1 Medium Left,Sector 1,59.91,4.1,16.0,6689.0,-71.2,396.87,43.39
S01,Cool morning shakedown,1,19.0,356.02,Turn 1 Medium Left,Sector 1,59.81,3.1,16.9,6680.0,-61.6,396.54,43.29
S01,Cool morning shakedown,1,19.5,364.26,Turn 1 Medium Left,Sector 1,59.77,0.0,15.8,6677.0,-46.2,397.78,43.17
S01,Cool morning shakedown,1,20.0,372.51,Turn 1 Medium Left,Sector 1,59.6,0.0,16.5,6663.0,-27.8,397.67,43.05
S01,Cool morning shakedown,1,20.5,380.73,Turn 1 Medium Left,Sector 1,59.36,36.3,0.0,6644.0,-21.0,394.87,42.99
S01,Cool morning shakedown,1,21.0,388.99,Turn 1 Medium Left,Sector 1,59.46,36.1,0.0,6652.0,-2.3,394.02,42.89
S01,Cool morning shakedown,1,21.5,397.77,Back Straight,Sector 2,66.39,100.0,0.0,7218.0,0.4,387.04,43.51
S01,Cool morning shakedown,1,22.0,407.61,Back Straight,Sector 2,73.65,100.0,0.0,7810.0,0.0,387.25,44.2
S01,Cool morning shakedown,1,22.5,418.39,Back Straight,Sector 2,80.09,99.2,0.0,8336.0,2.4,387.06,44.96
S01,Cool morning shakedown,1,23.0,429.99,Back Straight,Sector 2,85.75,98.3,0.0,8797.0,-0.8,387.18,45.77
S01,Cool morning shakedown,1,23.5,442.32,Back Straight,Sector 2,90.7,100.0,0.0,9201.0,-1.5,387.33,46.65
S01,Cool morning shakedown,1,24.0,455.19,Back Straight,Sector 2,93.43,0.0,17.0,9424.0,-1.0,397.4,47.05
S01,Cool morning shakedown,1,24.5,468.11,Back Straight,Sector 2,92.73,97.1,0.0,9366.0,0.3,386.76,47.45
S01,Cool morning shakedown,1,25.0,481.07,Back Straight,Sector 2,93.75,3.1,13.8,9450.0,4.9,398.47,47.61
S01,Cool morning shakedown,1,25.5,494.01,Back Straight,Sector 2,93.26,1.0,12.5,9410.0,-1.3,397.63,47.76
S01,Cool morning shakedown,1,26.0,506.93,Back Straight,Sector 2,92.69,3.1,98.3,9364.0,-1.0,398.36,47.92
S01,Cool morning shakedown,1,26.5,517.76,Back Straight,Sector 2,69.0,0.0,59.1,7431.0,3.0,396.86,47.58
S01,Cool morning shakedown,1,27.0,526.36,Back Straight,Sector 2,58.14,0.0,22.6,6544.0,3.7,399.17,47.25
S01,Cool morning shakedown,1,27.5,534.04,Back Straight,Sector 2,53.87,3.6,15.9,6196.0,2.5,398.3,46.93
S01,Cool morning shakedown,1,28.0,541.34,Back Straight,Sector 2,52.43,0.0,13.1,6078.0,3.3,398.25,46.77
S01,Cool morning shakedown,1,28.5,548.69,Back Straight,Sector 2,53.97,0.0,13.7,6204.0,1.0,398.26,46.76
S01,Cool morning shakedown,1,29.0,556.03,Back Straight,Sector 2,52.92,0.0,15.7,6118.0,1.7,398.29,46.59
S01,Cool morning shakedown,1,29.5,563.37,Technical Esses,Sector 2,52.68,2.9,15.1,6099.0,9.5,398.01,46.48
S01,Cool morning shakedown,1,30.0,570.61,Technical Esses,Sector 2,52.62,0.0,14.0,6094.0,19.9,397.34,46.3
S01,Cool morning shakedown,1,30.5,577.83,Technical Esses,Sector 2,51.49,32.4,0.0,6002.0,37.8,394.56,46.13
S01,Cool morning shakedown,1,31.0,585.08,Technical Esses,Sector 2,52.6,0.3,13.0,6092.0,44.8,398.47,45.96
S01,Cool morning shakedown,1,31.5,592.31,Technical Esses,Sector 2,51.59,32.5,0.0,6009.0,62.9,395.79,45.8
S01,Cool morning shakedown,1,32.0,599.55,Technical Esses,Sector 2,51.75,35.9,0.0,6023.0,69.5,394.79,45.63
S01,Cool morning shakedown,1,32.5,606.78,Technical Esses,Sector 2,51.82,29.3,0.0,6029.0,75.0,395.92,45.47
S01,Cool morning shakedown,1,33.0,614.01,Technical Esses,Sector 2,51.8,32.6,0.0,6027.0,88.0,395.99,45.31
S01,Cool morning shakedown,1,33.5,621.25,Technical Esses,Sector 2,52.03,29.7,0.0,6046.0,90.7,396.37,45.15
S01,Cool morning shakedown,1,34.0,628.5,Technical Esses,Sector 2,52.3,2.2,13.9,6068.0,89.9,397.59,44.94
S01,Cool morning shakedown,1,34.5,635.73,Technical Esses,Sector 2,52.24,0.0,16.6,6063.0,87.5,398.11,44.78
S01,Cool morning shakedown,1,35.0,642.94,Technical Esses,Sector 2,52.16,33.4,0.0,6056.0,82.0,394.64,44.69
S01,Cool morning shakedown,1,35.5,650.18,Technical Esses,Sector 2,51.71,32.1,0.0,6019.0,85.1,395.35,44.52
S01,Cool morning shakedown,1,36.0,657.44,Technical Esses,Sector 2,51.94,34.0,0.0,6038.0,73.6,395.62,44.38
S01,Cool morning shakedown,1,36.5,664.67,Technical Esses,Sector 2,51.99,25.8,0.0,6043.0,61.7,395.19,44.21
S01,Cool morning shakedown,1,37.0,671.89,Technical Esses,Sector 2,51.79,29.6,0.0,6026.0,53.1,394.54,44.06
S01,Cool morning shakedown,1,37.5,679.14,Technical Esses,Sector 2,51.57,34.7,0.0,6008.0,37.1,394.97,43.91
S01,Cool morning shakedown,1,38.0,686.39,Technical Esses,Sector 2,52.67,0.0,16.5,6098.0,25.3,397.55,43.76
S01,Cool morning shakedown,1,38.5,693.6,Technical Esses,Sector 2,51.21,33.1,0.0,5979.0,11.6,394.71,43.61
S01,Cool morning shakedown,1,39.0,700.85,Long Straight,Sector 3,52.56,100.0,0.0,6089.0,-0.8,389.78,43.63
S01,Cool morning shakedown,1,39.5,708.89,Long Straight,Sector 3,61.34,100.0,0.0,6805.0,0.0,388.81,44.18
S01,Cool morning shakedown,1,40.0,718.08,Long Straight,Sector 3,69.25,97.5,0.0,7451.0,-1.2,389.02,44.82
S01,Cool morning shakedown,1,40.5,728.29,Long Straight,Sector 3,76.25,100.0,0.0,8022.0,-0.4,387.2,45.54
S01,Cool morning shakedown,1,41.0,739.4,Long Straight,Sector 3,82.34,97.4,0.0,8519.0,-1.0,387.62,46.3
S01,Cool morning shakedown,1,41.5,751.29,Long Straight,Sector 3,87.7,95.5,0.0,8957.0,-1.7,387.22,47.12
S01,Cool morning shakedown,1,42.0,763.86,Long Straight,Sector 3,92.27,100.0,0.0,9329.0,-1.2,387.25,47.98
S01,Cool morning shakedown,1,42.5,777.02,Long Straight,Sector 3,96.34,94.2,0.0,9661.0,0.2,387.3,48.88
S01,Cool morning shakedown,1,43.0,790.69,Long Straight,Sector 3,99.81,100.0,0.0,9945.0,-2.6,386.34,49.82
S01,Cool morning shakedown,1,43.5,804.81,Long Straight,Sector 3,102.83,97.5,0.0,10191.0,0.5,386.41,50.78
S01,Cool morning shakedown,1,44.0,819.31,Long Straight,Sector 3,105.4,100.0,0.0,10401.0,0.3,385.61,51.77
S01,Cool morning shakedown,1,44.5,834.14,Long Straight,Sector 3,107.61,100.0,0.0,10581.0,1.9,385.62,52.77
S01,Cool morning shakedown,1,45.0,849.24,Long Straight,Sector 3,109.46,99.5,0.0,10732.0,0.4,385.46,53.76
S01,Cool morning shakedown,1,45.5,864.58,Long Straight,Sector 3,111.02,100.0,0.0,10859.0,1.1,384.38,54.75
S01,Cool morning shakedown,1,46.0,878.67,Long Straight,Sector 3,91.65,0.6,97.0,9279.0,-2.2,398.65,54.34
S01,Cool morning shakedown,1,46.5,889.34,Long Straight,Sector 3,66.92,2.9,98.9,7261.0,1.0,397.86,53.93
S01,Cool morning shakedown,1,47.0,896.66,Long Straight,Sector 3,44.8,0.0,44.9,5455.0,1.2,399.04,53.52
S01,Cool morning shakedown,1,47.5,902.17,Long Straight,Sector 3,37.54,0.0,16.5,4863.0,-1.8,397.51,53.11
S01,Cool morning shakedown,1,48.0,907.27,Long Straight,Sector 3,36.18,100.0,0.0,4752.0,0.7,389.75,52.96
S01,Cool morning shakedown,1,48.5,912.47,Long Straight,Sector 3,38.21,0.0,16.3,4918.0,-2.6,397.65,52.68
S01,Cool morning shakedown,1,49.0,917.59,Long Straight,Sector 3,37.03,0.1,17.1,4822.0,-0.3,398.06,52.41
S01,Cool morning shakedown,1,49.5,922.74,Hairpin,Sector 3,36.34,1.2,15.4,4766.0,-10.4,397.0,52.14
S01,Cool morning shakedown,1,50.0,927.75,Hairpin,Sector 3,36.26,31.3,0.0,4759.0,-33.5,396.32,51.89
S01,Cool morning shakedown,1,50.5,932.8,Hairpin,Sector 3,36.37,0.0,12.0,4768.0,-50.9,398.34,51.57
S01,Cool morning shakedown,1,51.0,937.8,Hairpin,Sector 3,36.56,1.7,11.5,4783.0,-66.3,397.41,51.3
S01,Cool morning shakedown,1,51.5,942.81,Hairpin,Sector 3,35.61,25.4,0.0,4706.0,-88.2,396.02,51.03
S01,Cool morning shakedown,1,52.0,947.84,Hairpin,Sector 3,36.81,0.0,14.2,4804.0,-94.7,397.3,50.76
S01,Cool morning shakedown,1,52.5,952.87,Hairpin,Sector 3,36.0,31.3,0.0,4738.0,-111.6,395.28,50.5
S01,Cool morning shakedown,1,53.0,957.89,Hairpin,Sector 3,36.2,33.9,0.0,4754.0,-116.5,394.74,50.25
S01,Cool morning shakedown,1,53.5,962.92,Hairpin,Sector 3,36.24,30.7,0.0,4757.0,-121.0,395.61,50.0
S01,Cool morning shakedown,1,54.0,967.97,Hairpin,Sector 3,35.88,25.2,0.0,4728.0,-120.5,396.78,49.72
S01,Cool morning shakedown,1,54.5,973.0,Hairpin,Sector 3,35.76,29.0,0.0,4718.0,-114.7,394.87,49.47
S01,Cool morning shakedown,1,55.0,978.05,Hairpin,Sector 3,36.04,28.5,0.0,4741.0,-111.7,395.0,49.21
S01,Cool morning shakedown,1,55.5,983.09,Hairpin,Sector 3,36.21,30.0,0.0,4755.0,-95.9,396.3,48.96
S01,Cool morning shakedown,1,56.0,988.14,Hairpin,Sector 3,36.28,32.5,0.0,4761.0,-79.6,395.11,48.71
S01,Cool morning shakedown,1,56.5,993.19,Hairpin,Sector 3,36.44,0.0,13.9,4774.0,-64.8,397.24,48.43
S01,Cool morning shakedown,1,57.0,998.21,Hairpin,Sector 3,36.28,30.2,0.0,4760.0,-50.4,395.34,48.23
S01,Cool morning shakedown,1,57.5,1003.25,Hairpin,Sector 3,36.34,0.0,16.9,4765.0,-27.3,398.62,47.95
S01,Cool morning shakedown,1,58.0,1008.26,Hairpin,Sector 3,35.98,26.4,0.0,4736.0,-9.2,396.1,47.73
S01,Cool morning shakedown,1,58.5,1013.53,Final Corner,Sector 3,40.8,80.9,0.0,5129.0,6.5,391.85,47.81
S01,Cool morning shakedown,1,59.0,1019.87,Final Corner,Sector 3,48.79,80.5,0.0,5781.0,18.2,390.14,48.05
S01,Cool morning shakedown,1,59.5,1027.26,Final Corner,Sector 3,55.93,80.8,0.0,6364.0,32.1,390.27,48.34
S01,Cool morning shakedown,1,60.0,1035.59,Final Corner,Sector 3,62.63,76.2,0.0,6910.0,40.3,390.42,48.69
S01,Cool morning shakedown,1,60.5,1044.74,Final Corner,Sector 3,67.32,38.4,0.0,7293.0,48.0,394.12,48.85
S01,Cool morning shakedown,1,61.0,1054.24,Final Corner,Sector 3,68.48,30.9,0.0,7388.0,54.3,395.12,48.77
S01,Cool morning shakedown,1,61.5,1063.8,Final Corner,Sector 3,68.28,37.5,0.0,7372.0,54.0,394.14,48.65
S01,Cool morning shakedown,1,62.0,1073.33,Final Corner,Sector 3,68.09,37.5,0.0,7356.0,41.5,393.73,48.51
S01,Cool morning shakedown,1,62.5,1082.86,Final Corner,Sector 3,68.91,0.3,15.2,7423.0,33.4,397.26,48.38
S01,Cool morning shakedown,1,63.0,1092.38,Final Corner,Sector 3,68.08,39.0,0.0,7355.0,10.2,393.52,48.29
S01,Cool morning shakedown,2,0.1,1.95,Main Straight,Sector 1,70.32,100.0,0.0,7538.0,-0.9,386.99,48.48
S01,Cool morning shakedown,2,0.6,12.29,Main Straight,Sector 1,77.11,100.0,0.0,8092.0,-0.9,387.94,49.15
S01,Cool morning shakedown,2,1.1,23.51,Main Straight,Sector 1,83.07,100.0,0.0,8579.0,-0.2,385.54,49.89
S01,Cool morning shakedown,2,1.6,35.49,Main Straight,Sector 1,88.32,99.2,0.0,9007.0,-1.2,385.49,50.67
S01,Cool morning shakedown,2,2.1,48.15,Main Straight,Sector 1,92.91,99.0,0.0,9381.0,0.1,385.69,51.51
S01,Cool morning shakedown,2,2.6,61.38,Main Straight,Sector 1,96.78,91.3,0.0,9698.0,-1.7,387.02,52.34
S01,Cool morning shakedown,2,3.1,75.11,Main Straight,Sector 1,100.14,100.0,0.0,9971.0,0.2,384.77,53.24
S01,Cool morning shakedown,2,3.6,89.27,Main Straight,Sector 1,103.09,93.9,0.0,10212.0,-2.1,384.58,54.15
S01,Cool morning shakedown,2,4.1,103.79,Main Straight,Sector 1,105.53,96.9,0.0,10412.0,1.0,384.7,55.06
S01,Cool morning shakedown,2,4.6,118.63,Main Straight,Sector 1,107.67,97.3,0.0,10586.0,-2.3,384.87,56.0
S01,Cool morning shakedown,2,5.1,133.74,Main Straight,Sector 1,109.5,97.1,0.0,10735.0,-0.7,384.54,56.95
S01,Cool morning shakedown,2,5.6,148.98,Main Straight,Sector 1,109.93,0.0,19.3,10771.0,1.2,396.6,57.35
S01,Cool morning shakedown,2,6.1,164.18,Main Straight,Sector 1,109.06,96.0,0.0,10700.0,0.2,384.75,58.01
S01,Cool morning shakedown,2,6.6,178.02,Main Straight,Sector 1,90.6,0.0,67.6,9193.0,-0.7,397.12,57.55
S01,Cool morning shakedown,2,7.1,189.42,Main Straight,Sector 1,77.78,0.0,33.0,8147.0,2.5,397.96,57.1
S01,Cool morning shakedown,2,7.6,199.63,Main Straight,Sector 1,71.33,5.5,16.7,7621.0,-0.9,396.96,56.68
S01,Cool morning shakedown,2,8.1,209.21,Main Straight,Sector 1,67.45,0.0,13.4,7304.0,4.0,397.32,56.24
S01,Cool morning shakedown,2,8.6,218.6,Main Straight,Sector 1,68.38,1.2,15.9,7380.0,-0.8,396.63,56.19
S01,Cool morning shakedown,2,9.1,227.83,Turn 1 Braking Zone,Sector 1,64.93,1.7,19.5,7098.0,0.5,397.61,55.84
S01,Cool morning shakedown,2,9.6,236.5,Turn 1 Braking Zone,Sector 1,60.82,0.0,16.5,6763.0,2.2,397.47,55.41
S01,Cool morning shakedown,2,10.1,244.73,Turn 1 Braking Zone,Sector 1,58.82,75.6,0.0,6600.0,0.8,390.8,55.28
S01,Cool morning shakedown,2,10.6,253.0,Turn 1 Braking Zone,Sector 1,59.21,80.5,0.0,6631.0,0.6,389.61,55.13
S01,Cool morning shakedown,2,11.1,261.33,Turn 1 Braking Zone,Sector 1,59.85,0.0,15.0,6684.0,2.6,396.78,54.84
S01,Cool morning shakedown,2,11.6,269.6,Turn 1 Braking Zone,Sector 1,60.1,0.0,12.7,6704.0,-0.5,397.57,54.69
S01,Cool morning shakedown,2,12.1,277.86,Turn 1 Braking Zone,Sector 1,60.31,0.0,17.0,6721.0,-2.3,396.88,54.53
S01,Cool morning shakedown,2,12.6,286.06,Turn 1 Medium Left,Sector 1,58.55,36.8,0.0,6578.0,-10.6,393.38,54.3
S01,Cool morning shakedown,2,13.1,294.27,Turn 1 Medium Left,Sector 1,59.55,0.6,18.5,6660.0,-27.3,396.92,54.05
S01,Cool morning shakedown,2,13.6,302.49,Turn 1 Medium Left,Sector 1,59.42,3.5,7.3,6649.0,-44.1,398.31,53.82
S01,Cool morning shakedown,2,14.1,310.68,Turn 1 Medium Left,Sector 1,58.39,29.6,0.0,6564.0,-57.7,394.36,53.6
S01,Cool morning shakedown,2,14.6,318.87,Turn 1 Medium Left,Sector 1,59.41,0.0,16.2,6648.0,-66.5,396.94,53.37
S01,Cool morning shakedown,2,15.1,327.07,Turn 1 Medium Left,Sector 1,59.2,34.8,0.0,6631.0,-64.2,393.76,53.19
S01,Cool morning shakedown,2,15.6,335.3,Turn 1 Medium Left,Sector 1,59.32,0.0,14.2,6640.0,-74.0,396.44,52.91
S01,Cool morning shakedown,2,16.1,343.51,Turn 1 Medium Left,Sector 1,59.33,0.3,16.7,6641.0,-69.7,397.47,52.7
S01,Cool morning shakedown,2,16.6,351.69,Turn 1 Medium Left,Sector 1,59.12,35.4,0.0,6624.0,-66.6,393.44,52.54
S01,Cool morning shakedown,2,17.1,359.9,Turn 1 Medium Left,Sector 1,59.19,35.8,0.0,6630.0,-53.1,394.5,52.33
S01,Cool morning shakedown,2,17.6,368.12,Turn 1 Medium Left,Sector 1,59.17,34.9,0.0,6628.0,-41.5,394.04,52.12
S01,Cool morning shakedown,2,18.1,376.33,Turn 1 Medium Left,Sector 1,59.12,31.6,0.0,6624.0,-25.9,394.22,51.9
S01,Cool morning shakedown,2,18.6,384.54,Turn 1 Medium Left,Sector 1,59.11,34.9,0.0,6623.0,-11.0,394.53,51.69
S01,Cool morning shakedown,2,19.1,392.82,Back Straight,Sector 2,61.15,92.4,0.0,6790.0,-1.4,387.06,51.75
S01,Cool morning shakedown,2,19.6,401.96,Back Straight,Sector 2,68.86,100.0,0.0,7419.0,-3.1,387.51,52.29
S01,Cool morning shakedown,2,20.1,412.12,Back Straight,Sector 2,75.87,97.2,0.0,7991.0,-1.3,387.03,52.91
S01,Cool morning shakedown,2,20.6,423.17,Back Straight,Sector 2,82.04,100.0,0.0,8494.0,0.1,386.06,53.61
S01,Cool morning shakedown,2,21.1,435.02,Back Straight,Sector 2,87.38,95.9,0.0,8930.0,-4.5,385.87,54.33
S01,Cool morning shakedown,2,21.6,447.55,Back Straight,Sector 2,92.06,98.6,0.0,9312.0,-1.9,385.63,55.11
S01,Cool morning shakedown,2,22.1,460.61,Back Straight,Sector 2,94.9,0.0,16.7,9544.0,-5.1,397.18,55.45
S01,Cool morning shakedown,2,22.6,473.7,Back Straight,Sector 2,94.36,0.0,15.8,9500.0,0.1,397.01,55.51
S01,Cool morning shakedown,2,23.1,486.74,Back Straight,Sector 2,93.52,96.2,0.0,9431.0,0.5,385.96,55.82
S01,Cool morning shakedown,2,23.6,499.8,Back Straight,Sector 2,94.41,0.0,11.7,9504.0,-0.9,398.15,55.88
S01,Cool morning shakedown,2,24.1,512.09,Back Straight,Sector 2,79.62,0.0,98.1,8297.0,0.1,398.58,55.7
S01,Cool morning shakedown,2,24.6,521.51,Back Straight,Sector 2,62.08,0.3,33.4,6866.0,4.0,396.53,55.27
S01,Cool morning shakedown,2,25.1,529.53,Back Straight,Sector 2,55.69,0.0,18.1,6344.0,0.6,398.04,54.85
S01,Cool morning shakedown,2,25.6,537.0,Back Straight,Sector 2,54.32,2.3,16.7,6232.0,-1.3,397.87,54.6
S01,Cool morning shakedown,2,26.1,544.38,Back Straight,Sector 2,53.3,0.0,14.3,6149.0,2.4,397.17,54.34
S01,Cool morning shakedown,2,26.6,551.76,Back Straight,Sector 2,52.21,100.0,0.0,6060.0,-1.1,389.22,54.26
S01,Cool morning shakedown,2,27.1,559.18,Back Straight,Sector 2,54.14,0.0,17.2,6218.0,0.6,397.37,54.0
S01,Cool morning shakedown,2,27.6,566.5,Technical Esses,Sector 2,52.7,33.1,0.0,6100.0,8.8,394.19,53.76
S01,Cool morning shakedown,2,28.1,573.82,Technical Esses,Sector 2,52.66,29.0,0.0,6097.0,26.1,394.93,53.5
S01,Cool morning shakedown,2,28.6,581.14,Technical Esses,Sector 2,52.33,35.6,0.0,6070.0,41.8,393.69,53.24
S01,Cool morning shakedown,2,29.1,588.43,Technical Esses,Sector 2,52.23,31.3,0.0,6062.0,47.9,395.07,52.98
S01,Cool morning shakedown,2,29.6,595.76,Technical Esses,Sector 2,52.3,36.2,0.0,6067.0,63.0,394.55,52.77
S01,Cool morning shakedown,2,30.1,603.07,Technical Esses,Sector 2,52.35,27.8,0.0,6072.0,74.7,394.64,52.53
S01,Cool morning shakedown,2,30.6,610.39,Technical Esses,Sector 2,52.12,34.6,0.0,6053.0,82.8,395.02,52.31
S01,Cool morning shakedown,2,31.1,617.71,Technical Esses,Sector 2,51.99,29.5,0.0,6042.0,81.0,394.89,52.07
S01,Cool morning shakedown,2,31.6,625.01,Technical Esses,Sector 2,52.88,2.3,18.4,6115.0,93.7,396.46,51.82
S01,Cool morning shakedown,2,32.1,632.31,Technical Esses,Sector 2,52.72,35.8,0.0,6102.0,93.0,394.35,51.64
S01,Cool morning shakedown,2,32.6,639.63,Technical Esses,Sector 2,52.69,28.3,0.0,6100.0,84.9,394.05,51.4
S01,Cool morning shakedown,2,33.1,646.96,Technical Esses,Sector 2,52.83,0.5,17.4,6111.0,83.2,397.47,51.12
S01,Cool morning shakedown,2,33.6,654.24,Technical Esses,Sector 2,52.61,34.9,0.0,6093.0,80.4,394.01,50.95
S01,Cool morning shakedown,2,34.1,661.59,Technical Esses,Sector 2,52.71,33.8,0.0,6101.0,67.2,394.61,50.74
S01,Cool morning shakedown,2,34.6,668.94,Technical Esses,Sector 2,53.08,5.7,11.8,6131.0,58.8,397.22,50.48
S01,Cool morning shakedown,2,35.1,676.25,Technical Esses,Sector 2,52.98,0.5,16.6,6123.0,47.9,397.62,50.26
S01,Cool morning shakedown,2,35.6,683.55,Technical Esses,Sector 2,52.77,34.7,0.0,6106.0,29.5,393.99,50.1
S01,Cool morning shakedown,2,36.1,690.88,Technical Esses,Sector 2,53.13,0.0,15.2,6136.0,13.9,398.02,49.84
S01,Cool morning shakedown,2,36.6,698.18,Technical Esses,Sector 2,52.98,0.0,14.8,6123.0,3.7,397.91,49.62
S01,Cool morning shakedown,2,37.1,705.79,Long Straight,Sector 3,58.04,97.8,0.0,6536.0,0.1,388.48,49.96
S01,Cool morning shakedown,2,37.6,714.55,Long Straight,Sector 3,66.3,99.7,0.0,7210.0,1.4,387.44,50.51
S01,Cool morning shakedown,2,38.1,724.37,Long Straight,Sector 3,73.57,100.0,0.0,7803.0,-0.2,386.57,51.12
S01,Cool morning shakedown,2,38.6,735.14,Long Straight,Sector 3,80.0,98.2,0.0,8328.0,2.8,386.64,51.8
S01,Cool morning shakedown,2,39.1,746.73,Long Straight,Sector 3,85.64,100.0,0.0,8788.0,2.2,385.67,52.54
S01,Cool morning shakedown,2,39.6,759.04,Long Straight,Sector 3,90.52,100.0,0.0,9186.0,-0.3,385.35,53.32
S01,Cool morning shakedown,2,40.1,771.98,Long Straight,Sector 3,94.79,98.4,0.0,9535.0,1.0,386.78,54.14
S01,Cool morning shakedown,2,40.6,785.45,Long Straight,Sector 3,98.42,97.7,0.0,9831.0,0.4,386.01,54.98
S01,Cool morning shakedown,2,41.1,799.39,Long Straight,Sector 3,101.61,100.0,0.0,10091.0,-1.4,385.96,55.87
S01,Cool morning shakedown,2,41.6,813.74,Long Straight,Sector 3,104.37,100.0,0.0,10316.0,-2.5,384.96,56.79
S01,Cool morning shakedown,2,42.1,828.43,Long Straight,Sector 3,106.7,100.0,0.0,10506.0,-0.2,384.95,57.71
S01,Cool morning shakedown,2,42.6,843.42,Long Straight,Sector 3,108.7,96.8,0.0,10670.0,0.8,385.83,58.64
S01,Cool morning shakedown,2,43.1,858.66,Long Straight,Sector 3,110.39,97.1,0.0,10808.0,-2.1,384.61,59.58
S01,Cool morning shakedown,2,43.6,873.67,Long Straight,Sector 3,101.19,0.7,97.8,10057.0,0.8,398.14,59.67
S01,Cool morning shakedown,2,44.1,885.65,Long Straight,Sector 3,76.28,2.7,100.0,8025.0,-1.3,398.67,59.21
S01,Cool morning shakedown,2,44.6,894.16,Long Straight,Sector 3,51.38,0.0,78.5,5992.0,0.0,396.85,58.74
S01,Cool morning shakedown,2,45.1,900.12,Long Straight,Sector 3,39.5,2.1,15.8,5023.0,-1.8,396.78,58.29
S01,Cool morning shakedown,2,45.6,905.36,Long Straight,Sector 3,38.47,0.5,19.0,4939.0,-0.1,397.54,57.96
S01,Cool morning shakedown,2,46.1,910.58,Long Straight,Sector 3,37.09,0.0,15.7,4826.0,-1.6,397.55,57.62
S01,Cool morning shakedown,2,46.6,915.73,Long Straight,Sector 3,36.17,100.0,0.0,4751.0,-0.5,388.88,57.42
S01,Cool morning shakedown,2,47.1,921.0,Hairpin,Sector 3,38.23,3.7,13.5,4920.0,-11.0,397.0,57.11
S01,Cool morning shakedown,2,47.6,926.13,Hairpin,Sector 3,37.38,2.4,11.9,4850.0,-24.8,397.59,56.74
S01,Cool morning shakedown,2,48.1,931.21,Hairpin,Sector 3,36.42,34.2,0.0,4771.0,-45.4,394.97,56.42
S01,Cool morning shakedown,2,48.6,936.32,Hairpin,Sector 3,36.62,33.3,0.0,4788.0,-68.1,394.58,56.1
S01,Cool morning shakedown,2,49.1,941.43,Hairpin,Sector 3,36.76,3.0,12.0,4800.0,-81.3,396.65,55.74
S01,Cool morning shakedown,2,49.6,946.51,Hairpin,Sector 3,36.8,2.0,15.5,4803.0,-94.8,397.21,55.41
S01,Cool morning shakedown,2,50.1,951.58,Hairpin,Sector 3,36.67,27.3,0.0,4792.0,-108.4,395.93,55.12
S01,Cool morning shakedown,2,50.6,956.65,Hairpin,Sector 3,36.45,28.9,0.0,4775.0,-115.7,395.31,54.8
S01,Cool morning shakedown,2,51.1,961.73,Hairpin,Sector 3,36.51,32.7,0.0,4779.0,-118.5,394.5,54.5
S01,Cool morning shakedown,2,51.6,966.83,Hairpin,Sector 3,36.77,2.2,14.5,4800.0,-122.0,397.6,54.16
S01,Cool morning shakedown,2,52.1,971.9,Hairpin,Sector 3,36.82,0.0,15.0,4804.0,-114.6,396.57,53.85
S01,Cool morning shakedown,2,52.6,976.99,Hairpin,Sector 3,36.9,0.0,17.5,4811.0,-109.4,398.02,53.55
S01,Cool morning shakedown,2,53.1,982.08,Hairpin,Sector 3,37.07,3.1,14.5,4825.0,-101.4,396.43,53.26
S01,Cool morning shakedown,2,53.6,987.16,Hairpin,Sector 3,37.14,2.1,15.5,4831.0,-84.6,397.19,52.97
S01,Cool morning shakedown,2,54.1,992.25,Hairpin,Sector 3,37.12,0.0,13.8,4829.0,-70.3,397.92,52.68
S01,Cool morning shakedown,2,54.6,997.34,Hairpin,Sector 3,37.33,0.1,14.0,4846.0,-53.8,397.7,52.39
S01,Cool morning shakedown,2,55.1,1002.42,Hairpin,Sector 3,35.92,28.7,0.0,4731.0,-27.9,396.08,52.1
S01,Cool morning shakedown,2,55.6,1007.52,Hairpin,Sector 3,37.25,0.0,17.0,4839.0,-7.7,397.63,51.82
S01,Cool morning shakedown,2,56.1,1012.71,Final Corner,Sector 3,39.61,75.3,0.0,5032.0,4.5,392.11,51.78
S01,Cool morning shakedown,2,56.6,1018.88,Final Corner,Sector 3,47.43,85.5,0.0,5670.0,16.9,390.28,51.97
S01,Cool morning shakedown,2,57.1,1026.1,Final Corner,Sector 3,54.79,78.9,0.0,6271.0,29.4,388.95,52.2
S01,Cool morning shakedown,2,57.6,1034.27,Final Corner,Sector 3,61.42,76.3,0.0,6812.0,42.5,389.12,52.48
S01,Cool morning shakedown,2,58.1,1043.32,Final Corner,Sector 3,67.51,36.0,0.0,7309.0,53.0,394.14,52.74
S01,Cool morning shakedown,2,58.6,1052.87,Final Corner,Sector 3,69.63,42.4,0.0,7481.0,55.4,393.37,52.7
S01,Cool morning shakedown,2,59.1,1062.52,Final Corner,Sector 3,69.42,35.3,0.0,7465.0,53.3,392.89,52.53
S01,Cool morning shakedown,2,59.6,1072.19,Final Corner,Sector 3,69.37,39.4,0.0,7461.0,39.8,392.96,52.35
S01,Cool morning shakedown,2,60.1,1081.84,Final Corner,Sector 3,69.15,40.0,0.0,7443.0,33.8,392.97,52.18
S01,Cool morning shakedown,2,60.6,1091.51,Final Corner,Sector 3,69.25,34.8,0.0,7451.0,13.5,393.72,51.99
S01,Cool morning shakedown,3,0.0,0.0,Main Straight,Sector 1,69.93,100.0,0.0,7506.0,1.1,386.95,52.0
S01,Cool morning shakedown,3,0.5,10.3,Main Straight,Sector 1,76.79,100.0,0.0,8066.0,0.0,386.65,52.63
S01,Cool morning shakedown,3,1.0,21.48,Main Straight,Sector 1,82.89,97.8,0.0,8564.0,0.6,385.09,53.34
S01,Cool morning shakedown,3,1.5,33.44,Main Straight,Sector 1,88.19,96.7,0.0,8996.0,2.6,385.94,54.09
S01,Cool morning shakedown,3,2.0,46.08,Main Straight,Sector 1,92.78,99.5,0.0,9371.0,-0.6,386.11,54.89
S01,Cool morning shakedown,3,2.5,59.3,Main Straight,Sector 1,96.73,100.0,0.0,9693.0,0.0,385.69,55.72
S01,Cool morning shakedown,3,3.0,73.03,Main Straight,Sector 1,100.15,100.0,0.0,9972.0,-1.5,385.09,56.58
S01,Cool morning shakedown,3,3.5,87.19,Main Straight,Sector 1,103.09,99.6,0.0,10212.0,-2.2,384.85,57.46
S01,Cool morning shakedown,3,4.0,101.72,Main Straight,Sector 1,105.6,93.6,0.0,10417.0,1.0,385.62,58.34
S01,Cool morning shakedown,3,4.5,116.57,Main Straight,Sector 1,107.73,95.8,0.0,10590.0,2.2,384.28,59.25
S01,Cool morning shakedown,3,5.0,131.68,Main Straight,Sector 1,109.56,92.2,0.0,10740.0,1.6,384.99,60.16
S01,Cool morning shakedown,3,5.5,147.0,Main Straight,Sector 1,109.93,95.7,0.0,10771.0,1.2,383.6,60.8
S01,Cool morning shakedown,3,6.0,162.34,Main Straight,Sector 1,110.5,98.4,0.0,10817.0,0.6,384.4,61.45
S01,Cool morning shakedown,3,6.5,176.38,Main Straight,Sector 1,92.0,8.9,72.0,9307.0,-0.2,395.44,60.98
S01,Cool morning shakedown,3,7.0,187.92,Main Straight,Sector 1,78.42,0.8,36.3,8199.0,0.7,396.68,60.49
S01,Cool morning shakedown,3,7.5,198.23,Main Straight,Sector 1,72.3,0.0,17.8,7700.0,2.8,396.53,60.02
S01,Cool morning shakedown,3,8.0,207.91,Main Straight,Sector 1,68.03,1.9,16.4,7351.0,1.9,395.68,59.54
S01,Cool morning shakedown,3,8.5,217.35,Main Straight,Sector 1,68.75,0.0,15.1,7410.0,0.7,397.37,59.45
S01,Cool morning shakedown,3,9.0,226.69,Turn 1 Braking Zone,Sector 1,67.42,0.0,27.4,7301.0,0.5,398.44,59.14
S01,Cool morning shakedown,3,9.5,235.59,Turn 1 Braking Zone,Sector 1,62.49,0.1,11.5,6899.0,0.4,396.94,58.68
S01,Cool morning shakedown,3,10.0,244.04,Turn 1 Braking Zone,Sector 1,59.57,77.5,0.0,6661.0,-0.2,389.49,58.35
S01,Cool morning shakedown,3,10.5,252.37,Turn 1 Braking Zone,Sector 1,59.48,76.8,0.0,6654.0,0.7,390.29,58.16
S01,Cool morning shakedown,3,11.0,260.72,Turn 1 Braking Zone,Sector 1,59.85,1.8,9.7,6684.0,2.2,396.15,57.84
S01,Cool morning shakedown,3,11.5,269.04,Turn 1 Braking Zone,Sector 1,60.49,0.0,12.2,6736.0,2.4,397.8,57.68
S01,Cool morning shakedown,3,12.0,277.31,Turn 1 Braking Zone,Sector 1,58.72,75.9,0.0,6591.0,3.3,390.12,57.5
S01,Cool morning shakedown,3,12.5,285.57,Turn 1 Medium Left,Sector 1,59.54,32.4,0.0,6658.0,-7.0,393.75,57.23
S01,Cool morning shakedown,3,13.0,293.86,Turn 1 Medium Left,Sector 1,59.51,36.2,0.0,6656.0,-29.2,393.62,56.97
S01,Cool morning shakedown,3,13.5,302.13,Turn 1 Medium Left,Sector 1,59.59,40.4,0.0,6662.0,-41.7,392.19,56.73
S01,Cool morning shakedown,3,14.0,310.41,Turn 1 Medium Left,Sector 1,59.57,37.0,0.0,6661.0,-57.0,393.8,56.48
S01,Cool morning shakedown,3,14.5,318.69,Turn 1 Medium Left,Sector 1,59.63,38.6,0.0,6665.0,-58.8,393.91,56.21
S01,Cool morning shakedown,3,15.0,326.98,Turn 1 Medium Left,Sector 1,59.62,31.0,0.0,6665.0,-71.0,394.03,55.97
S01,Cool morning shakedown,3,15.5,335.26,Turn 1 Medium Left,Sector 1,59.25,34.5,0.0,6635.0,-69.3,393.88,55.71
S01,Cool morning shakedown,3,16.0,343.54,Turn 1 Medium Left,Sector 1,59.57,38.2,0.0,6661.0,-71.8,393.21,55.48
S01,Cool morning shakedown,3,16.5,351.84,Turn 1 Medium Left,Sector 1,59.7,0.0,16.2,6672.0,-60.1,397.14,55.18
S01,Cool morning shakedown,3,17.0,360.1,Turn 1 Medium Left,Sector 1,59.75,0.0,14.4,6675.0,-54.6,396.92,54.95
S01,Cool morning shakedown,3,17.5,368.36,Turn 1 Medium Left,Sector 1,59.71,0.1,17.8,6672.0,-43.5,396.5,54.71
S01,Cool morning shakedown,3,18.0,376.6,Turn 1 Medium Left,Sector 1,59.53,30.6,0.0,6658.0,-26.4,394.43,54.54
S01,Cool morning shakedown,3,18.5,384.88,Turn 1 Medium Left,Sector 1,59.43,35.7,0.0,6649.0,-9.6,394.2,54.31
S01,Cool morning shakedown,3,19.0,393.17,Back Straight,Sector 2,60.64,98.6,0.0,6749.0,3.3,387.69,54.32
S01,Cool morning shakedown,3,19.5,402.26,Back Straight,Sector 2,68.58,99.8,0.0,7396.0,-0.2,386.84,54.84
S01,Cool morning shakedown,3,20.0,412.38,Back Straight,Sector 2,75.64,97.6,0.0,7972.0,3.1,386.16,55.43
S01,Cool morning shakedown,3,20.5,423.41,Back Straight,Sector 2,81.78,100.0,0.0,8474.0,-1.6,386.21,56.08
S01,Cool morning shakedown,3,21.0,435.23,Back Straight,Sector 2,87.2,98.6,0.0,8915.0,-0.6,385.66,56.79
S01,Cool morning shakedown,3,21.5,447.74,Back Straight,Sector 2,91.92,99.0,0.0,9301.0,-0.8,385.41,57.55
S01,Cool morning shakedown,3,22.0,460.86,Back Straight,Sector 2,96.01,2.9,14.7,9635.0,0.4,397.4,58.1
S01,Cool morning shakedown,3,22.5,474.14,Back Straight,Sector 2,95.57,2.2,13.6,9599.0,2.1,396.58,58.15
S01,Cool morning shakedown,3,23.0,487.37,Back Straight,Sector 2,95.12,100.0,0.0,9561.0,-1.4,384.64,58.45
S01,Cool morning shakedown,3,23.5,500.65,Back Straight,Sector 2,95.94,0.0,17.1,9628.0,-1.5,396.27,58.49
S01,Cool morning shakedown,3,24.0,513.12,Back Straight,Sector 2,80.94,0.0,99.2,8405.0,0.6,396.3,58.29
S01,Cool morning shakedown,3,24.5,522.72,Back Straight,Sector 2,63.44,0.3,36.6,6977.0,-1.0,396.59,57.83
S01,Cool morning shakedown,3,25.0,530.92,Back Straight,Sector 2,57.02,0.2,13.9,6453.0,0.2,396.69,57.38
S01,Cool morning shakedown,3,25.5,538.55,Back Straight,Sector 2,53.27,100.0,0.0,6147.0,-0.9,387.56,57.11
S01,Cool morning shakedown,3,26.0,546.1,Back Straight,Sector 2,55.05,0.0,14.9,6292.0,-2.1,396.91,56.82
S01,Cool morning shakedown,3,26.5,553.65,Back Straight,Sector 2,54.03,1.6,14.6,6209.0,-3.4,397.29,56.56
S01,Cool morning shakedown,3,27.0,561.13,Technical Esses,Sector 2,52.89,34.1,0.0,6116.0,4.3,393.99,56.34
S01,Cool morning shakedown,3,27.5,568.55,Technical Esses,Sector 2,52.88,33.6,0.0,6115.0,13.9,393.83,56.06
S01,Cool morning shakedown,3,28.0,575.99,Technical Esses,Sector 2,54.1,0.0,15.9,6215.0,29.9,397.63,55.78
S01,Cool morning shakedown,3,28.5,583.42,Technical Esses,Sector 2,53.99,0.0,16.3,6206.0,43.3,396.6,55.51
S01,Cool morning shakedown,3,29.0,590.84,Technical Esses,Sector 2,54.03,0.0,16.4,6209.0,60.2,396.18,55.24
S01,Cool morning shakedown,3,29.5,598.26,Technical Esses,Sector 2,53.9,0.0,12.1,6199.0,66.8,397.02,54.97
S01,Cool morning shakedown,3,30.0,605.68,Technical Esses,Sector 2,53.83,2.7,13.2,6193.0,76.2,397.15,54.7
S01,Cool morning shakedown,3,30.5,613.09,Technical Esses,Sector 2,53.71,0.0,15.9,6182.0,85.6,396.41,54.44
S01,Cool morning shakedown,3,31.0,620.5,Technical Esses,Sector 2,53.55,30.7,0.0,6170.0,92.7,392.77,54.24
S01,Cool morning shakedown,3,31.5,627.94,Technical Esses,Sector 2,53.28,36.1,0.0,6148.0,88.2,392.4,53.99
S01,Cool morning shakedown,3,32.0,635.38,Technical Esses,Sector 2,53.5,30.4,0.0,6166.0,91.6,393.11,53.74
S01,Cool morning shakedown,3,32.5,642.83,Technical Esses,Sector 2,53.7,0.0,14.4,6182.0,85.7,396.81,53.44
S01,Cool morning shakedown,3,33.0,650.25,Technical Esses,Sector 2,53.64,0.0,20.4,6177.0,80.5,397.34,53.21
S01,Cool morning shakedown,3,33.5,657.64,Technical Esses,Sector 2,53.09,32.8,0.0,6132.0,70.6,393.93,53.01
S01,Cool morning shakedown,3,34.0,665.08,Technical Esses,Sector 2,53.04,28.0,0.0,6128.0,66.4,394.68,52.75
S01,Cool morning shakedown,3,34.5,672.51,Technical Esses,Sector 2,53.07,36.5,0.0,6130.0,49.0,393.92,52.52
S01,Cool morning shakedown,3,35.0,679.93,Technical Esses,Sector 2,53.13,37.6,0.0,6135.0,38.4,394.67,52.28
S01,Cool morning shakedown,3,35.5,687.36,Technical Esses,Sector 2,53.17,31.8,0.0,6139.0,27.3,394.54,52.05
S01,Cool morning shakedown,3,36.0,694.77,Technical Esses,Sector 2,53.04,29.0,0.0,6128.0,7.4,394.12,51.81
S01,Cool morning shakedown,3,36.5,702.28,Long Straight,Sector 3,55.72,95.2,0.0,6346.0,-3.0,387.29,51.85
S01,Cool morning shakedown,3,37.0,710.71,Long Straight,Sector 3,64.04,99.6,0.0,7026.0,-2.1,386.24,52.34
S01,Cool morning shakedown,3,37.5,720.25,Long Straight,Sector 3,71.58,100.0,0.0,7641.0,3.5,386.03,52.92
S01,Cool morning shakedown,3,38.0,730.76,Long Straight,Sector 3,78.27,100.0,0.0,8187.0,-3.9,385.96,53.56
S01,Cool morning shakedown,3,38.5,742.13,Long Straight,Sector 3,84.15,97.8,0.0,8666.0,-3.0,385.66,54.26
S01,Cool morning shakedown,3,39.0,754.25,Long Straight,Sector 3,89.28,99.2,0.0,9085.0,-1.9,386.15,55.02
S01,Cool morning shakedown,3,39.5,767.03,Long Straight,Sector 3,93.69,99.1,0.0,9445.0,2.0,385.26,55.81
S01,Cool morning shakedown,3,40.0,780.36,Long Straight,Sector 3,97.51,100.0,0.0,9757.0,-1.1,384.04,56.63
S01,Cool morning shakedown,3,40.5,794.19,Long Straight,Sector 3,100.86,100.0,0.0,10030.0,2.9,384.36,57.51
S01,Cool morning shakedown,3,41.0,808.44,Long Straight,Sector 3,103.72,100.0,0.0,10263.0,-1.7,384.12,58.39
S01,Cool morning shakedown,3,41.5,823.06,Long Straight,Sector 3,106.16,97.4,0.0,10462.0,4.2,383.75,59.29
S01,Cool morning shakedown,3,42.0,837.98,Long Straight,Sector 3,108.23,100.0,0.0,10632.0,-2.3,383.15,60.21
S01,Cool morning shakedown,3,42.5,853.16,Long Straight,Sector 3,110.01,100.0,0.0,10777.0,0.7,383.89,61.14
S01,Cool morning shakedown,3,43.0,868.42,Long Straight,Sector 3,106.19,3.7,100.0,10465.0,0.4,395.93,61.5
S01,Cool morning shakedown,3,43.5,881.09,Long Straight,Sector 3,81.22,0.0,100.0,8427.0,1.2,396.07,61.01
S01,Cool morning shakedown,3,44.0,890.29,Long Straight,Sector 3,56.47,0.0,100.0,6408.0,-0.2,397.42,60.53
S01,Cool morning shakedown,3,44.5,896.58,Long Straight,Sector 3,40.66,0.0,28.8,5118.0,0.8,396.6,60.04
S01,Cool morning shakedown,3,45.0,901.79,Long Straight,Sector 3,35.78,98.0,0.0,4719.0,-1.9,387.97,59.69
S01,Cool morning shakedown,3,45.5,907.0,Long Straight,Sector 3,37.69,3.1,16.5,4875.0,-2.3,397.46,59.35
S01,Cool morning shakedown,3,46.0,912.12,Long Straight,Sector 3,36.36,98.0,0.0,4767.0,2.5,389.07,59.12
S01,Cool morning shakedown,3,46.5,917.31,Long Straight,Sector 3,38.09,0.0,14.0,4908.0,-0.9,397.06,58.78
S01,Cool morning shakedown,3,47.0,922.38,Hairpin,Sector 3,35.78,26.4,0.0,4719.0,-8.7,395.65,58.38
S01,Cool morning shakedown,3,47.5,927.42,Hairpin,Sector 3,35.86,27.0,0.0,4726.0,-32.4,395.49,58.03
S01,Cool morning shakedown,3,48.0,932.49,Hairpin,Sector 3,36.9,1.8,12.5,4811.0,-50.2,397.42,57.69
S01,Cool morning shakedown,3,48.5,937.53,Hairpin,Sector 3,35.71,26.8,0.0,4714.0,-68.7,395.18,57.35
S01,Cool morning shakedown,3,49.0,942.56,Hairpin,Sector 3,35.59,27.5,0.0,4704.0,-86.2,395.69,57.01
S01,Cool morning shakedown,3,49.5,947.59,Hairpin,Sector 3,36.78,0.0,10.4,4801.0,-99.1,397.58,56.68
S01,Cool morning shakedown,3,50.0,952.62,Hairpin,Sector 3,35.87,27.8,0.0,4727.0,-111.2,395.87,56.35
S01,Cool morning shakedown,3,50.5,957.67,Hairpin,Sector 3,35.76,31.3,0.0,4718.0,-114.7,394.28,56.02
S01,Cool morning shakedown,3,51.0,962.72,Hairpin,Sector 3,35.75,33.9,0.0,4717.0,-119.5,395.1,55.71
S01,Cool morning shakedown,3,51.5,967.78,Hairpin,Sector 3,36.02,22.9,0.0,4739.0,-118.7,395.03,55.39
S01,Cool morning shakedown,3,52.0,972.85,Hairpin,Sector 3,36.0,31.0,0.0,4738.0,-114.6,394.53,55.08
S01,Cool morning shakedown,3,52.5,977.86,Hairpin,Sector 3,36.0,26.8,0.0,4738.0,-110.0,394.72,54.77
S01,Cool morning shakedown,3,53.0,982.88,Hairpin,Sector 3,35.78,31.2,0.0,4719.0,-96.9,393.69,54.47
S01,Cool morning shakedown,3,53.5,987.92,Hairpin,Sector 3,35.66,31.3,0.0,4710.0,-85.0,394.04,54.17
S01,Cool morning shakedown,3,54.0,992.96,Hairpin,Sector 3,35.8,30.0,0.0,4721.0,-66.2,394.93,53.87
S01,Cool morning shakedown,3,54.5,998.0,Hairpin,Sector 3,35.9,31.6,0.0,4729.0,-47.5,395.61,53.56
S01,Cool morning shakedown,3,55.0,1003.02,Hairpin,Sector 3,35.86,26.0,0.0,4726.0,-27.2,395.84,53.25
S01,Cool morning shakedown,3,55.5,1008.08,Hairpin,Sector 3,36.99,1.0,17.3,4818.0,-10.3,398.39,52.96
S01,Cool morning shakedown,3,56.0,1013.43,Final Corner,Sector 3,41.54,81.3,0.0,5190.0,6.0,389.89,53.01
S01,Cool morning shakedown,3,56.5,1019.87,Final Corner,Sector 3,49.41,81.2,0.0,5831.0,15.4,388.58,53.2
S01,Cool morning shakedown,3,57.0,1027.34,Final Corner,Sector 3,56.56,85.1,0.0,6415.0,32.7,388.59,53.45
S01,Cool morning shakedown,3,57.5,1035.77,Final Corner,Sector 3,63.35,79.4,0.0,6970.0,44.0,388.39,53.76
S01,Cool morning shakedown,3,58.0,1045.02,Final Corner,Sector 3,67.99,39.5,0.0,7348.0,49.9,393.48,53.87
S01,Cool morning shakedown,3,58.5,1054.59,Final Corner,Sector 3,69.14,0.0,15.0,7442.0,51.6,396.13,53.69
S01,Cool morning shakedown,3,59.0,1064.14,Final Corner,Sector 3,68.87,41.5,0.0,7420.0,50.6,392.29,53.56
S01,Cool morning shakedown,3,59.5,1073.72,Final Corner,Sector 3,68.63,39.5,0.0,7401.0,42.8,392.52,53.38
S01,Cool morning shakedown,3,60.0,1083.27,Final Corner,Sector 3,68.38,32.4,0.0,7380.0,29.6,394.57,53.19
S01,Cool morning shakedown,3,60.5,1092.83,Final Corner,Sector 3,69.24,5.7,13.3,7450.0,15.5,396.4,53.02
S01,Cool morning shakedown,4,0.1,1.95,Main Straight,Sector 1,70.15,97.6,0.0,7524.0,-0.4,387.2,53.15
S01,Cool morning shakedown,4,0.6,12.27,Main Straight,Sector 1,77.04,97.0,0.0,8087.0,-1.7,385.76,53.78
S01,Cool morning shakedown,4,1.1,23.47,Main Straight,Sector 1,82.97,95.3,0.0,8571.0,-0.6,385.93,54.45
S01,Cool morning shakedown,4,1.6,35.43,Main Straight,Sector 1,88.16,100.0,0.0,8994.0,-0.4,384.44,55.18
S01,Cool morning shakedown,4,2.1,48.07,Main Straight,Sector 1,92.75,99.6,0.0,9369.0,-0.5,384.49,55.96
S01,Cool morning shakedown,4,2.6,61.29,Main Straight,Sector 1,96.73,100.0,0.0,9694.0,5.4,383.77,56.79
S01,Cool morning shakedown,4,3.1,75.02,Main Straight,Sector 1,100.15,100.0,0.0,9972.0,0.6,384.31,57.63
S01,Cool morning shakedown,4,3.6,89.18,Main Straight,Sector 1,103.1,100.0,0.0,10213.0,-1.3,384.13,58.51
S01,Cool morning shakedown,4,4.1,103.71,Main Straight,Sector 1,105.62,100.0,0.0,10419.0,-1.9,384.02,59.4
S01,Cool morning shakedown,4,4.6,118.57,Main Straight,Sector 1,107.8,98.5,0.0,10597.0,1.8,383.09,60.32
S01,Cool morning shakedown,4,5.1,133.69,Main Straight,Sector 1,109.63,100.0,0.0,10746.0,-4.2,381.65,61.24
S01,Cool morning shakedown,4,5.6,148.99,Main Straight,Sector 1,110.13,100.0,0.0,10787.0,-1.7,383.42,61.88
S01,Cool morning shakedown,4,6.1,164.34,Main Straight,Sector 1,110.69,0.0,10.1,10832.0,-1.9,395.42,62.23
S01,Cool morning shakedown,4,6.6,178.29,Main Straight,Sector 1,91.41,0.0,67.1,9259.0,2.7,395.71,61.74
S01,Cool morning shakedown,4,7.1,189.8,Main Straight,Sector 1,78.41,0.3,37.0,8199.0,-1.8,396.91,61.24
S01,Cool morning shakedown,4,7.6,200.09,Main Straight,Sector 1,71.88,1.4,13.1,7666.0,0.3,396.24,60.75
S01,Cool morning shakedown,4,8.1,209.76,Main Straight,Sector 1,68.12,0.0,15.0,7358.0,3.2,396.38,60.27
S01,Cool morning shakedown,4,8.6,219.09,Main Straight,Sector 1,66.59,100.0,0.0,7234.0,-1.7,387.07,60.17
S01,Cool morning shakedown,4,9.1,228.41,Turn 1 Braking Zone,Sector 1,65.84,0.0,20.1,7173.0,-1.5,395.36,59.77
S01,Cool morning shakedown,4,9.6,237.19,Turn 1 Braking Zone,Sector 1,61.81,0.0,14.1,6844.0,2.5,396.69,59.3
S01,Cool morning shakedown,4,10.1,245.55,Turn 1 Braking Zone,Sector 1,60.38,0.0,13.7,6727.0,-0.2,396.22,58.96
S01,Cool morning shakedown,4,10.6,253.87,Turn 1 Braking Zone,Sector 1,60.74,0.9,11.1,6756.0,-1.9,396.45,58.78
S01,Cool morning shakedown,4,11.1,262.19,Turn 1 Braking Zone,Sector 1,59.15,80.7,0.0,6626.0,0.4,389.11,58.6
S01,Cool morning shakedown,4,11.6,270.5,Turn 1 Braking Zone,Sector 1,59.65,3.4,18.5,6667.0,3.5,396.1,58.28
S01,Cool morning shakedown,4,12.1,278.77,Turn 1 Braking Zone,Sector 1,59.52,74.4,0.0,6657.0,2.8,390.71,58.21
S01,Cool morning shakedown,4,12.6,287.07,Turn 1 Medium Left,Sector 1,59.1,37.4,0.0,6622.0,-14.0,392.09,57.88
S01,Cool morning shakedown,4,13.1,295.3,Turn 1 Medium Left,Sector 1,58.84,33.1,0.0,6601.0,-26.2,393.68,57.6
S01,Cool morning shakedown,4,13.6,303.55,Turn 1 Medium Left,Sector 1,59.77,2.4,14.9,6677.0,-44.6,396.48,57.34
S01,Cool morning shakedown,4,14.1,311.81,Turn 1 Medium Left,Sector 1,59.82,1.1,13.4,6681.0,-55.1,397.46,57.08
S01,Cool morning shakedown,4,14.6,320.07,Turn 1 Medium Left,Sector 1,60.01,2.0,14.2,6697.0,-61.3,396.38,56.82
S01,Cool morning shakedown,4,15.1,328.31,Turn 1 Medium Left,Sector 1,58.77,35.1,0.0,6596.0,-70.0,393.11,56.56
S01,Cool morning shakedown,4,15.6,336.57,Turn 1 Medium Left,Sector 1,59.94,0.5,15.8,6691.0,-72.7,395.78,56.31
S01,Cool morning shakedown,4,16.1,344.83,Turn 1 Medium Left,Sector 1,59.98,0.0,16.7,6694.0,-72.4,396.49,56.05
S01,Cool morning shakedown,4,16.6,353.09,Turn 1 Medium Left,Sector 1,60.08,0.0,14.7,6703.0,-64.4,395.76,55.82
S01,Cool morning shakedown,4,17.1,361.36,Turn 1 Medium Left,Sector 1,60.0,0.4,17.0,6696.0,-53.9,396.23,55.57
S01,Cool morning shakedown,4,17.6,369.63,Turn 1 Medium Left,Sector 1,60.09,0.0,18.7,6704.0,-43.0,397.56,55.33
S01,Cool morning shakedown,4,18.1,377.86,Turn 1 Medium Left,Sector 1,59.73,1.6,15.0,6674.0,-24.7,395.89,55.07
S01,Cool morning shakedown,4,18.6,386.12,Turn 1 Medium Left,Sector 1,59.65,0.0,13.1,6667.0,-6.3,395.39,54.83
S01,Cool morning shakedown,4,19.1,394.53,Back Straight,Sector 2,63.06,99.8,0.0,6946.0,1.6,387.49,55.05
S01,Cool morning shakedown,4,19.6,403.94,Back Straight,Sector 2,70.78,96.5,0.0,7575.0,1.6,386.79,55.59
S01,Cool morning shakedown,4,20.1,414.34,Back Straight,Sector 2,77.58,100.0,0.0,8130.0,-1.9,385.34,56.2
S01,Cool morning shakedown,4,20.6,425.62,Back Straight,Sector 2,83.48,99.4,0.0,8612.0,-2.0,384.76,56.86
S01,Cool morning shakedown,4,21.1,437.66,Back Straight,Sector 2,88.67,99.2,0.0,9036.0,0.1,386.16,57.58
S01,Cool morning shakedown,4,21.6,450.35,Back Straight,Sector 2,93.18,100.0,0.0,9403.0,4.0,384.3,58.33
S01,Cool morning shakedown,4,22.1,463.54,Back Straight,Sector 2,95.52,1.9,17.4,9595.0,0.2,396.01,58.63
S01,Cool morning shakedown,4,22.6,476.78,Back Straight,Sector 2,94.72,100.0,0.0,9529.0,-1.6,383.93,58.92
S01,Cool morning shakedown,4,23.1,490.0,Back Straight,Sector 2,95.48,100.0,0.0,9591.0,-0.2,383.37,59.21
S01,Cool morning shakedown,4,23.6,503.27,Back Straight,Sector 2,95.0,100.0,0.0,9552.0,2.0,384.0,59.24
S01,Cool morning shakedown,4,24.1,515.18,Back Straight,Sector 2,75.79,1.4,80.8,7985.0,1.6,396.34,58.78
S01,Cool morning shakedown,4,24.6,524.37,Back Straight,Sector 2,61.54,2.3,30.8,6822.0,1.1,396.3,58.34
S01,Cool morning shakedown,4,25.1,532.39,Back Straight,Sector 2,55.72,0.0,13.7,6347.0,-0.7,397.44,57.88
S01,Cool morning shakedown,4,25.6,539.91,Back Straight,Sector 2,54.79,0.0,12.0,6271.0,1.3,396.36,57.59
S01,Cool morning shakedown,4,26.1,547.41,Back Straight,Sector 2,54.07,3.9,16.5,6212.0,0.3,396.31,57.31
S01,Cool morning shakedown,4,26.6,554.94,Back Straight,Sector 2,55.26,2.8,16.0,6309.0,-1.7,396.99,57.19
S01,Cool morning shakedown,4,27.1,562.44,Technical Esses,Sector 2,54.12,0.0,13.9,6216.0,4.6,396.58,56.89
S01,Cool morning shakedown,4,27.6,569.86,Technical Esses,Sector 2,52.68,32.8,0.0,6099.0,21.3,393.34,56.6
S01,Cool morning shakedown,4,28.1,577.26,Technical Esses,Sector 2,53.72,1.6,11.9,6184.0,33.2,395.8,56.33
S01,Cool morning shakedown,4,28.6,584.7,Technical Esses,Sector 2,53.74,4.6,12.3,6185.0,46.0,395.94,56.05
S01,Cool morning shakedown,4,29.1,592.12,Technical Esses,Sector 2,54.01,0.0,13.1,6207.0,61.3,395.86,55.78
S01,Cool morning shakedown,4,29.6,599.53,Technical Esses,Sector 2,52.88,34.2,0.0,6115.0,72.4,394.14,55.52
S01,Cool morning shakedown,4,30.1,606.97,Technical Esses,Sector 2,53.08,37.1,0.0,6131.0,79.9,392.85,55.25
S01,Cool morning shakedown,4,30.6,614.39,Technical Esses,Sector 2,53.19,34.3,0.0,6140.0,84.4,392.84,55.0
S01,Cool morning shakedown,4,31.1,621.81,Technical Esses,Sector 2,53.08,33.9,0.0,6131.0,93.6,394.06,54.74
S01,Cool morning shakedown,4,31.6,629.25,Technical Esses,Sector 2,53.07,32.9,0.0,6130.0,92.2,392.84,54.47
S01,Cool morning shakedown,4,32.1,636.69,Technical Esses,Sector 2,53.14,35.2,0.0,6136.0,89.4,394.24,54.22
S01,Cool morning shakedown,4,32.6,644.12,Technical Esses,Sector 2,53.38,31.0,0.0,6155.0,87.4,393.22,53.98
S01,Cool morning shakedown,4,33.1,651.53,Technical Esses,Sector 2,52.98,33.8,0.0,6123.0,81.4,393.79,53.72
S01,Cool morning shakedown,4,33.6,658.98,Technical Esses,Sector 2,54.0,0.4,14.3,6207.0,72.8,396.08,53.46
S01,Cool morning shakedown,4,34.1,666.41,Technical Esses,Sector 2,53.89,0.5,15.5,6197.0,60.2,396.11,53.21
S01,Cool morning shakedown,4,34.6,673.83,Technical Esses,Sector 2,54.04,0.9,16.0,6210.0,51.7,396.66,52.97
S01,Cool morning shakedown,4,35.1,681.25,Technical Esses,Sector 2,53.82,0.0,20.5,6191.0,35.6,396.85,52.73
S01,Cool morning shakedown,4,35.6,688.64,Technical Esses,Sector 2,53.4,29.4,0.0,6157.0,20.0,392.86,52.53
S01,Cool morning shakedown,4,36.1,696.05,Technical Esses,Sector 2,53.24,29.6,0.0,6144.0,8.5,393.85,52.29
S01,Cool morning shakedown,4,36.6,703.61,Long Straight,Sector 3,56.91,100.0,0.0,6444.0,-3.4,387.52,52.44
S01,Cool morning shakedown,4,37.1,712.22,Long Straight,Sector 3,65.33,98.0,0.0,7131.0,1.1,385.91,52.95
S01,Cool morning shakedown,4,37.6,721.92,Long Straight,Sector 3,72.63,100.0,0.0,7726.0,-1.7,386.43,53.52
S01,Cool morning shakedown,4,38.1,732.56,Long Straight,Sector 3,79.22,98.6,0.0,8264.0,0.0,385.38,54.17
S01,Cool morning shakedown,4,38.6,744.05,Long Straight,Sector 3,84.95,96.7,0.0,8732.0,0.0,384.96,54.87
S01,Cool morning shakedown,4,39.1,756.27,Long Straight,Sector 3,89.96,99.3,0.0,9140.0,-2.3,384.5,55.62
S01,Cool morning shakedown,4,39.6,769.13,Long Straight,Sector 3,94.28,100.0,0.0,9493.0,2.2,384.76,56.41
S01,Cool morning shakedown,4,40.1,782.55,Long Straight,Sector 3,98.08,96.7,0.0,9803.0,-3.7,383.92,57.24
S01,Cool morning shakedown,4,40.6,796.45,Long Straight,Sector 3,101.3,100.0,0.0,10066.0,0.1,383.43,58.11
S01,Cool morning shakedown,4,41.1,810.76,Long Straight,Sector 3,104.11,98.2,0.0,10296.0,0.6,383.93,59.0
S01,Cool morning shakedown,4,41.6,825.42,Long Straight,Sector 3,106.49,100.0,0.0,10489.0,-1.1,383.83,59.9
S01,Cool morning shakedown,4,42.1,840.38,Long Straight,Sector 3,108.54,98.2,0.0,10657.0,2.1,383.25,60.81
S01,Cool morning shakedown,4,42.6,855.6,Long Straight,Sector 3,110.2,100.0,0.0,10792.0,0.6,382.96,61.7
S01,Cool morning shakedown,4,43.1,870.88,Long Straight,Sector 3,106.38,1.7,100.0,10480.0,0.0,396.27,62.06
S01,Cool morning shakedown,4,43.6,883.57,Long Straight,Sector 3,81.31,0.0,96.5,8435.0,0.2,396.97,61.56
S01,Cool morning shakedown,4,44.1,892.8,Long Straight,Sector 3,56.63,0.1,95.1,6421.0,2.5,395.88,61.07
S01,Cool morning shakedown,4,44.6,899.1,Long Straight,Sector 3,40.53,1.8,26.9,5107.0,-0.9,395.58,60.6
S01,Cool morning shakedown,4,45.1,904.29,Long Straight,Sector 3,35.8,100.0,0.0,4721.0,-1.2,387.9,60.24
S01,Cool morning shakedown,4,45.6,909.42,Long Straight,Sector 3,37.56,3.6,16.7,4865.0,-0.1,396.16,59.89
S01,Cool morning shakedown,4,46.1,914.47,Long Straight,Sector 3,36.63,0.4,16.6,4789.0,1.0,395.71,59.53
S01,Cool morning shakedown,4,46.6,919.55,Long Straight,Sector 3,35.61,99.4,0.0,4706.0,-2.4,388.0,59.31
S01,Cool morning shakedown,4,47.1,924.59,Hairpin,Sector 3,35.82,26.3,0.0,4723.0,-18.7,393.67,58.91
S01,Cool morning shakedown,4,47.6,929.57,Hairpin,Sector 3,35.94,0.0,14.6,4733.0,-41.8,396.17,58.51
S01,Cool morning shakedown,4,48.1,934.54,Hairpin,Sector 3,36.13,3.5,21.4,4749.0,-53.8,397.26,58.18
S01,Cool morning shakedown,4,48.6,939.49,Hairpin,Sector 3,36.11,0.5,14.9,4746.0,-75.4,395.88,57.83
S01,Cool morning shakedown,4,49.1,944.43,Hairpin,Sector 3,36.14,1.2,18.4,4749.0,-94.2,396.71,57.49
S01,Cool morning shakedown,4,49.6,949.39,Hairpin,Sector 3,35.87,32.7,0.0,4727.0,-108.3,394.08,57.19
S01,Cool morning shakedown,4,50.1,954.38,Hairpin,Sector 3,35.77,33.3,0.0,4719.0,-110.4,394.67,56.85
S01,Cool morning shakedown,4,50.6,959.39,Hairpin,Sector 3,36.22,0.0,14.5,4755.0,-119.5,396.41,56.49
S01,Cool morning shakedown,4,51.1,964.37,Hairpin,Sector 3,36.02,3.5,17.7,4739.0,-116.6,396.37,56.16
S01,Cool morning shakedown,4,51.6,969.33,Hairpin,Sector 3,35.96,0.0,14.3,4734.0,-118.0,396.47,55.83
S01,Cool morning shakedown,4,52.1,974.3,Hairpin,Sector 3,35.96,0.0,13.7,4734.0,-115.4,395.81,55.51
S01,Cool morning shakedown,4,52.6,979.27,Hairpin,Sector 3,36.2,0.0,14.9,4754.0,-106.9,396.66,55.19
S01,Cool morning shakedown,4,53.1,984.24,Hairpin,Sector 3,36.38,4.6,16.7,4768.0,-95.4,395.98,54.89
S01,Cool morning shakedown,4,53.6,989.21,Hairpin,Sector 3,36.19,0.0,16.5,4753.0,-82.4,396.19,54.56
S01,Cool morning shakedown,4,54.1,994.19,Hairpin,Sector 3,36.01,0.4,12.5,4739.0,-64.2,396.87,54.25
S01,Cool morning shakedown,4,54.6,999.16,Hairpin,Sector 3,36.05,0.2,11.8,4741.0,-44.5,395.64,53.94
S01,Cool morning shakedown,4,55.1,1004.1,Hairpin,Sector 3,35.08,29.9,0.0,4663.0,-28.8,393.62,53.65
S01,Cool morning shakedown,4,55.6,1009.09,Hairpin,Sector 3,36.4,0.0,18.0,4770.0,-0.7,396.39,53.35
S01,Cool morning shakedown,4,56.1,1014.48,Final Corner,Sector 3,42.11,75.2,0.0,5236.0,9.6,390.34,53.46
S01,Cool morning shakedown,4,56.6,1020.97,Final Corner,Sector 3,49.72,78.7,0.0,5857.0,17.6,390.25,53.63
S01,Cool morning shakedown,4,57.1,1028.47,Final Corner,Sector 3,56.81,81.7,0.0,6435.0,33.0,389.3,53.87
S01,Cool morning shakedown,4,57.6,1036.92,Final Corner,Sector 3,63.46,86.4,0.0,6978.0,45.1,385.31,54.19
S01,Cool morning shakedown,4,58.1,1046.13,Final Corner,Sector 3,67.37,33.7,0.0,7297.0,53.4,392.28,54.19
S01,Cool morning shakedown,4,58.6,1055.56,Final Corner,Sector 3,68.2,0.0,15.0,7365.0,51.1,396.47,53.98
S01,Cool morning shakedown,4,59.1,1064.99,Final Corner,Sector 3,68.14,3.0,16.8,7360.0,52.5,396.0,53.79
S01,Cool morning shakedown,4,59.6,1074.4,Final Corner,Sector 3,67.94,39.3,0.0,7344.0,39.7,391.62,53.68
S01,Cool morning shakedown,4,60.1,1083.84,Final Corner,Sector 3,67.97,36.1,0.0,7347.0,28.5,392.03,53.49
S01,Cool morning shakedown,4,60.6,1093.26,Final Corner,Sector 3,67.73,40.3,0.0,7327.0,19.0,391.45,53.29
S01,Cool morning shakedown,5,0.1,1.94,Main Straight,Sector 1,69.71,98.4,0.0,7489.0,-0.5,385.54,53.41
S01,Cool morning shakedown,5,0.6,12.2,Main Straight,Sector 1,76.64,99.9,0.0,8054.0,1.1,385.52,54.04
S01,Cool morning shakedown,5,1.1,23.36,Main Straight,Sector 1,82.66,97.3,0.0,8545.0,2.5,384.7,54.71
S01,Cool morning shakedown,5,1.6,35.29,Main Straight,Sector 1,88.0,100.0,0.0,8981.0,-1.5,383.62,55.45
S01,Cool morning shakedown,5,2.1,47.91,Main Straight,Sector 1,92.63,100.0,0.0,9359.0,-3.4,384.83,56.24
S01,Cool morning shakedown,5,2.6,61.12,Main Straight,Sector 1,96.67,95.9,0.0,9688.0,1.2,383.49,57.05
S01,Cool morning shakedown,5,3.1,74.83,Main Straight,Sector 1,100.06,100.0,0.0,9965.0,0.9,383.33,57.9
S01,Cool morning shakedown,5,3.6,88.98,Main Straight,Sector 1,102.94,100.0,0.0,10200.0,-1.5,383.32,58.74
S01,Cool morning shakedown,5,4.1,103.49,Main Straight,Sector 1,105.48,100.0,0.0,10408.0,1.3,382.58,59.63
S01,Cool morning shakedown,5,4.6,118.33,Main Straight,Sector 1,107.69,100.0,0.0,10587.0,-0.2,381.76,60.54
S01,Cool morning shakedown,5,5.1,133.44,Main Straight,Sector 1,109.53,100.0,0.0,10737.0,0.0,383.31,61.45
S01,Cool morning shakedown,5,5.6,148.73,Main Straight,Sector 1,110.05,99.5,0.0,10780.0,1.2,383.19,62.06
S01,Cool morning shakedown,5,6.1,164.02,Main Straight,Sector 1,110.48,0.0,17.1,10815.0,-0.6,396.33,62.4
S01,Cool morning shakedown,5,6.6,177.91,Main Straight,Sector 1,91.0,0.0,70.1,9226.0,-1.8,396.22,61.9
S01,Cool morning shakedown,5,7.1,189.33,Main Straight,Sector 1,77.89,0.0,31.0,8156.0,1.4,396.14,61.4
S01,Cool morning shakedown,5,7.6,199.59,Main Straight,Sector 1,71.74,3.9,15.5,7654.0,-1.4,394.91,60.92
S01,Cool morning shakedown,5,8.1,209.24,Main Straight,Sector 1,67.89,1.0,12.3,7340.0,-2.0,395.41,60.44
S01,Cool morning shakedown,5,8.6,218.56,Main Straight,Sector 1,66.43,100.0,0.0,7220.0,0.0,386.23,60.35
S01,Cool morning shakedown,5,9.1,227.82,Turn 1 Braking Zone,Sector 1,65.37,0.0,27.6,7134.0,0.9,395.09,59.94
S01,Cool morning shakedown,5,9.6,236.49,Turn 1 Braking Zone,Sector 1,61.06,3.1,14.4,6782.0,-3.8,395.64,59.48
S01,Cool morning shakedown,5,10.1,244.76,Turn 1 Braking Zone,Sector 1,59.26,82.4,0.0,6636.0,1.6,387.82,59.29
S01,Cool morning shakedown,5,10.6,253.09,Turn 1 Braking Zone,Sector 1,59.85,0.0,18.1,6683.0,-1.6,393.89,58.97
S01,Cool morning shakedown,5,11.1,261.4,Turn 1 Braking Zone,Sector 1,59.96,2.9,12.3,6693.0,-2.7,394.69,58.78
S01,Cool morning shakedown,5,11.6,269.71,Turn 1 Braking Zone,Sector 1,60.23,0.0,17.2,6715.0,1.3,396.7,58.58
S01,Cool morning shakedown,5,12.1,278.03,Turn 1 Braking Zone,Sector 1,60.54,0.0,18.7,6740.0,-1.2,396.21,58.4
S01,Cool morning shakedown,5,12.6,286.27,Turn 1 Medium Left,Sector 1,59.01,27.6,0.0,6615.0,-11.5,393.05,58.12
S01,Cool morning shakedown,5,13.1,294.51,Turn 1 Medium Left,Sector 1,58.83,37.1,0.0,6601.0,-28.2,392.32,57.85
S01,Cool morning shakedown,5,13.6,302.76,Turn 1 Medium Left,Sector 1,59.08,33.5,0.0,6621.0,-47.5,392.38,57.58
S01,Cool morning shakedown,5,14.1,310.97,Turn 1 Medium Left,Sector 1,58.75,35.5,0.0,6594.0,-54.3,392.7,57.3
S01,Cool morning shakedown,5,14.6,319.22,Turn 1 Medium Left,Sector 1,59.68,5.3,18.3,6670.0,-62.5,395.57,57.04
S01,Cool morning shakedown,5,15.1,327.44,Turn 1 Medium Left,Sector 1,59.42,0.0,10.7,6649.0,-71.3,395.79,56.77
S01,Cool morning shakedown,5,15.6,335.69,Turn 1 Medium Left,Sector 1,59.63,3.8,16.1,6666.0,-72.1,395.77,56.51
S01,Cool morning shakedown,5,16.1,343.93,Turn 1 Medium Left,Sector 1,59.59,0.0,15.1,6663.0,-68.9,395.7,56.27
S01,Cool morning shakedown,5,16.6,352.18,Turn 1 Medium Left,Sector 1,59.74,0.0,15.5,6675.0,-64.8,396.31,56.02
S01,Cool morning shakedown,5,17.1,360.41,Turn 1 Medium Left,Sector 1,59.64,0.0,13.2,6667.0,-55.8,394.93,55.76
S01,Cool morning shakedown,5,17.6,368.66,Turn 1 Medium Left,Sector 1,59.75,0.0,10.1,6676.0,-39.5,396.31,55.51
S01,Cool morning shakedown,5,18.1,376.92,Turn 1 Medium Left,Sector 1,59.86,4.0,12.7,6685.0,-23.6,395.92,55.27
S01,Cool morning shakedown,5,18.6,385.16,Turn 1 Medium Left,Sector 1,59.8,1.0,15.3,6679.0,-8.1,395.87,55.04
S01,Cool morning shakedown,5,19.1,393.49,Back Straight,Sector 2,62.16,96.7,0.0,6872.0,2.7,386.78,55.21
S01,Cool morning shakedown,5,19.6,402.78,Back Straight,Sector 2,69.84,100.0,0.0,7499.0,-0.7,385.97,55.73
S01,Cool morning shakedown,5,20.1,413.07,Back Straight,Sector 2,76.78,98.0,0.0,8065.0,-0.4,384.94,56.33
S01,Cool morning shakedown,5,20.6,424.24,Back Straight,Sector 2,82.86,96.2,0.0,8561.0,-1.9,385.2,56.98
S01,Cool morning shakedown,5,21.1,436.19,Back Straight,Sector 2,88.11,100.0,0.0,8990.0,-1.4,382.51,57.7
S01,Cool morning shakedown,5,21.6,448.82,Back Straight,Sector 2,92.75,100.0,0.0,9368.0,-3.0,384.67,58.46
S01,Cool morning shakedown,5,22.1,462.0,Back Straight,Sector 2,95.07,94.5,0.0,9557.0,0.9,384.84,58.99
S01,Cool morning shakedown,5,22.6,475.25,Back Straight,Sector 2,95.77,0.3,14.9,9615.0,-1.1,395.17,59.04
S01,Cool morning shakedown,5,23.1,488.47,Back Straight,Sector 2,94.8,98.9,0.0,9536.0,0.9,383.85,59.33
S01,Cool morning shakedown,5,23.6,501.71,Back Straight,Sector 2,95.7,0.0,12.9,9609.0,-1.2,395.58,59.37
S01,Cool morning shakedown,5,24.1,514.18,Back Straight,Sector 2,81.04,0.0,100.0,8413.0,-2.2,394.65,59.16
S01,Cool morning shakedown,5,24.6,523.79,Back Straight,Sector 2,63.4,0.0,37.4,6973.0,-1.0,395.13,58.69
S01,Cool morning shakedown,5,25.1,531.97,Back Straight,Sector 2,56.78,0.0,15.1,6433.0,-0.6,396.61,58.23
S01,Cool morning shakedown,5,25.6,539.54,Back Straight,Sector 2,52.82,98.1,0.0,6110.0,0.2,388.12,57.93
S01,Cool morning shakedown,5,26.1,547.06,Back Straight,Sector 2,54.27,0.0,14.6,6229.0,-0.6,395.72,57.65
S01,Cool morning shakedown,5,26.6,554.48,Back Straight,Sector 2,52.99,95.6,0.0,6124.0,-0.5,386.53,57.51
S01,Cool morning shakedown,5,27.1,562.03,Technical Esses,Sector 2,54.41,0.6,16.9,6240.0,4.0,396.81,57.22
S01,Cool morning shakedown,5,27.6,569.42,Technical Esses,Sector 2,52.9,32.8,0.0,6116.0,21.9,392.67,56.92
S01,Cool morning shakedown,5,28.1,576.83,Technical Esses,Sector 2,52.86,35.5,0.0,6113.0,35.7,394.1,56.64
S01,Cool morning shakedown,5,28.6,584.25,Technical Esses,Sector 2,52.87,39.0,0.0,6114.0,44.9,392.26,56.36
S01,Cool morning shakedown,5,29.1,591.7,Technical Esses,Sector 2,53.4,33.3,0.0,6157.0,57.5,393.22,56.09
S01,Cool morning shakedown,5,29.6,599.11,Technical Esses,Sector 2,53.26,30.8,0.0,6146.0,65.6,393.71,55.82
S01,Cool morning shakedown,5,30.1,606.52,Technical Esses,Sector 2,53.42,30.6,0.0,6159.0,75.7,393.52,55.55
S01,Cool morning shakedown,5,30.6,613.95,Technical Esses,Sector 2,53.26,32.3,0.0,6146.0,80.0,392.69,55.28
S01,Cool morning shakedown,5,31.1,621.36,Technical Esses,Sector 2,52.92,27.4,0.0,6118.0,88.3,393.12,54.99
S01,Cool morning shakedown,5,31.6,628.75,Technical Esses,Sector 2,52.61,31.8,0.0,6093.0,91.8,393.16,54.72
S01,Cool morning shakedown,5,32.1,636.15,Technical Esses,Sector 2,52.97,39.1,0.0,6122.0,89.9,392.07,54.49
S01,Cool morning shakedown,5,32.6,643.56,Technical Esses,Sector 2,53.07,32.4,0.0,6130.0,84.9,392.54,54.23
S01,Cool morning shakedown,5,33.1,650.93,Technical Esses,Sector 2,52.86,35.1,0.0,6113.0,81.1,392.58,53.98
S01,Cool morning shakedown,5,33.6,658.34,Technical Esses,Sector 2,52.86,35.8,0.0,6113.0,72.5,391.85,53.72
S01,Cool morning shakedown,5,34.1,665.77,Technical Esses,Sector 2,53.2,31.9,0.0,6141.0,62.1,392.36,53.49
S01,Cool morning shakedown,5,34.6,673.16,Technical Esses,Sector 2,53.02,39.8,0.0,6126.0,53.3,391.93,53.25
S01,Cool morning shakedown,5,35.1,680.56,Technical Esses,Sector 2,53.34,37.7,0.0,6152.0,38.2,392.69,53.03
S01,Cool morning shakedown,5,35.6,687.99,Technical Esses,Sector 2,53.45,36.9,0.0,6161.0,26.4,391.37,52.79
S01,Cool morning shakedown,5,36.1,695.42,Technical Esses,Sector 2,53.46,32.2,0.0,6163.0,11.6,393.45,52.55
S01,Cool morning shakedown,5,36.6,702.87,Long Straight,Sector 3,54.72,99.6,0.0,6265.0,1.6,386.81,52.54
S01,Cool morning shakedown,5,37.1,711.19,Long Straight,Sector 3,63.27,99.4,0.0,6963.0,0.0,385.75,53.01
S01,Cool morning shakedown,5,37.6,720.63,Long Straight,Sector 3,70.93,100.0,0.0,7588.0,-1.6,385.5,53.58
S01,Cool morning shakedown,5,38.1,731.06,Long Straight,Sector 3,77.75,100.0,0.0,8144.0,1.5,385.32,54.22
S01,Cool morning shakedown,5,38.6,742.36,Long Straight,Sector 3,83.7,100.0,0.0,8630.0,-1.2,383.51,54.91
S01,Cool morning shakedown,5,39.1,754.43,Long Straight,Sector 3,88.92,100.0,0.0,9056.0,-2.0,383.3,55.66
S01,Cool morning shakedown,5,39.6,767.16,Long Straight,Sector 3,93.45,100.0,0.0,9425.0,0.0,383.58,56.46
S01,Cool morning shakedown,5,40.1,780.47,Long Straight,Sector 3,97.34,97.3,0.0,9743.0,-0.5,383.12,57.28
S01,Cool morning shakedown,5,40.6,794.28,Long Straight,Sector 3,100.66,98.4,0.0,10014.0,1.8,383.99,58.12
S01,Cool morning shakedown,5,41.1,808.5,Long Straight,Sector 3,103.51,100.0,0.0,10246.0,0.6,382.97,58.99
S01,Cool morning shakedown,5,41.6,823.08,Long Straight,Sector 3,105.96,96.5,0.0,10446.0,2.1,383.25,59.87
S01,Cool morning shakedown,5,42.1,837.98,Long Straight,Sector 3,108.06,100.0,0.0,10618.0,1.8,382.64,60.78
S01,Cool morning shakedown,5,42.6,853.14,Long Straight,Sector 3,109.86,99.9,0.0,10765.0,1.8,383.15,61.7
S01,Cool morning shakedown,5,43.1,868.38,Long Straight,Sector 3,106.05,0.7,100.0,10454.0,-0.6,395.89,62.04
S01,Cool morning shakedown,5,43.6,881.03,Long Straight,Sector 3,81.14,1.5,100.0,8421.0,-3.3,395.68,61.55
S01,Cool morning shakedown,5,44.1,890.21,Long Straight,Sector 3,56.12,1.3,96.6,6379.0,-2.3,396.07,61.07
S01,Cool morning shakedown,5,44.6,896.47,Long Straight,Sector 3,40.31,0.0,22.1,5090.0,-2.7,396.31,60.57
S01,Cool morning shakedown,5,45.1,901.67,Long Straight,Sector 3,36.0,100.0,0.0,4738.0,1.6,387.67,60.21
S01,Cool morning shakedown,5,45.6,906.83,Long Straight,Sector 3,37.92,0.0,15.3,4894.0,-1.2,395.11,59.86
S01,Cool morning shakedown,5,46.1,912.01,Long Straight,Sector 3,37.04,1.5,15.6,4823.0,-1.5,394.7,59.51
S01,Cool morning shakedown,5,46.6,917.17,Long Straight,Sector 3,36.31,99.3,0.0,4763.0,-1.4,388.2,59.28
S01,Cool morning shakedown,5,47.1,922.33,Hairpin,Sector 3,36.54,4.1,22.3,4782.0,-7.8,394.64,58.85
S01,Cool morning shakedown,5,47.6,927.34,Hairpin,Sector 3,36.52,2.7,12.7,4780.0,-31.9,396.34,58.51
S01,Cool morning shakedown,5,48.1,932.37,Hairpin,Sector 3,36.71,5.3,13.6,4796.0,-51.2,394.21,58.17
S01,Cool morning shakedown,5,48.6,937.42,Hairpin,Sector 3,36.8,1.1,13.0,4803.0,-67.4,394.81,57.81
S01,Cool morning shakedown,5,49.1,942.45,Hairpin,Sector 3,35.64,25.0,0.0,4708.0,-81.6,393.81,57.48
S01,Cool morning shakedown,5,49.6,947.46,Hairpin,Sector 3,35.6,28.7,0.0,4705.0,-97.0,393.19,57.14
S01,Cool morning shakedown,5,50.1,952.5,Hairpin,Sector 3,36.8,0.0,16.6,4803.0,-110.6,395.63,56.8
S01,Cool morning shakedown,5,50.6,957.52,Hairpin,Sector 3,35.62,28.6,0.0,4706.0,-117.6,393.43,56.48
S01,Cool morning shakedown,5,51.1,962.53,Hairpin,Sector 3,35.66,28.6,0.0,4709.0,-120.6,394.07,56.15
S01,Cool morning shakedown,5,51.6,967.58,Hairpin,Sector 3,36.97,0.0,14.2,4817.0,-117.3,395.65,55.82
S01,Cool morning shakedown,5,52.1,972.61,Hairpin,Sector 3,35.75,33.9,0.0,4718.0,-117.8,393.16,55.51
S01,Cool morning shakedown,5,52.6,977.67,Hairpin,Sector 3,35.87,27.5,0.0,4727.0,-107.2,393.04,55.19
S01,Cool morning shakedown,5,53.1,982.72,Hairpin,Sector 3,35.92,28.6,0.0,4731.0,-99.1,393.95,54.88
S01,Cool morning shakedown,5,53.6,987.72,Hairpin,Sector 3,35.71,32.0,0.0,4714.0,-84.3,393.46,54.57
S01,Cool morning shakedown,5,54.1,992.79,Hairpin,Sector 3,36.19,27.3,0.0,4753.0,-68.2,394.42,54.26
S01,Cool morning shakedown,5,54.6,997.81,Hairpin,Sector 3,36.15,31.8,0.0,4750.0,-47.5,393.73,53.97
S01,Cool morning shakedown,5,55.1,1002.87,Hairpin,Sector 3,36.57,1.1,16.6,4784.0,-26.1,395.79,53.63
S01,Cool morning shakedown,5,55.6,1007.92,Hairpin,Sector 3,36.63,2.5,15.1,4789.0,-7.2,395.69,53.34
S01,Cool morning shakedown,5,56.1,1013.04,Final Corner,Sector 3,39.03,75.7,0.0,4985.0,6.7,388.82,53.28
S01,Cool morning shakedown,5,56.6,1019.12,Final Corner,Sector 3,46.9,77.6,0.0,5627.0,21.3,388.96,53.43
S01,Cool morning shakedown,5,57.1,1026.25,Final Corner,Sector 3,54.25,83.1,0.0,6227.0,28.6,389.19,53.66
S01,Cool morning shakedown,5,57.6,1034.37,Final Corner,Sector 3,61.16,81.0,0.0,6790.0,42.5,387.81,53.94
S01,Cool morning shakedown,5,58.1,1043.39,Final Corner,Sector 3,67.4,39.6,0.0,7300.0,50.9,392.46,54.2
S01,Cool morning shakedown,5,58.6,1052.93,Final Corner,Sector 3,68.77,40.1,0.0,7411.0,54.3,391.76,54.09
S01,Cool morning shakedown,5,59.1,1062.47,Final Corner,Sector 3,68.63,33.9,0.0,7400.0,49.7,392.07,53.9
S01,Cool morning shakedown,5,59.6,1072.01,Final Corner,Sector 3,68.28,35.5,0.0,7372.0,42.3,391.85,53.7
S01,Cool morning shakedown,5,60.1,1081.55,Final Corner,Sector 3,68.11,38.3,0.0,7358.0,32.8,392.41,53.51
S01,Cool morning shakedown,5,60.6,1091.1,Final Corner,Sector 3,69.19,0.0,14.6,7446.0,14.7,396.32,53.32
S01,Cool morning shakedown,6,0.0,0.0,Main Straight,Sector 1,69.15,100.0,0.0,7442.0,-2.4,385.43,53.33
S01,Cool morning shakedown,6,0.5,10.19,Main Straight,Sector 1,76.06,100.0,0.0,8006.0,2.5,384.34,53.93
S01,Cool morning shakedown,6,1.0,21.27,Main Straight,Sector 1,82.08,100.0,0.0,8498.0,-3.1,384.95,54.59
S01,Cool morning shakedown,6,1.5,33.13,Main Straight,Sector 1,87.49,100.0,0.0,8939.0,-2.7,381.87,55.33
S01,Cool morning shakedown,6,2.0,45.68,Main Straight,Sector 1,92.14,92.9,0.0,9319.0,0.4,383.49,56.08
S01,Cool morning shakedown,6,2.5,58.82,Main Straight,Sector 1,96.17,100.0,0.0,9648.0,-1.3,383.76,56.9
S01,Cool morning shakedown,6,3.0,72.47,Main Straight,Sector 1,99.68,97.8,0.0,9934.0,-1.3,382.25,57.74
S01,Cool morning shakedown,6,3.5,86.57,Main Straight,Sector 1,102.71,100.0,0.0,10181.0,3.3,382.91,58.62
S01,Cool morning shakedown,6,4.0,101.05,Main Straight,Sector 1,105.26,100.0,0.0,10389.0,1.6,382.68,59.5
S01,Cool morning shakedown,6,4.5,115.86,Main Straight,Sector 1,107.47,99.2,0.0,10570.0,-0.6,382.54,60.4
S01,Cool morning shakedown,6,5.0,130.95,Main Straight,Sector 1,109.37,100.0,0.0,10724.0,1.2,382.92,61.32
S01,Cool morning shakedown,6,5.5,146.14,Main Straight,Sector 1,108.93,98.2,0.0,10689.0,1.4,382.94,61.66
S01,Cool morning shakedown,6,6.0,161.32,Main Straight,Sector 1,109.62,0.0,16.7,10745.0,0.7,396.41,62.01
S01,Cool morning shakedown,6,6.5,175.64,Main Straight,Sector 1,94.26,0.0,81.3,9492.0,1.2,395.64,61.79
S01,Cool morning shakedown,6,7.0,187.36,Main Straight,Sector 1,79.35,1.0,36.5,8275.0,-1.8,395.88,61.3
S01,Cool morning shakedown,6,7.5,197.72,Main Straight,Sector 1,72.27,0.0,15.2,7698.0,-2.0,394.89,60.81
S01,Cool morning shakedown,6,8.0,207.45,Main Straight,Sector 1,68.64,1.5,15.2,7401.0,0.6,394.8,60.33
S01,Cool morning shakedown,6,8.5,216.79,Main Straight,Sector 1,67.31,0.1,19.1,7293.0,-2.1,395.19,60.05
S01,Cool morning shakedown,6,9.0,226.08,Turn 1 Braking Zone,Sector 1,66.82,0.0,28.4,7253.0,-1.8,395.15,59.84
S01,Cool morning shakedown,6,9.5,234.89,Turn 1 Braking Zone,Sector 1,61.61,0.0,12.5,6827.0,2.1,394.4,59.38
S01,Cool morning shakedown,6,10.0,243.21,Turn 1 Braking Zone,Sector 1,60.0,0.0,14.9,6696.0,-1.8,394.92,59.05
S01,Cool morning shakedown,6,10.5,251.45,Turn 1 Braking Zone,Sector 1,60.17,2.5,15.6,6710.0,-2.9,394.87,58.85
S01,Cool morning shakedown,6,11.0,259.65,Turn 1 Braking Zone,Sector 1,58.24,72.9,0.0,6552.0,0.4,388.48,58.65
S01,Cool morning shakedown,6,11.5,267.85,Turn 1 Braking Zone,Sector 1,58.36,75.7,0.0,6562.0,-1.0,388.28,58.46
S01,Cool morning shakedown,6,12.0,276.06,Turn 1 Braking Zone,Sector 1,59.0,79.2,0.0,6614.0,2.5,388.22,58.27
S01,Cool morning shakedown,6,12.5,284.29,Turn 1 Medium Left,Sector 1,58.45,32.6,0.0,6570.0,-8.1,391.76,57.93
S01,Cool morning shakedown,6,13.0,292.48,Turn 1 Medium Left,Sector 1,58.58,35.4,0.0,6580.0,-28.7,391.28,57.66
S01,Cool morning shakedown,6,13.5,300.69,Turn 1 Medium Left,Sector 1,59.05,31.1,0.0,6619.0,-40.5,392.49,57.4
S01,Cool morning shakedown,6,14.0,308.88,Turn 1 Medium Left,Sector 1,58.88,38.5,0.0,6605.0,-54.5,392.33,57.15
S01,Cool morning shakedown,6,14.5,317.06,Turn 1 Medium Left,Sector 1,58.84,32.3,0.0,6602.0,-58.5,392.14,56.87
S01,Cool morning shakedown,6,15.0,325.23,Turn 1 Medium Left,Sector 1,58.36,31.9,0.0,6562.0,-69.7,392.35,56.59
S01,Cool morning shakedown,6,15.5,333.41,Turn 1 Medium Left,Sector 1,59.32,0.0,16.2,6640.0,-70.3,395.73,56.33
S01,Cool morning shakedown,6,16.0,341.6,Turn 1 Medium Left,Sector 1,59.27,0.0,18.0,6637.0,-67.4,396.17,56.06
S01,Cool morning shakedown,6,16.5,349.78,Turn 1 Medium Left,Sector 1,59.32,0.0,13.1,6641.0,-66.0,396.03,55.81
S01,Cool morning shakedown,6,17.0,357.94,Turn 1 Medium Left,Sector 1,58.25,27.9,0.0,6553.0,-52.7,393.49,55.54
S01,Cool morning shakedown,6,17.5,366.14,Turn 1 Medium Left,Sector 1,59.29,0.0,12.9,6638.0,-44.2,395.62,55.29
S01,Cool morning shakedown,6,18.0,374.32,Turn 1 Medium Left,Sector 1,59.39,3.5,12.0,6646.0,-30.9,395.01,55.06
S01,Cool morning shakedown,6,18.5,382.51,Turn 1 Medium Left,Sector 1,59.32,0.0,13.5,6641.0,-18.2,395.72,54.81
S01,Cool morning shakedown,6,19.0,390.72,Back Straight,Sector 2,59.47,100.0,0.0,6653.0,0.9,386.37,54.75
S01,Cool morning shakedown,6,19.5,399.65,Back Straight,Sector 2,67.42,100.0,0.0,7302.0,-1.2,385.34,55.24
S01,Cool morning shakedown,6,20.0,409.62,Back Straight,Sector 2,74.57,100.0,0.0,7885.0,0.2,384.95,55.81
S01,Cool morning shakedown,6,20.5,420.52,Back Straight,Sector 2,80.88,100.0,0.0,8400.0,0.5,383.68,56.45
S01,Cool morning shakedown,6,21.0,432.21,Back Straight,Sector 2,86.35,100.0,0.0,8846.0,-1.8,382.99,57.14
S01,Cool morning shakedown,6,21.5,444.61,Back Straight,Sector 2,91.15,98.4,0.0,9238.0,1.1,383.48,57.87
S01,Cool morning shakedown,6,22.0,457.54,Back Straight,Sector 2,93.84,0.0,15.5,9458.0,0.8,395.49,58.14
S01,Cool morning shakedown,6,22.5,470.51,Back Straight,Sector 2,92.94,95.2,0.0,9384.0,1.7,384.4,58.41
S01,Cool morning shakedown,6,23.0,483.51,Back Straight,Sector 2,94.09,0.0,17.5,9478.0,-2.2,395.88,58.45
S01,Cool morning shakedown,6,23.5,496.51,Back Straight,Sector 2,93.22,96.6,0.0,9407.0,1.2,383.49,58.73
S01,Cool morning shakedown,6,24.0,509.38,Back Straight,Sector 2,88.44,4.9,100.0,9017.0,-1.9,394.85,58.53
S01,Cool morning shakedown,6,24.5,519.7,Back Straight,Sector 2,66.48,0.0,51.8,7225.0,3.0,394.98,58.1
S01,Cool morning shakedown,6,25.0,528.05,Back Straight,Sector 2,56.98,0.0,17.4,6449.0,-0.7,395.05,57.64
S01,Cool morning shakedown,6,25.5,535.64,Back Straight,Sector 2,53.16,0.0,18.1,6138.0,1.8,394.63,57.19
S01,Cool morning shakedown,6,26.0,543.03,Back Straight,Sector 2,54.09,0.0,14.4,6214.0,1.9,394.79,57.06
S01,Cool morning shakedown,6,26.5,550.39,Back Straight,Sector 2,53.19,0.0,16.0,6140.0,-2.7,394.85,56.78
S01,Cool morning shakedown,6,27.0,557.75,Back Straight,Sector 2,52.03,100.0,0.0,6045.0,-0.7,385.38,56.66
S01,Cool morning shakedown,6,27.5,565.11,Technical Esses,Sector 2,52.32,28.4,0.0,6069.0,11.9,391.23,56.32
S01,Cool morning shakedown,6,28.0,572.39,Technical Esses,Sector 2,52.12,33.7,0.0,6053.0,23.2,390.97,56.04
S01,Cool morning shakedown,6,28.5,579.64,Technical Esses,Sector 2,51.81,37.4,0.0,6028.0,38.9,391.61,55.76
S01,Cool morning shakedown,6,29.0,586.92,Technical Esses,Sector 2,51.78,31.4,0.0,6025.0,51.8,392.0,55.48
S01,Cool morning shakedown,6,29.5,594.19,Technical Esses,Sector 2,51.76,34.7,0.0,6024.0,65.6,391.88,55.22
S01,Cool morning shakedown,6,30.0,601.48,Technical Esses,Sector 2,52.94,0.0,17.4,6120.0,68.4,393.72,54.96
S01,Cool morning shakedown,6,30.5,608.74,Technical Esses,Sector 2,52.87,0.8,15.0,6114.0,82.4,394.39,54.7
S01,Cool morning shakedown,6,31.0,616.01,Technical Esses,Sector 2,52.85,0.0,15.1,6113.0,85.1,396.08,54.44
S01,Cool morning shakedown,6,31.5,623.3,Technical Esses,Sector 2,52.69,2.3,13.7,6100.0,88.7,395.11,54.17
S01,Cool morning shakedown,6,32.0,630.58,Technical Esses,Sector 2,52.56,0.4,17.8,6089.0,88.1,395.03,53.91
S01,Cool morning shakedown,6,32.5,637.82,Technical Esses,Sector 2,52.25,31.7,0.0,6064.0,91.0,392.04,53.69
S01,Cool morning shakedown,6,33.0,645.08,Technical Esses,Sector 2,52.22,32.8,0.0,6062.0,86.7,392.15,53.44
S01,Cool morning shakedown,6,33.5,652.34,Technical Esses,Sector 2,52.24,34.9,0.0,6063.0,76.7,392.88,53.2
S01,Cool morning shakedown,6,34.0,659.62,Technical Esses,Sector 2,52.15,37.1,0.0,6055.0,68.7,392.2,52.96
S01,Cool morning shakedown,6,34.5,666.89,Technical Esses,Sector 2,52.06,36.6,0.0,6048.0,65.4,391.39,52.71
S01,Cool morning shakedown,6,35.0,674.17,Technical Esses,Sector 2,52.25,33.4,0.0,6064.0,46.8,392.16,52.48
S01,Cool morning shakedown,6,35.5,681.45,Technical Esses,Sector 2,52.43,37.8,0.0,6078.0,36.6,391.15,52.26
S01,Cool morning shakedown,6,36.0,688.76,Technical Esses,Sector 2,52.74,0.0,15.2,6104.0,21.3,394.39,51.97
S01,Cool morning shakedown,6,36.5,696.03,Technical Esses,Sector 2,52.98,0.0,16.5,6123.0,10.2,395.93,51.75
S01,Cool morning shakedown,6,37.0,703.41,Long Straight,Sector 3,55.47,98.3,0.0,6326.0,0.5,386.7,51.9
S01,Cool morning shakedown,6,37.5,711.83,Long Straight,Sector 3,63.91,100.0,0.0,7015.0,-0.5,385.16,52.39
S01,Cool morning shakedown,6,38.0,721.35,Long Straight,Sector 3,71.5,100.0,0.0,7634.0,1.9,384.86,52.96
S01,Cool morning shakedown,6,38.5,731.84,Long Straight,Sector 3,78.05,100.0,0.0,8169.0,2.7,384.09,53.58
S01,Cool morning shakedown,6,39.0,743.18,Long Straight,Sector 3,84.0,100.0,0.0,8655.0,-1.8,383.72,54.3
S01,Cool morning shakedown,6,39.5,755.28,Long Straight,Sector 3,89.06,93.9,0.0,9068.0,1.7,384.12,55.02
S01,Cool morning shakedown,6,40.0,768.02,Long Straight,Sector 3,93.48,98.5,0.0,9428.0,-0.8,383.62,55.81
S01,Cool morning shakedown,6,40.5,781.34,Long Straight,Sector 3,97.33,100.0,0.0,9742.0,1.6,383.61,56.63
S01,Cool morning shakedown,6,41.0,795.14,Long Straight,Sector 3,100.68,100.0,0.0,10016.0,0.7,382.1,57.49
S01,Cool morning shakedown,6,41.5,809.37,Long Straight,Sector 3,103.57,100.0,0.0,10251.0,2.0,383.32,58.38
S01,Cool morning shakedown,6,42.0,823.96,Long Straight,Sector 3,106.05,98.6,0.0,10453.0,3.9,382.96,59.29
S01,Cool morning shakedown,6,42.5,838.87,Long Straight,Sector 3,108.15,98.7,0.0,10625.0,-0.3,382.49,60.21
S01,Cool morning shakedown,6,43.0,854.04,Long Straight,Sector 3,109.94,100.0,0.0,10771.0,-2.6,382.18,61.14
S01,Cool morning shakedown,6,43.5,869.3,Long Straight,Sector 3,106.13,1.5,96.0,10460.0,-0.1,395.47,61.49
S01,Cool morning shakedown,6,44.0,882.0,Long Straight,Sector 3,81.53,8.9,99.9,8453.0,-0.5,394.38,61.03
S01,Cool morning shakedown,6,44.5,891.24,Long Straight,Sector 3,56.46,3.4,99.5,6407.0,1.3,395.27,60.55
S01,Cool morning shakedown,6,45.0,897.51,Long Straight,Sector 3,40.62,1.0,26.9,5115.0,-1.1,394.37,60.07
S01,Cool morning shakedown,6,45.5,902.71,Long Straight,Sector 3,35.71,95.2,0.0,4714.0,-0.5,388.41,59.71
S01,Cool morning shakedown,6,46.0,907.94,Long Straight,Sector 3,38.15,1.7,10.5,4913.0,0.0,395.04,59.36
S01,Cool morning shakedown,6,46.5,913.13,Long Straight,Sector 3,37.75,0.0,16.5,4880.0,0.0,394.63,59.01
S01,Cool morning shakedown,6,47.0,918.31,Long Straight,Sector 3,36.89,3.3,14.0,4811.0,-0.3,396.35,58.68
S01,Cool morning shakedown,6,47.5,923.43,Hairpin,Sector 3,35.85,29.0,0.0,4725.0,-11.1,392.04,58.37
S01,Cool morning shakedown,6,48.0,928.51,Hairpin,Sector 3,36.99,0.0,18.2,4818.0,-34.7,395.89,58.01
S01,Cool morning shakedown,6,48.5,933.56,Hairpin,Sector 3,36.86,3.5,14.7,4808.0,-53.9,393.64,57.67
S01,Cool morning shakedown,6,49.0,938.62,Hairpin,Sector 3,36.99,0.0,16.4,4819.0,-73.7,395.29,57.32
S01,Cool morning shakedown,6,49.5,943.68,Hairpin,Sector 3,37.07,3.3,16.7,4825.0,-92.1,393.9,57.0
S01,Cool morning shakedown,6,50.0,948.76,Hairpin,Sector 3,37.05,1.1,13.9,4823.0,-97.4,394.52,56.66
S01,Cool morning shakedown,6,50.5,953.85,Hairpin,Sector 3,37.05,0.0,12.7,4823.0,-109.9,395.58,56.33
S01,Cool morning shakedown,6,51.0,958.93,Hairpin,Sector 3,37.03,1.6,12.6,4822.0,-113.8,394.85,56.0
S01,Cool morning shakedown,6,51.5,964.0,Hairpin,Sector 3,36.95,0.5,12.7,4815.0,-121.7,395.16,55.67
S01,Cool morning shakedown,6,52.0,969.08,Hairpin,Sector 3,37.07,0.3,15.2,4825.0,-118.7,395.14,55.35
S01,Cool morning shakedown,6,52.5,974.13,Hairpin,Sector 3,36.03,34.5,0.0,4740.0,-114.4,392.26,55.05
S01,Cool morning shakedown,6,53.0,979.19,Hairpin,Sector 3,36.26,27.5,0.0,4759.0,-107.7,392.61,54.73
S01,Cool morning shakedown,6,53.5,984.25,Hairpin,Sector 3,36.51,31.1,0.0,4779.0,-95.2,392.04,54.44
S01,Cool morning shakedown,6,54.0,989.33,Hairpin,Sector 3,36.62,1.4,12.8,4788.0,-80.2,395.53,54.09
S01,Cool morning shakedown,6,54.5,994.42,Hairpin,Sector 3,37.02,7.3,14.1,4821.0,-63.8,394.9,53.81
S01,Cool morning shakedown,6,55.0,999.49,Hairpin,Sector 3,36.14,28.0,0.0,4749.0,-45.2,393.33,53.51
S01,Cool morning shakedown,6,55.5,1004.52,Hairpin,Sector 3,35.89,22.9,0.0,4729.0,-23.9,393.66,53.21
S01,Cool morning shakedown,6,56.0,1009.59,Hairpin,Sector 3,36.99,1.3,13.6,4818.0,-4.1,394.14,52.92
S01,Cool morning shakedown,6,56.5,1015.1,Final Corner,Sector 3,42.92,79.6,0.0,5302.0,7.6,388.46,53.05
S01,Cool morning shakedown,6,57.0,1021.69,Final Corner,Sector 3,50.41,74.2,0.0,5914.0,24.4,388.22,53.22
S01,Cool morning shakedown,6,57.5,1029.28,Final Corner,Sector 3,57.42,80.9,0.0,6486.0,34.2,388.45,53.47
S01,Cool morning shakedown,6,58.0,1037.82,Final Corner,Sector 3,64.17,79.8,0.0,7037.0,38.6,387.95,53.8
S01,Cool morning shakedown,6,58.5,1047.12,Final Corner,Sector 3,68.02,38.3,0.0,7351.0,48.2,391.17,53.83
S01,Cool morning shakedown,6,59.0,1056.72,Final Corner,Sector 3,68.89,36.5,0.0,7421.0,52.0,391.83,53.7
S01,Cool morning shakedown,6,59.5,1066.33,Final Corner,Sector 3,68.69,35.6,0.0,7405.0,47.2,391.82,53.52
S01,Cool morning shakedown,6,60.0,1075.94,Final Corner,Sector 3,69.42,0.0,11.7,7464.0,38.4,394.84,53.3
S01,Cool morning shakedown,6,60.5,1085.53,Final Corner,Sector 3,69.07,38.4,0.0,7436.0,22.8,391.83,53.17
S01,Cool morning shakedown,6,61.0,1095.13,Final Corner,Sector 3,68.81,37.8,0.0,7415.0,10.4,391.66,52.98
S01,Cool morning shakedown,7,0.2,3.94,Main Straight,Sector 1,71.69,94.2,0.0,7650.0,-0.4,385.54,53.24
S01,Cool morning shakedown,7,0.7,14.45,Main Straight,Sector 1,78.27,100.0,0.0,8187.0,-4.2,384.28,53.88
S01,Cool morning shakedown,7,1.2,25.82,Main Straight,Sector 1,84.09,97.1,0.0,8662.0,-0.9,384.04,54.57
S01,Cool morning shakedown,7,1.7,37.92,Main Straight,Sector 1,89.15,96.2,0.0,9075.0,-1.5,383.63,55.3
S01,Cool morning shakedown,7,2.2,50.68,Main Straight,Sector 1,93.58,97.9,0.0,9436.0,0.7,382.53,56.09
S01,Cool morning shakedown,7,2.7,64.01,Main Straight,Sector 1,97.46,100.0,0.0,9752.0,-0.5,382.48,56.92
S01,Cool morning shakedown,7,3.2,77.83,Main Straight,Sector 1,100.78,98.9,0.0,10024.0,-1.8,382.44,57.78
S01,Cool morning shakedown,7,3.7,92.07,Main Straight,Sector 1,103.66,97.2,0.0,10259.0,0.0,383.11,58.66
S01,Cool morning shakedown,7,4.2,106.67,Main Straight,Sector 1,106.07,97.9,0.0,10455.0,4.7,382.14,59.54
S01,Cool morning shakedown,7,4.7,121.58,Main Straight,Sector 1,108.15,100.0,0.0,10625.0,0.7,382.55,60.46
S01,Cool morning shakedown,7,5.2,136.75,Main Straight,Sector 1,109.93,100.0,0.0,10771.0,2.7,381.6,61.38
S01,Cool morning shakedown,7,5.7,152.03,Main Straight,Sector 1,110.44,1.6,12.5,10812.0,0.9,394.47,61.74
S01,Cool morning shakedown,7,6.2,167.3,Main Straight,Sector 1,109.82,0.0,96.3,10761.0,0.6,394.58,62.09
S01,Cool morning shakedown,7,6.7,180.6,Main Straight,Sector 1,87.63,0.1,60.1,8951.0,-2.5,395.47,61.59
S01,Cool morning shakedown,7,7.2,191.73,Main Straight,Sector 1,76.4,5.6,27.3,8034.0,1.4,393.89,61.1
S01,Cool morning shakedown,7,7.7,201.86,Main Straight,Sector 1,71.05,2.3,17.6,7598.0,-3.2,394.17,60.63
S01,Cool morning shakedown,7,8.2,211.38,Main Straight,Sector 1,67.07,100.0,0.0,7273.0,-4.2,385.04,60.34
S01,Cool morning shakedown,7,8.7,220.78,Turn 1 Braking Zone,Sector 1,68.06,0.0,14.7,7354.0,3.1,395.04,60.06
S01,Cool morning shakedown,7,9.2,229.98,Turn 1 Braking Zone,Sector 1,64.52,3.2,18.4,7065.0,-1.0,394.65,59.65
S01,Cool morning shakedown,7,9.7,238.59,Turn 1 Braking Zone,Sector 1,60.55,0.2,13.1,6741.0,0.7,394.57,59.19
S01,Cool morning shakedown,7,10.2,246.87,Turn 1 Braking Zone,Sector 1,58.8,79.0,0.0,6598.0,-0.2,387.56,59.01
S01,Cool morning shakedown,7,10.7,255.18,Turn 1 Braking Zone,Sector 1,59.37,75.1,0.0,6644.0,-1.0,388.45,58.8
S01,Cool morning shakedown,7,11.2,263.51,Turn 1 Braking Zone,Sector 1,59.71,0.0,13.6,6672.0,2.4,395.39,58.48
S01,Cool morning shakedown,7,11.7,271.78,Turn 1 Braking Zone,Sector 1,60.09,1.0,16.4,6704.0,0.3,394.26,58.3
S01,Cool morning shakedown,7,12.2,280.08,Turn 1 Medium Left,Sector 1,60.32,0.0,16.5,6722.0,0.2,394.41,58.12
S01,Cool morning shakedown,7,12.7,288.29,Turn 1 Medium Left,Sector 1,58.8,39.3,0.0,6598.0,-16.4,391.1,57.86
S01,Cool morning shakedown,7,13.2,296.53,Turn 1 Medium Left,Sector 1,59.19,33.4,0.0,6630.0,-29.7,391.93,57.58
S01,Cool morning shakedown,7,13.7,304.75,Turn 1 Medium Left,Sector 1,59.07,33.3,0.0,6620.0,-45.7,391.89,57.3
S01,Cool morning shakedown,7,14.2,312.96,Turn 1 Medium Left,Sector 1,58.79,32.0,0.0,6597.0,-57.4,392.36,57.02
S01,Cool morning shakedown,7,14.7,321.21,Turn 1 Medium Left,Sector 1,59.03,30.9,0.0,6617.0,-68.2,391.27,56.78
S01,Cool morning shakedown,7,15.2,329.43,Turn 1 Medium Left,Sector 1,58.88,33.5,0.0,6604.0,-72.1,390.58,56.51
S01,Cool morning shakedown,7,15.7,337.68,Turn 1 Medium Left,Sector 1,59.78,0.0,17.8,6678.0,-73.8,395.18,56.26
S01,Cool morning shakedown,7,16.2,345.94,Turn 1 Medium Left,Sector 1,59.73,8.1,18.6,6674.0,-65.7,393.78,56.02
S01,Cool morning shakedown,7,16.7,354.17,Turn 1 Medium Left,Sector 1,59.59,0.0,15.3,6663.0,-59.7,394.44,55.76
S01,Cool morning shakedown,7,17.2,362.42,Turn 1 Medium Left,Sector 1,59.75,0.0,14.1,6675.0,-51.4,394.75,55.52
S01,Cool morning shakedown,7,17.7,370.65,Turn 1 Medium Left,Sector 1,59.78,0.0,14.2,6678.0,-33.8,394.77,55.27
S01,Cool morning shakedown,7,18.2,378.89,Turn 1 Medium Left,Sector 1,59.76,4.4,17.9,6677.0,-18.6,394.82,55.03
S01,Cool morning shakedown,7,18.7,387.14,Turn 1 Medium Left,Sector 1,59.74,0.0,15.4,6675.0,-7.9,394.54,54.81
S01,Cool morning shakedown,7,19.2,395.66,Back Straight,Sector 2,64.29,100.0,0.0,7046.0,0.2,385.29,55.16
S01,Cool morning shakedown,7,19.7,405.23,Back Straight,Sector 2,71.9,97.8,0.0,7667.0,1.9,384.51,55.71
S01,Cool morning shakedown,7,20.2,415.78,Back Straight,Sector 2,78.45,97.5,0.0,8202.0,2.6,384.34,56.31
S01,Cool morning shakedown,7,20.7,427.17,Back Straight,Sector 2,84.31,99.0,0.0,8680.0,2.4,383.65,56.99
S01,Cool morning shakedown,7,21.2,439.31,Back Straight,Sector 2,89.43,100.0,0.0,9098.0,1.7,383.15,57.72
S01,Cool morning shakedown,7,21.7,452.11,Back Straight,Sector 2,93.84,0.0,18.2,9458.0,-1.5,394.75,58.24
S01,Cool morning shakedown,7,22.2,465.05,Back Straight,Sector 2,92.89,98.0,0.0,9380.0,-0.3,383.79,58.51
S01,Cool morning shakedown,7,22.7,478.01,Back Straight,Sector 2,92.52,97.0,0.0,9350.0,0.3,382.94,58.54
S01,Cool morning shakedown,7,23.2,490.92,Back Straight,Sector 2,93.27,1.4,16.1,9411.0,0.4,394.63,58.58
S01,Cool morning shakedown,7,23.7,503.86,Back Straight,Sector 2,92.54,99.0,0.0,9351.0,0.2,383.63,58.84
S01,Cool morning shakedown,7,24.2,515.45,Back Straight,Sector 2,73.7,0.0,80.3,7814.0,1.4,394.97,58.39
S01,Cool morning shakedown,7,24.7,524.36,Back Straight,Sector 2,59.55,0.0,20.6,6659.0,1.2,395.28,57.93
S01,Cool morning shakedown,7,25.2,532.2,Back Straight,Sector 2,54.62,0.0,18.6,6257.0,3.0,393.62,57.47
S01,Cool morning shakedown,7,25.7,539.58,Back Straight,Sector 2,53.01,0.0,14.6,6126.0,-1.9,395.4,57.17
S01,Cool morning shakedown,7,26.2,546.93,Back Straight,Sector 2,52.08,100.0,0.0,6050.0,1.3,385.34,57.05
S01,Cool morning shakedown,7,26.7,554.31,Back Straight,Sector 2,53.77,2.4,15.3,6187.0,3.1,394.38,56.76
S01,Cool morning shakedown,7,27.2,561.69,Technical Esses,Sector 2,52.91,1.0,11.1,6117.0,3.8,395.21,56.48
S01,Cool morning shakedown,7,27.7,568.91,Technical Esses,Sector 2,51.61,34.0,0.0,6011.0,21.9,391.04,56.21
S01,Cool morning shakedown,7,28.2,576.14,Technical Esses,Sector 2,51.44,33.0,0.0,5997.0,32.3,391.88,55.93
S01,Cool morning shakedown,7,28.7,583.39,Technical Esses,Sector 2,52.66,5.2,13.2,6097.0,46.2,393.98,55.66
S01,Cool morning shakedown,7,29.2,590.63,Technical Esses,Sector 2,52.62,0.0,16.2,6094.0,57.2,394.36,55.39
S01,Cool morning shakedown,7,29.7,597.88,Technical Esses,Sector 2,51.69,35.4,0.0,6018.0,66.4,391.29,55.13
S01,Cool morning shakedown,7,30.2,605.15,Technical Esses,Sector 2,51.89,37.0,0.0,6034.0,73.7,390.7,54.86
S01,Cool morning shakedown,7,30.7,612.38,Technical Esses,Sector 2,52.05,33.8,0.0,6047.0,82.0,391.55,54.6
S01,Cool morning shakedown,7,31.2,619.63,Technical Esses,Sector 2,52.13,31.2,0.0,6054.0,91.7,391.77,54.32
S01,Cool morning shakedown,7,31.7,626.88,Technical Esses,Sector 2,52.31,33.8,0.0,6069.0,89.8,392.56,54.06
S01,Cool morning shakedown,7,32.2,634.16,Technical Esses,Sector 2,52.55,1.9,16.8,6088.0,90.5,394.85,53.77
S01,Cool morning shakedown,7,32.7,641.41,Technical Esses,Sector 2,52.47,0.0,14.7,6082.0,89.4,395.24,53.51
S01,Cool morning shakedown,7,33.2,648.66,Technical Esses,Sector 2,52.37,0.0,14.6,6073.0,86.9,395.22,53.25
S01,Cool morning shakedown,7,33.7,655.91,Technical Esses,Sector 2,52.63,2.4,15.8,6095.0,72.6,394.22,53.02
S01,Cool morning shakedown,7,34.2,663.18,Technical Esses,Sector 2,52.67,3.1,17.8,6098.0,64.5,394.39,52.78
S01,Cool morning shakedown,7,34.7,670.44,Technical Esses,Sector 2,52.55,0.0,11.3,6088.0,56.2,394.46,52.55
S01,Cool morning shakedown,7,35.2,677.68,Technical Esses,Sector 2,52.51,1.7,14.5,6085.0,45.6,394.0,52.3
S01,Cool morning shakedown,7,35.7,684.95,Technical Esses,Sector 2,52.66,0.0,14.9,6097.0,30.4,394.65,52.08
S01,Cool morning shakedown,7,36.2,692.19,Technical Esses,Sector 2,52.53,0.8,16.2,6086.0,16.6,395.01,51.85
S01,Cool morning shakedown,7,36.7,699.45,Technical Esses,Sector 2,52.53,0.0,16.1,6086.0,3.7,394.41,51.62
S01,Cool morning shakedown,7,37.2,707.13,Long Straight,Sector 3,58.88,96.4,0.0,6604.0,-1.2,384.7,52.05
S01,Cool morning shakedown,7,37.7,715.98,Long Straight,Sector 3,66.8,98.9,0.0,7251.0,4.2,384.84,52.56
S01,Cool morning shakedown,7,38.2,725.88,Long Straight,Sector 3,74.02,99.6,0.0,7840.0,2.2,384.76,53.16
S01,Cool morning shakedown,7,38.7,736.7,Long Straight,Sector 3,80.37,100.0,0.0,8358.0,0.2,383.31,53.82
S01,Cool morning shakedown,7,39.2,748.33,Long Straight,Sector 3,85.93,99.4,0.0,8812.0,0.8,384.29,54.53
S01,Cool morning shakedown,7,39.7,760.67,Long Straight,Sector 3,90.77,100.0,0.0,9207.0,-0.9,382.49,55.29
S01,Cool morning shakedown,7,40.2,773.64,Long Straight,Sector 3,94.99,95.8,0.0,9551.0,0.8,383.59,56.08
S01,Cool morning shakedown,7,40.7,787.14,Long Straight,Sector 3,98.66,95.0,0.0,9851.0,0.3,384.07,56.92
S01,Cool morning shakedown,7,41.2,801.1,Long Straight,Sector 3,101.77,100.0,0.0,10104.0,-1.5,381.97,57.79
S01,Cool morning shakedown,7,41.7,815.47,Long Straight,Sector 3,104.47,100.0,0.0,10325.0,-2.2,381.54,58.67
S01,Cool morning shakedown,7,42.2,830.18,Long Straight,Sector 3,106.81,98.2,0.0,10516.0,1.2,382.75,59.58
S01,Cool morning shakedown,7,42.7,845.18,Long Straight,Sector 3,108.75,100.0,0.0,10674.0,-0.6,382.78,60.48
S01,Cool morning shakedown,7,43.2,860.43,Long Straight,Sector 3,110.43,98.0,0.0,10811.0,-0.9,381.8,61.39
S01,Cool morning shakedown,7,43.7,875.0,Long Straight,Sector 3,95.91,1.0,100.0,9626.0,1.0,393.74,61.18
S01,Cool morning shakedown,7,44.2,886.24,Long Straight,Sector 3,70.93,0.0,100.0,7588.0,1.9,394.9,60.69
S01,Cool morning shakedown,7,44.7,894.06,Long Straight,Sector 3,47.5,0.0,61.8,5676.0,-1.5,394.62,60.22
S01,Cool morning shakedown,7,45.2,899.79,Long Straight,Sector 3,38.67,0.0,15.4,4955.0,1.5,395.23,59.73
S01,Cool morning shakedown,7,45.7,905.03,Long Straight,Sector 3,37.22,0.2,13.7,4837.0,-0.1,394.82,59.39
S01,Cool morning shakedown,7,46.2,910.22,Long Straight,Sector 3,36.35,100.0,0.0,4766.0,1.1,386.42,59.17
S01,Cool morning shakedown,7,46.7,915.44,Long Straight,Sector 3,38.41,2.0,10.7,4934.0,-1.7,394.9,58.82
S01,Cool morning shakedown,7,47.2,920.65,Hairpin,Sector 3,37.92,6.1,14.4,4895.0,-1.8,393.95,58.49
S01,Cool morning shakedown,7,47.7,925.77,Hairpin,Sector 3,36.59,34.9,0.0,4786.0,-31.0,392.65,58.14
S01,Cool morning shakedown,7,48.2,930.86,Hairpin,Sector 3,36.49,28.9,0.0,4777.0,-45.7,391.74,57.78
S01,Cool morning shakedown,7,48.7,935.96,Hairpin,Sector 3,36.38,28.7,0.0,4769.0,-61.0,392.89,57.45
S01,Cool morning shakedown,7,49.2,941.07,Hairpin,Sector 3,36.62,29.8,0.0,4789.0,-80.5,391.86,57.11
S01,Cool morning shakedown,7,49.7,946.19,Hairpin,Sector 3,36.8,25.9,0.0,4803.0,-95.8,392.83,56.77
S01,Cool morning shakedown,7,50.2,951.3,Hairpin,Sector 3,36.74,28.5,0.0,4798.0,-106.0,392.94,56.43
S01,Cool morning shakedown,7,50.7,956.43,Hairpin,Sector 3,36.56,28.7,0.0,4783.0,-111.2,392.41,56.1
S01,Cool morning shakedown,7,51.2,961.55,Hairpin,Sector 3,36.67,29.1,0.0,4792.0,-118.8,393.68,55.79
S01,Cool morning shakedown,7,51.7,966.66,Hairpin,Sector 3,36.35,33.2,0.0,4767.0,-116.6,392.42,55.47
S01,Cool morning shakedown,7,52.2,971.77,Hairpin,Sector 3,36.74,34.8,0.0,4798.0,-118.3,391.66,55.16
S01,Cool morning shakedown,7,52.7,976.91,Hairpin,Sector 3,37.1,2.9,18.0,4827.0,-112.0,394.6,54.83
S01,Cool morning shakedown,7,53.2,982.0,Hairpin,Sector 3,36.77,26.1,0.0,4800.0,-99.1,393.19,54.55
S01,Cool morning shakedown,7,53.7,987.11,Hairpin,Sector 3,36.96,0.1,15.3,4816.0,-86.4,394.31,54.21
S01,Cool morning shakedown,7,54.2,992.21,Hairpin,Sector 3,36.92,0.0,13.8,4813.0,-66.8,394.82,53.9
S01,Cool morning shakedown,7,54.7,997.32,Hairpin,Sector 3,37.01,0.0,18.0,4820.0,-55.5,394.9,53.6
S01,Cool morning shakedown,7,55.2,1002.39,Hairpin,Sector 3,36.77,28.3,0.0,4801.0,-30.9,392.92,53.34
S01,Cool morning shakedown,7,55.7,1007.52,Hairpin,Sector 3,37.06,0.8,16.4,4824.0,-9.9,394.83,53.01
S01,Cool morning shakedown,7,56.2,1012.78,Final Corner,Sector 3,40.47,77.7,0.0,5102.0,2.3,388.64,52.99
S01,Cool morning shakedown,7,56.7,1019.06,Final Corner,Sector 3,48.43,78.7,0.0,5752.0,14.1,387.52,53.17
S01,Cool morning shakedown,7,57.2,1026.4,Final Corner,Sector 3,55.75,81.6,0.0,6349.0,27.4,387.29,53.41
S01,Cool morning shakedown,7,57.7,1034.71,Final Corner,Sector 3,62.48,80.4,0.0,6898.0,42.7,386.62,53.71
S01,Cool morning shakedown,7,58.2,1043.89,Final Corner,Sector 3,67.9,31.2,0.0,7341.0,49.0,391.59,53.88
S01,Cool morning shakedown,7,58.7,1053.5,Final Corner,Sector 3,70.0,3.0,13.5,7512.0,56.0,395.25,53.77
S01,Cool morning shakedown,7,59.2,1063.17,Final Corner,Sector 3,69.69,38.5,0.0,7486.0,46.5,391.69,53.63
S01,Cool morning shakedown,7,59.7,1072.85,Final Corner,Sector 3,69.33,36.0,0.0,7457.0,45.6,390.3,53.44
S01,Cool morning shakedown,7,60.2,1082.54,Final Corner,Sector 3,69.39,36.6,0.0,7462.0,28.7,390.23,53.26
S01,Cool morning shakedown,7,60.7,1092.24,Final Corner,Sector 3,69.3,40.4,0.0,7455.0,15.1,390.79,53.07
S01,Cool morning shakedown,8,0.1,1.99,Main Straight,Sector 1,71.5,97.1,0.0,7634.0,-2.5,383.85,53.22
S01,Cool morning shakedown,8,0.6,12.48,Main Straight,Sector 1,78.11,99.1,0.0,8174.0,0.8,383.54,53.85
S01,Cool morning shakedown,8,1.1,23.82,Main Straight,Sector 1,83.93,100.0,0.0,8649.0,-2.7,382.95,54.54
S01,Cool morning shakedown,8,1.6,35.92,Main Straight,Sector 1,89.12,100.0,0.0,9072.0,-0.6,382.61,55.3
S01,Cool morning shakedown,8,2.1,48.68,Main Straight,Sector 1,93.52,99.4,0.0,9431.0,-0.6,383.26,56.07
S01,Cool morning shakedown,8,2.6,61.99,Main Straight,Sector 1,97.39,94.1,0.0,9747.0,0.9,382.4,56.88
S01,Cool morning shakedown,8,3.1,75.8,Main Straight,Sector 1,100.67,96.6,0.0,10015.0,0.2,382.72,57.73
S01,Cool morning shakedown,8,3.6,90.02,Main Straight,Sector 1,103.5,100.0,0.0,10246.0,-3.0,380.69,58.6
S01,Cool morning shakedown,8,4.1,104.6,Main Straight,Sector 1,105.97,98.0,0.0,10447.0,0.3,381.6,59.49
S01,Cool morning shakedown,8,4.6,119.5,Main Straight,Sector 1,108.05,93.3,0.0,10617.0,3.1,382.48,60.38
S01,Cool morning shakedown,8,5.1,134.65,Main Straight,Sector 1,109.77,100.0,0.0,10757.0,0.2,380.08,61.27
S01,Cool morning shakedown,8,5.6,150.03,Main Straight,Sector 1,111.33,99.1,0.0,10884.0,-0.5,381.19,62.21
S01,Cool morning shakedown,8,6.1,165.53,Main Straight,Sector 1,111.83,2.8,95.8,10926.0,-2.1,392.91,62.57
S01,Cool morning shakedown,8,6.6,179.1,Main Straight,Sector 1,89.16,2.1,60.8,9075.0,-1.4,394.58,62.09
S01,Cool morning shakedown,8,7.1,190.39,Main Straight,Sector 1,77.17,0.0,29.2,8097.0,0.6,394.24,61.6
S01,Cool morning shakedown,8,7.6,200.6,Main Straight,Sector 1,71.63,5.9,16.5,7645.0,0.7,394.05,61.14
S01,Cool morning shakedown,8,8.1,210.19,Main Straight,Sector 1,67.71,98.6,0.0,7325.0,-0.9,384.26,60.84
S01,Cool morning shakedown,8,8.6,219.75,Main Straight,Sector 1,68.81,0.0,16.2,7415.0,-1.1,393.01,60.55
S01,Cool morning shakedown,8,9.1,229.05,Turn 1 Braking Zone,Sector 1,64.68,0.0,21.3,7077.0,0.4,394.99,60.14
S01,Cool morning shakedown,8,9.6,237.7,Turn 1 Braking Zone,Sector 1,61.14,4.5,11.9,6789.0,-2.9,394.13,59.68
S01,Cool morning shakedown,8,10.1,246.08,Turn 1 Braking Zone,Sector 1,59.73,73.7,0.0,6674.0,-1.7,387.1,59.48
S01,Cool morning shakedown,8,10.6,254.47,Turn 1 Braking Zone,Sector 1,60.18,76.8,0.0,6711.0,-0.4,386.92,59.27
S01,Cool morning shakedown,8,11.1,262.88,Turn 1 Braking Zone,Sector 1,60.53,3.8,14.3,6740.0,1.7,394.12,58.94
S01,Cool morning shakedown,8,11.6,271.25,Turn 1 Braking Zone,Sector 1,60.78,0.0,10.3,6760.0,2.2,394.81,58.75
S01,Cool morning shakedown,8,12.1,279.63,Turn 1 Braking Zone,Sector 1,61.24,0.0,16.2,6797.0,-0.4,394.91,58.56
S01,Cool morning shakedown,8,12.6,287.97,Turn 1 Medium Left,Sector 1,59.74,35.5,0.0,6675.0,-21.1,389.55,58.28
S01,Cool morning shakedown,8,13.1,296.31,Turn 1 Medium Left,Sector 1,59.78,31.0,0.0,6678.0,-28.7,389.85,58.0
S01,Cool morning shakedown,8,13.6,304.65,Turn 1 Medium Left,Sector 1,59.46,37.2,0.0,6652.0,-46.9,391.25,57.74
S01,Cool morning shakedown,8,14.1,313.01,Turn 1 Medium Left,Sector 1,60.63,0.0,16.0,6747.0,-58.5,394.15,57.47
S01,Cool morning shakedown,8,14.6,321.34,Turn 1 Medium Left,Sector 1,60.34,4.8,12.5,6723.0,-63.0,392.77,57.19
S01,Cool morning shakedown,8,15.1,329.68,Turn 1 Medium Left,Sector 1,60.21,40.4,0.0,6713.0,-68.5,390.08,57.0
S01,Cool morning shakedown,8,15.6,338.03,Turn 1 Medium Left,Sector 1,60.02,36.0,0.0,6697.0,-74.8,390.23,56.75
S01,Cool morning shakedown,8,16.1,346.38,Turn 1 Medium Left,Sector 1,59.73,35.4,0.0,6674.0,-71.6,390.45,56.49
S01,Cool morning shakedown,8,16.6,354.73,Turn 1 Medium Left,Sector 1,59.53,33.9,0.0,6657.0,-63.7,390.5,56.24
S01,Cool morning shakedown,8,17.1,363.09,Turn 1 Medium Left,Sector 1,60.56,6.2,13.8,6742.0,-50.8,393.76,55.99
S01,Cool morning shakedown,8,17.6,371.43,Turn 1 Medium Left,Sector 1,60.42,4.8,17.5,6730.0,-42.4,394.24,55.74
S01,Cool morning shakedown,8,18.1,379.76,Turn 1 Medium Left,Sector 1,60.07,34.4,0.0,6702.0,-23.7,389.9,55.54
S01,Cool morning shakedown,8,18.6,388.1,Turn 1 Medium Left,Sector 1,59.98,35.6,0.0,6695.0,0.3,390.92,55.3
S01,Cool morning shakedown,8,19.1,396.69,Back Straight,Sector 2,64.63,97.8,0.0,7074.0,3.2,385.34,55.59
S01,Cool morning shakedown,8,19.6,406.3,Back Straight,Sector 2,72.09,99.5,0.0,7682.0,-0.2,383.64,56.13
S01,Cool morning shakedown,8,20.1,416.87,Back Straight,Sector 2,78.74,94.9,0.0,8225.0,-0.8,383.35,56.74
S01,Cool morning shakedown,8,20.6,428.29,Back Straight,Sector 2,84.45,100.0,0.0,8691.0,0.3,381.8,57.41
S01,Cool morning shakedown,8,21.1,440.44,Back Straight,Sector 2,89.51,100.0,0.0,9104.0,3.4,382.65,58.13
S01,Cool morning shakedown,8,21.6,453.25,Back Straight,Sector 2,93.88,0.0,15.4,9460.0,2.1,393.98,58.63
S01,Cool morning shakedown,8,22.1,466.15,Back Straight,Sector 2,93.44,0.0,15.4,9424.0,-2.4,393.33,58.67
S01,Cool morning shakedown,8,22.6,479.09,Back Straight,Sector 2,92.98,94.9,0.0,9387.0,0.2,383.85,58.93
S01,Cool morning shakedown,8,23.1,492.04,Back Straight,Sector 2,92.44,96.4,0.0,9343.0,-3.0,383.11,58.95
S01,Cool morning shakedown,8,23.6,504.98,Back Straight,Sector 2,93.7,0.0,13.7,9446.0,-0.1,393.26,58.98
S01,Cool morning shakedown,8,24.1,516.51,Back Straight,Sector 2,73.07,1.8,79.0,7762.0,-1.2,393.99,58.52
S01,Cool morning shakedown,8,24.6,525.37,Back Straight,Sector 2,59.44,0.8,29.5,6651.0,-2.2,394.24,58.07
S01,Cool morning shakedown,8,25.1,533.15,Back Straight,Sector 2,54.41,0.0,10.5,6239.0,-1.2,393.76,57.62
S01,Cool morning shakedown,8,25.6,540.54,Back Straight,Sector 2,53.93,0.0,14.7,6201.0,-0.6,394.59,57.32
S01,Cool morning shakedown,8,26.1,547.85,Back Straight,Sector 2,52.75,0.6,10.4,6104.0,0.0,394.01,57.04
S01,Cool morning shakedown,8,26.6,555.18,Back Straight,Sector 2,51.88,100.0,0.0,6034.0,1.1,385.05,56.92
S01,Cool morning shakedown,8,27.1,562.49,Technical Esses,Sector 2,52.28,0.0,11.9,6066.0,4.5,393.98,56.52
S01,Cool morning shakedown,8,27.6,569.75,Technical Esses,Sector 2,52.58,0.0,12.8,6090.0,22.8,394.3,56.25
S01,Cool morning shakedown,8,28.1,576.98,Technical Esses,Sector 2,51.52,27.3,0.0,6004.0,34.2,391.73,55.96
S01,Cool morning shakedown,8,28.6,584.2,Technical Esses,Sector 2,52.37,0.0,13.4,6073.0,48.0,394.4,55.68
S01,Cool morning shakedown,8,29.1,591.44,Technical Esses,Sector 2,52.27,0.0,14.1,6065.0,61.5,394.87,55.4
S01,Cool morning shakedown,8,29.6,598.68,Technical Esses,Sector 2,52.41,2.4,11.0,6077.0,66.8,394.03,55.13
S01,Cool morning shakedown,8,30.1,605.92,Technical Esses,Sector 2,52.6,2.8,12.4,6092.0,74.9,393.75,54.87
S01,Cool morning shakedown,8,30.6,613.15,Technical Esses,Sector 2,51.7,24.7,0.0,6018.0,84.8,391.97,54.6
S01,Cool morning shakedown,8,31.1,620.41,Technical Esses,Sector 2,52.63,4.3,12.3,6094.0,88.3,394.04,54.34
S01,Cool morning shakedown,8,31.6,627.65,Technical Esses,Sector 2,51.71,28.1,0.0,6019.0,86.7,391.35,54.07
S01,Cool morning shakedown,8,32.1,634.9,Technical Esses,Sector 2,51.9,34.6,0.0,6035.0,92.7,391.88,53.82
S01,Cool morning shakedown,8,32.6,642.14,Technical Esses,Sector 2,51.65,34.2,0.0,6015.0,81.7,390.81,53.56
S01,Cool morning shakedown,8,33.1,649.39,Technical Esses,Sector 2,51.58,33.4,0.0,6009.0,85.6,391.36,53.32
S01,Cool morning shakedown,8,33.6,656.64,Technical Esses,Sector 2,52.68,0.0,16.6,6099.0,77.8,394.87,53.06
S01,Cool morning shakedown,8,34.1,663.88,Technical Esses,Sector 2,52.58,3.6,18.2,6091.0,61.0,393.89,52.83
S01,Cool morning shakedown,8,34.6,671.12,Technical Esses,Sector 2,52.29,1.0,15.8,6067.0,56.4,394.64,52.59
S01,Cool morning shakedown,8,35.1,678.35,Technical Esses,Sector 2,52.49,5.7,16.2,6083.0,46.4,393.99,52.37
S01,Cool morning shakedown,8,35.6,685.6,Technical Esses,Sector 2,52.38,0.2,14.5,6075.0,33.8,393.65,52.14
S01,Cool morning shakedown,8,36.1,692.86,Technical Esses,Sector 2,52.61,0.4,11.5,6093.0,14.2,394.62,51.9
S01,Cool morning shakedown,8,36.6,700.09,Long Straight,Sector 3,51.6,100.0,0.0,6010.0,0.7,385.54,51.79
S01,Cool morning shakedown,8,37.1,708.01,Long Straight,Sector 3,60.53,98.6,0.0,6739.0,3.5,385.18,52.24
S01,Cool morning shakedown,8,37.6,717.09,Long Straight,Sector 3,68.46,96.4,0.0,7386.0,1.7,383.45,52.78
S01,Cool morning shakedown,8,38.1,727.19,Long Straight,Sector 3,75.49,100.0,0.0,7960.0,-3.4,383.2,53.4
S01,Cool morning shakedown,8,38.6,738.2,Long Straight,Sector 3,81.63,100.0,0.0,8461.0,-1.2,382.62,54.06
S01,Cool morning shakedown,8,39.1,750.0,Long Straight,Sector 3,87.08,98.6,0.0,8906.0,-1.9,381.15,54.79
S01,Cool morning shakedown,8,39.6,762.49,Long Straight,Sector 3,91.84,100.0,0.0,9294.0,0.6,382.05,55.58
S01,Cool morning shakedown,8,40.1,775.6,Long Straight,Sector 3,95.92,97.2,0.0,9627.0,-1.5,382.34,56.38
S01,Cool morning shakedown,8,40.6,789.22,Long Straight,Sector 3,99.47,98.2,0.0,9917.0,2.2,381.74,57.23
S01,Cool morning shakedown,8,41.1,803.29,Long Straight,Sector 3,102.49,100.0,0.0,10163.0,0.1,382.03,58.1
S01,Cool morning shakedown,8,41.6,817.75,Long Straight,Sector 3,105.11,99.7,0.0,10377.0,-1.5,381.52,59.0
S01,Cool morning shakedown,8,42.1,832.53,Long Straight,Sector 3,107.32,96.6,0.0,10557.0,1.2,381.74,59.89
S01,Cool morning shakedown,8,42.6,847.6,Long Straight,Sector 3,109.2,100.0,0.0,10710.0,-0.5,380.92,60.8
S01,Cool morning shakedown,8,43.1,862.9,Long Straight,Sector 3,110.82,100.0,0.0,10843.0,2.6,381.61,61.73
S01,Cool morning shakedown,8,43.6,876.97,Long Straight,Sector 3,91.42,2.9,100.0,9260.0,-1.0,394.45,61.23
S01,Cool morning shakedown,8,44.1,887.57,Long Straight,Sector 3,66.32,0.0,100.0,7212.0,2.7,395.21,60.74
S01,Cool morning shakedown,8,44.6,894.82,Long Straight,Sector 3,44.6,3.1,44.9,5440.0,1.4,393.15,60.27
S01,Cool morning shakedown,8,45.1,900.38,Long Straight,Sector 3,38.28,0.0,15.2,4924.0,-1.1,394.21,59.8
S01,Cool morning shakedown,8,45.6,905.54,Long Straight,Sector 3,37.36,4.4,11.7,4848.0,0.0,393.8,59.45
S01,Cool morning shakedown,8,46.1,910.75,Long Straight,Sector 3,36.73,99.2,0.0,4797.0,-1.2,386.69,59.22
S01,Cool morning shakedown,8,46.6,916.02,Long Straight,Sector 3,38.73,0.0,18.2,4960.0,-1.2,394.23,58.88
S01,Cool morning shakedown,8,47.1,921.23,Hairpin,Sector 3,37.61,2.8,16.2,4869.0,-7.4,393.69,58.55
S01,Cool morning shakedown,8,47.6,926.36,Hairpin,Sector 3,37.46,0.0,11.5,4857.0,-23.2,393.72,58.2
S01,Cool morning shakedown,8,48.1,931.46,Hairpin,Sector 3,36.25,33.2,0.0,4758.0,-50.6,390.62,57.86
S01,Cool morning shakedown,8,48.6,936.59,Hairpin,Sector 3,36.55,30.7,0.0,4782.0,-67.0,392.5,57.52
S01,Cool morning shakedown,8,49.1,941.69,Hairpin,Sector 3,36.81,31.9,0.0,4803.0,-84.6,392.23,57.18
S01,Cool morning shakedown,8,49.6,946.82,Hairpin,Sector 3,36.83,31.3,0.0,4806.0,-94.6,391.78,56.84
S01,Cool morning shakedown,8,50.1,951.95,Hairpin,Sector 3,36.73,27.0,0.0,4797.0,-108.0,392.81,56.51
S01,Cool morning shakedown,8,50.6,957.06,Hairpin,Sector 3,36.8,27.1,0.0,4803.0,-119.2,390.87,56.18
S01,Cool morning shakedown,8,51.1,962.16,Hairpin,Sector 3,36.88,31.4,0.0,4810.0,-123.0,391.17,55.87
S01,Cool morning shakedown,8,51.6,967.31,Hairpin,Sector 3,37.13,5.2,12.1,4830.0,-120.4,394.5,55.52
S01,Cool morning shakedown,8,52.1,972.39,Hairpin,Sector 3,37.13,0.0,15.8,4830.0,-115.5,392.62,55.2
S01,Cool morning shakedown,8,52.6,977.49,Hairpin,Sector 3,36.84,30.8,0.0,4806.0,-107.6,390.47,54.94
S01,Cool morning shakedown,8,53.1,982.61,Hairpin,Sector 3,36.78,30.5,0.0,4801.0,-101.8,391.18,54.62
S01,Cool morning shakedown,8,53.6,987.73,Hairpin,Sector 3,36.88,33.4,0.0,4809.0,-82.4,391.8,54.33
S01,Cool morning shakedown,8,54.1,992.88,Hairpin,Sector 3,37.07,1.0,17.9,4825.0,-70.1,393.48,54.0
S01,Cool morning shakedown,8,54.6,997.98,Hairpin,Sector 3,37.12,0.0,15.2,4829.0,-48.4,394.79,53.7
S01,Cool morning shakedown,8,55.1,1003.08,Hairpin,Sector 3,37.39,0.0,13.4,4851.0,-26.4,393.64,53.42
S01,Cool morning shakedown,8,55.6,1008.18,Hairpin,Sector 3,36.26,31.9,0.0,4759.0,-6.1,391.96,53.13
S01,Cool morning shakedown,8,56.1,1013.62,Final Corner,Sector 3,42.22,81.5,0.0,5245.0,5.7,387.18,53.19
S01,Cool morning shakedown,8,56.6,1020.14,Final Corner,Sector 3,49.98,85.5,0.0,5878.0,14.4,386.31,53.38
S01,Cool morning shakedown,8,57.1,1027.7,Final Corner,Sector 3,57.33,76.4,0.0,6478.0,32.3,387.51,53.63
S01,Cool morning shakedown,8,57.6,1036.2,Final Corner,Sector 3,63.78,83.4,0.0,7004.0,41.8,386.52,53.94
S01,Cool morning shakedown,8,58.1,1045.52,Final Corner,Sector 3,68.36,33.0,0.0,7379.0,55.3,390.03,54.03
S01,Cool morning shakedown,8,58.6,1055.16,Final Corner,Sector 3,69.49,38.7,0.0,7470.0,57.5,390.11,53.92
S01,Cool morning shakedown,8,59.1,1064.84,Final Corner,Sector 3,69.15,42.3,0.0,7443.0,50.1,389.35,53.74
S01,Cool morning shakedown,8,59.6,1074.54,Final Corner,Sector 3,70.24,0.0,15.2,7531.0,44.3,393.93,53.55
S01,Cool morning shakedown,8,60.1,1084.22,Final Corner,Sector 3,70.02,1.5,15.8,7514.0,29.0,394.32,53.37
S01,Cool morning shakedown,8,60.6,1093.89,Final Corner,Sector 3,69.81,34.1,0.0,7497.0,10.7,390.6,53.25
S02,Baseline practice,1,0.1,0.06,Main Straight,Sector 1,2.32,99.9,0.0,1989.0,-0.4,391.93,39.02
S02,Baseline practice,1,0.6,1.43,Main Straight,Sector 1,14.71,100.0,0.0,3000.0,3.2,389.94,39.16
S02,Baseline practice,1,1.1,4.45,Main Straight,Sector 1,26.31,100.0,0.0,3947.0,-0.1,390.75,39.43
S02,Baseline practice,1,1.6,9.04,Main Straight,Sector 1,37.38,100.0,0.0,4850.0,-0.2,389.02,39.82
S02,Baseline practice,1,2.1,15.09,Main Straight,Sector 1,47.63,100.0,0.0,5686.0,1.8,390.08,40.32
S02,Baseline practice,1,2.6,22.49,Main Straight,Sector 1,56.93,100.0,0.0,6445.0,-0.8,388.77,40.92
S02,Baseline practice,1,3.1,31.11,Main Straight,Sector 1,65.35,97.1,0.0,7132.0,-4.0,388.89,41.6
S02,Baseline practice,1,3.6,40.81,Main Straight,Sector 1,72.78,97.3,0.0,7738.0,4.0,387.25,42.37
S02,Baseline practice,1,4.1,51.47,Main Straight,Sector 1,79.31,100.0,0.0,8272.0,4.7,387.41,43.2
S02,Baseline practice,1,4.6,62.97,Main Straight,Sector 1,85.03,97.3,0.0,8738.0,2.2,387.53,44.07
S02,Baseline practice,1,5.1,75.2,Main Straight,Sector 1,90.0,98.9,0.0,9144.0,1.6,386.54,45.0
S02,Baseline practice,1,5.6,88.07,Main Straight,Sector 1,94.31,100.0,0.0,9496.0,-0.6,386.08,45.96
S02,Baseline practice,1,6.1,101.49,Main Straight,Sector 1,98.06,100.0,0.0,9802.0,-0.3,386.03,46.95
S02,Baseline practice,1,6.6,115.39,Main Straight,Sector 1,101.34,98.8,0.0,10069.0,-1.8,386.15,47.99
S02,Baseline practice,1,7.1,129.7,Main Straight,Sector 1,104.11,99.8,0.0,10296.0,-0.7,385.35,49.04
S02,Baseline practice,1,7.6,144.36,Main Straight,Sector 1,106.49,100.0,0.0,10489.0,-1.1,384.92,50.1
S02,Baseline practice,1,8.1,159.32,Main Straight,Sector 1,108.5,100.0,0.0,10654.0,0.8,384.26,51.17
S02,Baseline practice,1,8.6,173.72,Main Straight,Sector 1,96.05,0.0,66.2,9637.0,-0.1,398.31,51.14
S02,Baseline practice,1,9.1,185.85,Main Straight,Sector 1,82.58,0.8,28.8,8538.0,0.9,397.34,50.81
S02,Baseline practice,1,9.6,196.74,Main Straight,Sector 1,76.18,0.0,18.4,8016.0,-0.9,397.62,50.48
S02,Baseline practice,1,10.1,207.01,Main Straight,Sector 1,72.59,0.0,15.9,7723.0,-0.1,398.75,50.16
S02,Baseline practice,1,10.6,216.95,Main Straight,Sector 1,71.05,0.0,13.9,7598.0,2.7,397.22,50.05
S02,Baseline practice,1,11.1,226.81,Turn 1 Braking Zone,Sector 1,70.85,2.0,27.6,7582.0,2.2,398.59,50.0
S02,Baseline practice,1,11.6,236.2,Turn 1 Braking Zone,Sector 1,65.96,0.0,14.6,7182.0,0.7,398.24,49.7
S02,Baseline practice,1,12.1,245.09,Turn 1 Braking Zone,Sector 1,64.09,0.7,12.6,7030.0,1.2,397.98,49.54
S02,Baseline practice,1,12.6,253.86,Turn 1 Braking Zone,Sector 1,62.49,76.5,0.0,6899.0,0.0,390.6,49.51
S02,Baseline practice,1,13.1,262.65,Turn 1 Braking Zone,Sector 1,62.58,80.2,0.0,6907.0,1.0,390.51,49.5
S02,Baseline practice,1,13.6,271.43,Turn 1 Braking Zone,Sector 1,63.04,0.0,13.0,6944.0,-2.3,398.2,49.32
S02,Baseline practice,1,14.1,280.21,Turn 1 Medium Left,Sector 1,63.1,0.0,14.1,6949.0,2.7,399.07,49.3
S02,Baseline practice,1,14.6,288.91,Turn 1 Medium Left,Sector 1,63.06,0.3,16.9,6946.0,-19.4,396.41,49.19
S02,Baseline practice,1,15.1,297.61,Turn 1 Medium Left,Sector 1,62.8,31.8,0.0,6925.0,-30.8,395.62,49.14
S02,Baseline practice,1,15.6,306.34,Turn 1 Medium Left,Sector 1,62.48,30.8,0.0,6898.0,-55.3,396.16,49.02
S02,Baseline practice,1,16.1,315.06,Turn 1 Medium Left,Sector 1,62.09,38.2,0.0,6866.0,-59.3,394.34,48.9
S02,Baseline practice,1,16.6,323.78,Turn 1 Medium Left,Sector 1,63.27,1.7,14.8,6963.0,-67.4,397.65,48.79
S02,Baseline practice,1,17.1,332.51,Turn 1 Medium Left,Sector 1,63.31,0.7,11.5,6966.0,-70.5,397.06,48.69
S02,Baseline practice,1,17.6,341.24,Turn 1 Medium Left,Sector 1,63.27,2.2,12.6,6963.0,-73.5,397.85,48.59
S02,Baseline practice,1,18.1,349.97,Turn 1 Medium Left,Sector 1,63.34,5.6,14.7,6969.0,-64.3,396.99,48.48
S02,Baseline practice,1,18.6,358.69,Turn 1 Medium Left,Sector 1,63.14,0.0,15.4,6953.0,-60.7,397.67,48.38
S02,Baseline practice,1,19.1,367.41,Turn 1 Medium Left,Sector 1,62.98,0.0,12.4,6939.0,-42.3,398.27,48.26
S02,Baseline practice,1,19.6,376.12,Turn 1 Medium Left,Sector 1,62.81,36.8,0.0,6925.0,-32.1,394.76,48.2
S02,Baseline practice,1,20.1,384.82,Turn 1 Medium Left,Sector 1,62.6,36.6,0.0,6908.0,-12.5,394.14,48.11
S02,Baseline practice,1,20.6,393.66,Back Straight,Sector 2,65.9,100.0,0.0,7178.0,1.3,387.78,48.44
S02,Baseline practice,1,21.1,403.44,Back Straight,Sector 2,73.22,97.5,0.0,7775.0,0.0,387.73,49.12
S02,Baseline practice,1,21.6,414.16,Back Straight,Sector 2,79.68,100.0,0.0,8302.0,0.6,387.0,49.88
S02,Baseline practice,1,22.1,425.71,Back Straight,Sector 2,85.44,96.2,0.0,8772.0,3.1,386.45,50.69
S02,Baseline practice,1,22.6,438.0,Back Straight,Sector 2,90.38,96.7,0.0,9175.0,0.9,386.88,51.55
S02,Baseline practice,1,23.1,450.91,Back Straight,Sector 2,94.66,97.5,0.0,9524.0,1.1,386.13,52.45
S02,Baseline practice,1,23.6,464.29,Back Straight,Sector 2,96.86,36.8,0.0,9703.0,0.0,394.17,52.78
S02,Baseline practice,1,24.1,477.82,Back Straight,Sector 2,97.81,43.3,0.0,9781.0,0.7,392.35,52.98
S02,Baseline practice,1,24.6,491.48,Back Straight,Sector 2,98.75,37.8,0.0,9858.0,-2.4,393.73,53.15
S02,Baseline practice,1,25.1,505.27,Back Straight,Sector 2,99.58,0.0,96.6,9926.0,-1.5,398.12,53.23
S02,Baseline practice,1,25.6,517.08,Back Straight,Sector 2,75.7,0.0,68.5,7977.0,-1.4,397.39,52.89
S02,Baseline practice,1,26.1,526.45,Back Straight,Sector 2,63.46,0.5,28.6,6978.0,4.3,398.78,52.54
S02,Baseline practice,1,26.6,534.8,Back Straight,Sector 2,58.55,1.6,17.7,6578.0,0.1,398.36,52.2
S02,Baseline practice,1,27.1,542.72,Back Straight,Sector 2,57.11,2.1,15.9,6460.0,0.6,397.18,52.03
S02,Baseline practice,1,27.6,550.56,Back Straight,Sector 2,56.03,0.0,15.7,6372.0,0.3,397.31,51.87
S02,Baseline practice,1,28.1,558.36,Back Straight,Sector 2,57.2,0.4,16.2,6467.0,-1.3,398.16,51.87
S02,Baseline practice,1,28.6,566.14,Technical Esses,Sector 2,55.95,29.3,0.0,6366.0,11.0,395.38,51.7
S02,Baseline practice,1,29.1,573.91,Technical Esses,Sector 2,55.8,34.3,0.0,6353.0,27.9,395.39,51.53
S02,Baseline practice,1,29.6,581.67,Technical Esses,Sector 2,55.72,35.2,0.0,6347.0,42.3,395.0,51.35
S02,Baseline practice,1,30.1,589.43,Technical Esses,Sector 2,55.4,32.6,0.0,6321.0,50.2,394.2,51.18
S02,Baseline practice,1,30.6,597.19,Technical Esses,Sector 2,55.31,32.4,0.0,6313.0,66.3,395.39,51.02
S02,Baseline practice,1,31.1,604.96,Technical Esses,Sector 2,56.46,2.0,15.7,6407.0,79.5,398.14,50.87
S02,Baseline practice,1,31.6,612.72,Technical Esses,Sector 2,56.3,1.6,14.9,6394.0,82.9,397.89,50.7
S02,Baseline practice,1,32.1,620.49,Technical Esses,Sector 2,56.11,0.0,15.5,6378.0,89.3,398.36,50.54
S02,Baseline practice,1,32.6,628.23,Technical Esses,Sector 2,55.89,27.8,0.0,6360.0,90.3,395.66,50.42
S02,Baseline practice,1,33.1,636.0,Technical Esses,Sector 2,55.63,29.8,0.0,6340.0,89.5,394.65,50.24
S02,Baseline practice,1,33.6,643.74,Technical Esses,Sector 2,55.35,29.7,0.0,6317.0,81.7,395.37,50.09
S02,Baseline practice,1,34.1,651.51,Technical Esses,Sector 2,56.45,0.0,18.3,6406.0,79.9,398.34,49.94
S02,Baseline practice,1,34.6,659.22,Technical Esses,Sector 2,55.82,37.2,0.0,6355.0,72.5,393.33,49.84
S02,Baseline practice,1,35.1,667.0,Technical Esses,Sector 2,55.81,31.7,0.0,6354.0,61.6,395.46,49.69
S02,Baseline practice,1,35.6,674.75,Technical Esses,Sector 2,55.8,34.0,0.0,6353.0,50.4,394.7,49.55
S02,Baseline practice,1,36.1,682.5,Technical Esses,Sector 2,55.66,35.5,0.0,6342.0,34.9,395.69,49.42
S02,Baseline practice,1,36.6,690.25,Technical Esses,Sector 2,55.34,36.8,0.0,6316.0,18.6,394.3,49.28
S02,Baseline practice,1,37.1,698.02,Technical Esses,Sector 2,55.61,29.6,0.0,6338.0,7.8,396.81,49.14
S02,Baseline practice,1,37.6,706.04,Long Straight,Sector 3,60.75,99.9,0.0,6757.0,-0.2,388.38,49.53
S02,Baseline practice,1,38.1,715.15,Long Straight,Sector 3,68.68,100.0,0.0,7404.0,-1.5,387.37,50.16
S02,Baseline practice,1,38.6,725.29,Long Straight,Sector 3,75.75,100.0,0.0,7982.0,1.4,388.15,50.86
S02,Baseline practice,1,39.1,736.33,Long Straight,Sector 3,81.89,97.4,0.0,8482.0,-2.8,386.37,51.61
S02,Baseline practice,1,39.6,748.16,Long Straight,Sector 3,87.3,100.0,0.0,8924.0,-2.2,386.21,52.43
S02,Baseline practice,1,40.1,760.69,Long Straight,Sector 3,92.03,95.9,0.0,9309.0,-2.6,386.23,53.29
S02,Baseline practice,1,40.6,773.81,Long Straight,Sector 3,96.06,97.2,0.0,9639.0,1.4,386.43,54.18
S02,Baseline practice,1,41.1,787.45,Long Straight,Sector 3,99.56,96.6,0.0,9924.0,0.2,386.19,55.09
S02,Baseline practice,1,41.6,801.53,Long Straight,Sector 3,102.58,100.0,0.0,10171.0,-0.3,385.15,56.05
S02,Baseline practice,1,42.1,816.0,Long Straight,Sector 3,105.21,100.0,0.0,10385.0,-2.4,385.55,57.04
S02,Baseline practice,1,42.6,830.8,Long Straight,Sector 3,107.42,100.0,0.0,10565.0,0.7,384.98,58.02
S02,Baseline practice,1,43.1,845.89,Long Straight,Sector 3,109.33,99.8,0.0,10721.0,1.2,384.9,59.02
S02,Baseline practice,1,43.6,861.21,Long Straight,Sector 3,110.94,100.0,0.0,10853.0,0.6,385.33,60.03
S02,Baseline practice,1,44.1,875.86,Long Straight,Sector 3,96.53,1.9,100.0,9676.0,1.0,397.12,59.89
S02,Baseline practice,1,44.6,887.18,Long Straight,Sector 3,71.66,0.0,98.9,7647.0,-2.5,398.1,59.47
S02,Baseline practice,1,45.1,895.12,Long Straight,Sector 3,48.71,0.0,47.8,5775.0,1.6,398.08,59.07
S02,Baseline practice,1,45.6,901.13,Long Straight,Sector 3,40.79,0.0,10.8,5129.0,3.8,399.19,58.65
S02,Baseline practice,1,46.1,906.59,Long Straight,Sector 3,40.07,0.9,14.5,5070.0,-2.3,397.19,58.37
S02,Baseline practice,1,46.6,912.02,Long Straight,Sector 3,39.37,0.0,16.3,5013.0,-1.1,397.87,58.09
S02,Baseline practice,1,47.1,917.48,Long Straight,Sector 3,38.42,96.4,0.0,4935.0,0.6,389.86,57.95
S02,Baseline practice,1,47.6,922.92,Hairpin,Sector 3,38.61,28.9,0.0,4950.0,-11.9,395.58,57.62
S02,Baseline practice,1,48.1,928.27,Hairpin,Sector 3,38.63,0.0,14.2,4952.0,-31.6,397.96,57.31
S02,Baseline practice,1,48.6,933.61,Hairpin,Sector 3,38.81,0.0,14.5,4967.0,-55.4,398.19,57.03
S02,Baseline practice,1,49.1,938.96,Hairpin,Sector 3,38.74,1.8,17.7,4961.0,-72.0,397.34,56.76
S02,Baseline practice,1,49.6,944.3,Hairpin,Sector 3,38.83,2.8,11.8,4968.0,-92.3,398.26,56.5
S02,Baseline practice,1,50.1,949.65,Hairpin,Sector 3,38.97,0.0,17.5,4980.0,-100.4,398.04,56.23
S02,Baseline practice,1,50.6,955.0,Hairpin,Sector 3,38.62,32.3,0.0,4951.0,-111.2,396.17,56.0
S02,Baseline practice,1,51.1,960.38,Hairpin,Sector 3,38.8,1.5,13.6,4966.0,-117.8,398.28,55.71
S02,Baseline practice,1,51.6,965.74,Hairpin,Sector 3,38.8,0.0,18.7,4966.0,-120.5,397.63,55.44
S02,Baseline practice,1,52.1,971.05,Hairpin,Sector 3,38.32,28.7,0.0,4927.0,-116.6,395.08,55.21
S02,Baseline practice,1,52.6,976.39,Hairpin,Sector 3,38.49,26.5,0.0,4941.0,-108.5,395.46,54.94
S02,Baseline practice,1,53.1,981.74,Hairpin,Sector 3,38.18,30.0,0.0,4915.0,-96.6,395.78,54.68
S02,Baseline practice,1,53.6,987.08,Hairpin,Sector 3,38.43,26.8,0.0,4936.0,-87.9,396.06,54.43
S02,Baseline practice,1,54.1,992.42,Hairpin,Sector 3,38.47,26.7,0.0,4939.0,-67.2,396.59,54.18
S02,Baseline practice,1,54.6,997.75,Hairpin,Sector 3,38.33,32.8,0.0,4928.0,-51.2,395.07,53.94
S02,Baseline practice,1,55.1,1003.1,Hairpin,Sector 3,38.26,34.4,0.0,4922.0,-26.1,395.68,53.7
S02,Baseline practice,1,55.6,1008.45,Hairpin,Sector 3,38.13,29.9,0.0,4911.0,-5.6,395.6,53.46
S02,Baseline practice,1,56.1,1014.0,Final Corner,Sector 3,42.72,81.0,0.0,5286.0,8.4,391.09,53.54
S02,Baseline practice,1,56.6,1020.61,Final Corner,Sector 3,50.67,81.0,0.0,5935.0,19.4,389.14,53.8
S02,Baseline practice,1,57.1,1028.26,Final Corner,Sector 3,57.91,81.3,0.0,6526.0,31.9,390.08,54.11
S02,Baseline practice,1,57.6,1036.85,Final Corner,Sector 3,64.42,79.6,0.0,7057.0,46.2,390.43,54.47
S02,Baseline practice,1,58.1,1046.3,Final Corner,Sector 3,70.35,40.0,0.0,7541.0,48.5,393.1,54.8
S02,Baseline practice,1,58.6,1056.26,Final Corner,Sector 3,72.6,32.6,0.0,7724.0,54.5,394.88,54.81
S02,Baseline practice,1,59.1,1066.4,Final Corner,Sector 3,73.34,0.4,16.5,7785.0,45.3,397.66,54.67
S02,Baseline practice,1,59.6,1076.53,Final Corner,Sector 3,73.1,40.2,0.0,7765.0,37.6,393.26,54.62
S02,Baseline practice,1,60.1,1086.67,Final Corner,Sector 3,72.85,40.0,0.0,7744.0,25.5,393.51,54.49
S02,Baseline practice,1,60.6,1096.8,Final Corner,Sector 3,73.52,0.0,11.0,7799.0,5.6,397.02,54.35
S02,Baseline practice,2,0.3,6.34,Main Straight,Sector 1,77.34,99.0,0.0,8111.0,-1.4,386.4,54.89
S02,Baseline practice,2,0.8,17.58,Main Straight,Sector 1,83.31,100.0,0.0,8598.0,2.5,386.35,55.63
S02,Baseline practice,2,1.3,29.6,Main Straight,Sector 1,88.58,96.3,0.0,9028.0,-0.8,386.16,56.41
S02,Baseline practice,2,1.8,42.29,Main Straight,Sector 1,93.13,98.0,0.0,9400.0,2.9,385.96,57.25
S02,Baseline practice,2,2.3,55.56,Main Straight,Sector 1,97.03,98.3,0.0,9717.0,-0.2,386.09,58.11
S02,Baseline practice,2,2.8,69.32,Main Straight,Sector 1,100.41,95.3,0.0,9994.0,2.3,385.22,58.99
S02,Baseline practice,2,3.3,83.51,Main Straight,Sector 1,103.27,100.0,0.0,10227.0,-0.2,384.98,59.9
S02,Baseline practice,2,3.8,98.07,Main Straight,Sector 1,105.79,100.0,0.0,10432.0,-0.3,383.85,60.85
S02,Baseline practice,2,4.3,112.94,Main Straight,Sector 1,107.92,100.0,0.0,10606.0,0.3,383.79,61.79
S02,Baseline practice,2,4.8,128.09,Main Straight,Sector 1,109.75,99.4,0.0,10755.0,-0.6,383.94,62.76
S02,Baseline practice,2,5.3,143.46,Main Straight,Sector 1,111.27,100.0,0.0,10880.0,0.8,384.47,63.71
S02,Baseline practice,2,5.8,159.02,Main Straight,Sector 1,112.57,96.7,0.0,10986.0,1.8,385.18,64.66
S02,Baseline practice,2,6.3,174.55,Main Straight,Sector 1,107.72,0.0,93.1,10590.0,-3.1,397.61,64.52
S02,Baseline practice,2,6.8,187.82,Main Straight,Sector 1,89.13,1.5,49.3,9073.0,-1.9,397.01,64.06
S02,Baseline practice,2,7.3,199.31,Main Straight,Sector 1,79.19,0.0,21.4,8262.0,-0.5,398.14,63.61
S02,Baseline practice,2,7.8,209.91,Main Straight,Sector 1,74.64,0.0,17.4,7891.0,-0.4,398.22,63.15
S02,Baseline practice,2,8.3,219.99,Main Straight,Sector 1,72.73,0.0,14.7,7735.0,-0.2,397.62,62.9
S02,Baseline practice,2,8.8,229.89,Turn 1 Braking Zone,Sector 1,71.0,36.4,0.0,7594.0,1.7,393.6,62.66
S02,Baseline practice,2,9.3,239.5,Turn 1 Braking Zone,Sector 1,67.2,0.1,14.4,7284.0,0.7,396.72,62.21
S02,Baseline practice,2,9.8,248.53,Turn 1 Braking Zone,Sector 1,63.69,0.0,17.5,6997.0,3.3,397.71,61.77
S02,Baseline practice,2,10.3,257.34,Turn 1 Braking Zone,Sector 1,64.0,0.0,18.2,7023.0,-1.8,397.97,61.63
S02,Baseline practice,2,10.8,266.16,Turn 1 Braking Zone,Sector 1,63.98,0.1,14.5,7021.0,-3.8,398.04,61.48
S02,Baseline practice,2,11.3,275.0,Turn 1 Braking Zone,Sector 1,63.99,0.0,19.0,7022.0,-1.9,397.71,61.31
S02,Baseline practice,2,11.8,283.82,Turn 1 Medium Left,Sector 1,63.3,32.7,0.0,6965.0,-12.4,394.0,61.15
S02,Baseline practice,2,12.3,292.59,Turn 1 Medium Left,Sector 1,63.05,35.3,0.0,6945.0,-23.3,393.65,60.92
S02,Baseline practice,2,12.8,301.35,Turn 1 Medium Left,Sector 1,63.06,37.4,0.0,6946.0,-42.6,393.9,60.68
S02,Baseline practice,2,13.3,310.11,Turn 1 Medium Left,Sector 1,62.79,31.6,0.0,6924.0,-53.3,394.48,60.42
S02,Baseline practice,2,13.8,318.91,Turn 1 Medium Left,Sector 1,63.82,0.0,19.9,7007.0,-61.8,396.1,60.19
S02,Baseline practice,2,14.3,327.67,Turn 1 Medium Left,Sector 1,62.73,37.0,0.0,6919.0,-71.1,393.84,59.97
S02,Baseline practice,2,14.8,336.46,Turn 1 Medium Left,Sector 1,62.94,34.3,0.0,6936.0,-73.6,394.07,59.75
S02,Baseline practice,2,15.3,345.23,Turn 1 Medium Left,Sector 1,62.88,34.5,0.0,6931.0,-68.0,393.42,59.52
S02,Baseline practice,2,15.8,354.02,Turn 1 Medium Left,Sector 1,62.9,32.6,0.0,6933.0,-65.0,394.33,59.29
S02,Baseline practice,2,16.3,362.81,Turn 1 Medium Left,Sector 1,62.61,37.4,0.0,6909.0,-51.7,394.17,59.09
S02,Baseline practice,2,16.8,371.6,Turn 1 Medium Left,Sector 1,63.72,0.0,12.9,7000.0,-33.6,396.76,58.87
S02,Baseline practice,2,17.3,380.39,Turn 1 Medium Left,Sector 1,63.75,1.2,13.2,7002.0,-16.2,397.47,58.66
S02,Baseline practice,2,17.8,389.17,Turn 1 Medium Left,Sector 1,63.49,0.0,12.7,6981.0,2.3,398.48,58.44
S02,Baseline practice,2,18.3,398.34,Back Straight,Sector 2,69.13,100.0,0.0,7441.0,2.5,386.67,58.99
S02,Baseline practice,2,18.8,408.53,Back Straight,Sector 2,76.05,100.0,0.0,8006.0,0.4,386.2,59.59
S02,Baseline practice,2,19.3,419.61,Back Straight,Sector 2,82.2,96.0,0.0,8508.0,-1.0,386.45,60.25
S02,Baseline practice,2,19.8,431.48,Back Straight,Sector 2,87.56,100.0,0.0,8945.0,2.6,386.39,60.98
S02,Baseline practice,2,20.3,444.04,Back Straight,Sector 2,92.22,99.4,0.0,9325.0,0.4,385.35,61.74
S02,Baseline practice,2,20.8,457.19,Back Straight,Sector 2,96.31,44.2,0.0,9659.0,2.6,392.13,62.42
S02,Baseline practice,2,21.3,470.66,Back Straight,Sector 2,97.37,38.9,0.0,9745.0,0.1,391.86,62.5
S02,Baseline practice,2,21.8,484.26,Back Straight,Sector 2,98.31,40.5,0.0,9822.0,0.1,392.75,62.58
S02,Baseline practice,2,22.3,497.99,Back Straight,Sector 2,99.2,38.5,0.0,9895.0,-0.1,393.11,62.66
S02,Baseline practice,2,22.8,511.4,Back Straight,Sector 2,89.61,0.5,99.3,9112.0,0.7,396.95,62.44
S02,Baseline practice,2,23.3,522.0,Back Straight,Sector 2,69.37,2.7,45.4,7461.0,-2.7,397.09,62.0
S02,Baseline practice,2,23.8,530.83,Back Straight,Sector 2,60.72,0.0,20.8,6755.0,-0.5,397.16,61.56
S02,Baseline practice,2,24.3,538.93,Back Straight,Sector 2,56.8,0.0,13.9,6435.0,0.3,397.51,61.13
S02,Baseline practice,2,24.8,546.76,Back Straight,Sector 2,56.04,1.5,17.6,6373.0,0.3,397.84,60.87
S02,Baseline practice,2,25.3,554.55,Back Straight,Sector 2,57.19,0.0,17.4,6466.0,1.2,396.93,60.77
S02,Baseline practice,2,25.8,562.38,Technical Esses,Sector 2,55.82,33.7,0.0,6355.0,4.6,393.67,60.56
S02,Baseline practice,2,26.3,570.13,Technical Esses,Sector 2,55.86,29.3,0.0,6358.0,25.1,394.06,60.29
S02,Baseline practice,2,26.8,577.86,Technical Esses,Sector 2,55.58,32.6,0.0,6335.0,34.2,394.52,60.03
S02,Baseline practice,2,27.3,585.6,Technical Esses,Sector 2,55.35,31.5,0.0,6317.0,54.4,394.76,59.76
S02,Baseline practice,2,27.8,593.37,Technical Esses,Sector 2,56.35,1.8,13.5,6398.0,65.7,397.78,59.5
S02,Baseline practice,2,28.3,601.09,Technical Esses,Sector 2,54.78,30.3,0.0,6270.0,72.5,394.41,59.25
S02,Baseline practice,2,28.8,608.84,Technical Esses,Sector 2,56.03,2.9,13.1,6372.0,78.2,397.15,59.01
S02,Baseline practice,2,29.3,616.56,Technical Esses,Sector 2,56.0,0.0,14.9,6369.0,88.9,397.36,58.76
S02,Baseline practice,2,29.8,624.3,Technical Esses,Sector 2,55.88,36.3,0.0,6360.0,92.8,394.34,58.57
S02,Baseline practice,2,30.3,632.07,Technical Esses,Sector 2,56.0,0.0,16.7,6369.0,92.9,397.23,58.28
S02,Baseline practice,2,30.8,639.79,Technical Esses,Sector 2,55.78,31.5,0.0,6352.0,85.2,394.28,58.1
S02,Baseline practice,2,31.3,647.56,Technical Esses,Sector 2,55.63,33.5,0.0,6339.0,82.2,394.08,57.87
S02,Baseline practice,2,31.8,655.29,Technical Esses,Sector 2,55.24,32.8,0.0,6308.0,77.7,395.12,57.62
S02,Baseline practice,2,32.3,663.05,Technical Esses,Sector 2,56.31,0.0,14.8,6395.0,65.1,397.49,57.39
S02,Baseline practice,2,32.8,670.79,Technical Esses,Sector 2,56.06,0.0,14.8,6375.0,49.4,397.56,57.14
S02,Baseline practice,2,33.3,678.55,Technical Esses,Sector 2,56.11,1.8,16.8,6379.0,39.9,397.96,56.94
S02,Baseline practice,2,33.8,686.28,Technical Esses,Sector 2,55.91,1.9,18.4,6362.0,23.7,396.99,56.71
S02,Baseline practice,2,34.3,693.98,Technical Esses,Sector 2,55.46,33.7,0.0,6325.0,11.1,394.25,56.55
S02,Baseline practice,2,34.8,701.77,Long Straight,Sector 3,57.79,97.1,0.0,6516.0,-3.5,387.9,56.6
S02,Baseline practice,2,35.3,710.48,Long Straight,Sector 3,66.0,100.0,0.0,7186.0,0.1,387.23,57.12
S02,Baseline practice,2,35.8,720.27,Long Straight,Sector 3,73.29,100.0,0.0,7781.0,-1.2,386.83,57.71
S02,Baseline practice,2,36.3,731.0,Long Straight,Sector 3,79.79,100.0,0.0,8311.0,2.1,386.26,58.38
S02,Baseline practice,2,36.8,742.56,Long Straight,Sector 3,85.44,100.0,0.0,8772.0,-1.7,386.58,59.09
S02,Baseline practice,2,37.3,754.85,Long Straight,Sector 3,90.41,100.0,0.0,9177.0,-0.7,385.64,59.87
S02,Baseline practice,2,37.8,767.77,Long Straight,Sector 3,94.7,96.7,0.0,9528.0,2.4,385.93,60.67
S02,Baseline practice,2,38.3,781.24,Long Straight,Sector 3,98.41,99.0,0.0,9830.0,0.3,384.22,61.51
S02,Baseline practice,2,38.8,795.18,Long Straight,Sector 3,101.59,98.8,0.0,10090.0,4.0,386.29,62.38
S02,Baseline practice,2,39.3,809.52,Long Straight,Sector 3,104.35,100.0,0.0,10315.0,-0.3,385.68,63.28
S02,Baseline practice,2,39.8,824.22,Long Straight,Sector 3,106.7,100.0,0.0,10507.0,-1.4,385.46,64.2
S02,Baseline practice,2,40.3,839.2,Long Straight,Sector 3,108.67,100.0,0.0,10667.0,-2.0,384.32,65.1
S02,Baseline practice,2,40.8,854.44,Long Straight,Sector 3,110.36,100.0,0.0,10806.0,-3.8,383.13,66.02
S02,Baseline practice,2,41.3,869.9,Long Straight,Sector 3,111.84,100.0,0.0,10926.0,-0.9,384.48,66.97
S02,Baseline practice,2,41.8,884.07,Long Straight,Sector 3,92.07,0.0,100.0,9313.0,-2.7,398.28,66.49
S02,Baseline practice,2,42.3,894.76,Long Straight,Sector 3,66.96,0.3,100.0,7264.0,-1.4,396.82,65.99
S02,Baseline practice,2,42.8,902.17,Long Straight,Sector 3,46.24,0.0,36.7,5574.0,2.3,396.63,65.5
S02,Baseline practice,2,43.3,907.98,Long Straight,Sector 3,39.77,0.0,15.5,5045.0,1.9,396.64,65.02
S02,Baseline practice,2,43.8,913.43,Long Straight,Sector 3,38.81,0.0,16.2,4967.0,-0.8,397.57,64.68
S02,Baseline practice,2,44.3,918.89,Long Straight,Sector 3,40.65,0.8,15.5,5117.0,-2.8,397.71,64.47
S02,Baseline practice,2,44.8,924.31,Hairpin,Sector 3,39.06,1.9,10.2,4987.0,-20.0,396.87,64.06
S02,Baseline practice,2,45.3,929.7,Hairpin,Sector 3,39.39,0.0,17.6,5014.0,-39.4,397.52,63.72
S02,Baseline practice,2,45.8,935.07,Hairpin,Sector 3,39.23,2.9,12.6,5001.0,-62.9,395.9,63.37
S02,Baseline practice,2,46.3,940.44,Hairpin,Sector 3,38.1,28.1,0.0,4909.0,-77.7,394.39,63.02
S02,Baseline practice,2,46.8,945.81,Hairpin,Sector 3,38.22,26.4,0.0,4919.0,-91.6,394.93,62.68
S02,Baseline practice,2,47.3,951.18,Hairpin,Sector 3,38.2,27.8,0.0,4917.0,-109.6,395.62,62.36
S02,Baseline practice,2,47.8,956.57,Hairpin,Sector 3,38.38,33.3,0.0,4932.0,-112.1,395.04,62.04
S02,Baseline practice,2,48.3,961.94,Hairpin,Sector 3,38.54,29.5,0.0,4945.0,-122.0,395.17,61.7
S02,Baseline practice,2,48.8,967.32,Hairpin,Sector 3,38.39,31.3,0.0,4933.0,-118.8,395.5,61.38
S02,Baseline practice,2,49.3,972.69,Hairpin,Sector 3,38.31,29.1,0.0,4926.0,-113.9,394.52,61.05
S02,Baseline practice,2,49.8,978.05,Hairpin,Sector 3,38.42,27.0,0.0,4935.0,-109.3,394.81,60.73
S02,Baseline practice,2,50.3,983.39,Hairpin,Sector 3,37.98,30.2,0.0,4899.0,-98.1,394.44,60.41
S02,Baseline practice,2,50.8,988.76,Hairpin,Sector 3,39.28,0.9,16.8,5005.0,-80.7,396.91,60.1
S02,Baseline practice,2,51.3,994.11,Hairpin,Sector 3,38.11,27.2,0.0,4910.0,-63.5,395.5,59.78
S02,Baseline practice,2,51.8,999.48,Hairpin,Sector 3,38.26,24.5,0.0,4922.0,-42.7,395.69,59.47
S02,Baseline practice,2,52.3,1004.84,Hairpin,Sector 3,38.07,31.2,0.0,4907.0,-22.7,395.62,59.17
S02,Baseline practice,2,52.8,1010.2,Final Corner,Sector 3,38.06,82.0,0.0,4905.0,-0.3,390.92,58.94
S02,Baseline practice,2,53.3,1016.17,Final Corner,Sector 3,46.07,75.5,0.0,5559.0,10.0,390.76,59.08
S02,Baseline practice,2,53.8,1023.19,Final Corner,Sector 3,53.47,79.4,0.0,6163.0,29.0,390.0,59.29
S02,Baseline practice,2,54.3,1031.21,Final Corner,Sector 3,60.61,82.4,0.0,6746.0,41.1,390.07,59.58
S02,Baseline practice,2,54.8,1040.17,Final Corner,Sector 3,66.94,76.8,0.0,7262.0,46.7,388.89,59.9
S02,Baseline practice,2,55.3,1049.92,Final Corner,Sector 3,71.88,35.0,0.0,7666.0,52.9,393.65,60.09
S02,Baseline practice,2,55.8,1060.06,Final Corner,Sector 3,73.81,0.0,15.0,7823.0,52.4,397.64,59.96
S02,Baseline practice,2,56.3,1070.25,Final Corner,Sector 3,73.36,34.2,0.0,7786.0,44.1,393.41,59.84
S02,Baseline practice,2,56.8,1080.43,Final Corner,Sector 3,72.9,38.7,0.0,7749.0,31.3,392.42,59.65
S02,Baseline practice,2,57.3,1090.63,Final Corner,Sector 3,73.72,0.0,16.1,7816.0,17.0,397.19,59.45
S02,Baseline practice,3,0.0,0.0,Main Straight,Sector 1,73.4,99.8,0.0,7789.0,-0.1,386.08,59.47
S02,Baseline practice,3,0.5,10.74,Main Straight,Sector 1,79.86,100.0,0.0,8316.0,-0.6,385.85,60.12
S02,Baseline practice,3,1.0,22.32,Main Straight,Sector 1,85.53,100.0,0.0,8779.0,-0.6,385.2,60.82
S02,Baseline practice,3,1.5,34.61,Main Straight,Sector 1,90.47,95.4,0.0,9182.0,2.9,386.24,61.56
S02,Baseline practice,3,2.0,47.54,Main Straight,Sector 1,94.73,100.0,0.0,9530.0,-1.2,384.66,62.36
S02,Baseline practice,3,2.5,61.01,Main Straight,Sector 1,98.47,100.0,0.0,9835.0,-0.8,385.11,63.19
S02,Baseline practice,3,3.0,74.96,Main Straight,Sector 1,101.67,98.1,0.0,10096.0,2.7,385.46,64.04
S02,Baseline practice,3,3.5,89.31,Main Straight,Sector 1,104.4,99.7,0.0,10319.0,0.1,384.25,64.92
S02,Baseline practice,3,4.0,104.01,Main Straight,Sector 1,106.75,98.2,0.0,10511.0,-1.1,384.69,65.82
S02,Baseline practice,3,4.5,119.01,Main Straight,Sector 1,108.73,100.0,0.0,10672.0,-2.1,383.89,66.72
S02,Baseline practice,3,5.0,134.26,Main Straight,Sector 1,110.44,99.7,0.0,10812.0,-0.1,383.61,67.64
S02,Baseline practice,3,5.5,149.72,Main Straight,Sector 1,111.9,100.0,0.0,10931.0,-0.2,383.63,68.57
S02,Baseline practice,3,6.0,165.36,Main Straight,Sector 1,112.9,0.7,98.3,11012.0,0.6,396.4,69.04
S02,Baseline practice,3,6.5,179.12,Main Straight,Sector 1,91.42,0.0,54.8,9260.0,-0.4,396.87,68.53
S02,Baseline practice,3,7.0,190.86,Main Straight,Sector 1,80.99,0.0,27.8,8409.0,1.4,397.24,68.02
S02,Baseline practice,3,7.5,201.62,Main Straight,Sector 1,75.83,0.0,11.5,7988.0,2.9,396.74,67.53
S02,Baseline practice,3,8.0,211.88,Main Straight,Sector 1,72.56,0.0,15.1,7721.0,2.1,397.72,67.03
S02,Baseline practice,3,8.5,221.83,Turn 1 Braking Zone,Sector 1,70.94,38.9,0.0,7589.0,0.1,393.47,66.81
S02,Baseline practice,3,9.0,231.47,Turn 1 Braking Zone,Sector 1,67.55,0.0,16.7,7312.0,-0.7,396.17,66.32
S02,Baseline practice,3,9.5,240.55,Turn 1 Braking Zone,Sector 1,63.74,0.4,13.9,7001.0,3.2,396.67,65.84
S02,Baseline practice,3,10.0,249.38,Turn 1 Braking Zone,Sector 1,64.11,0.7,13.2,7031.0,0.0,396.06,65.62
S02,Baseline practice,3,10.5,258.21,Turn 1 Braking Zone,Sector 1,64.41,1.3,13.8,7056.0,1.1,396.69,65.43
S02,Baseline practice,3,11.0,267.03,Turn 1 Braking Zone,Sector 1,62.93,77.3,0.0,6935.0,-0.4,389.17,65.25
S02,Baseline practice,3,11.5,275.85,Turn 1 Braking Zone,Sector 1,63.12,81.3,0.0,6951.0,2.5,388.4,65.06
S02,Baseline practice,3,12.0,284.65,Turn 1 Medium Left,Sector 1,62.48,30.2,0.0,6898.0,-7.2,394.02,64.69
S02,Baseline practice,3,12.5,293.4,Turn 1 Medium Left,Sector 1,63.45,0.0,12.8,6977.0,-27.6,396.7,64.42
S02,Baseline practice,3,13.0,302.16,Turn 1 Medium Left,Sector 1,63.4,0.4,15.6,6973.0,-41.5,396.84,64.13
S02,Baseline practice,3,13.5,310.92,Turn 1 Medium Left,Sector 1,63.32,1.1,13.3,6967.0,-54.7,396.98,63.87
S02,Baseline practice,3,14.0,319.67,Turn 1 Medium Left,Sector 1,63.12,38.3,0.0,6951.0,-65.5,392.83,63.66
S02,Baseline practice,3,14.5,328.44,Turn 1 Medium Left,Sector 1,63.09,37.9,0.0,6948.0,-72.7,392.11,63.4
S02,Baseline practice,3,15.0,337.19,Turn 1 Medium Left,Sector 1,62.95,34.9,0.0,6937.0,-67.7,392.98,63.13
S02,Baseline practice,3,15.5,345.95,Turn 1 Medium Left,Sector 1,62.69,35.0,0.0,6916.0,-65.0,392.59,62.87
S02,Baseline practice,3,16.0,354.7,Turn 1 Medium Left,Sector 1,62.47,35.8,0.0,6898.0,-61.8,393.78,62.61
S02,Baseline practice,3,16.5,363.47,Turn 1 Medium Left,Sector 1,63.54,0.0,17.8,6985.0,-50.3,396.34,62.35
S02,Baseline practice,3,17.0,372.24,Turn 1 Medium Left,Sector 1,63.34,0.0,16.6,6969.0,-36.4,397.37,62.09
S02,Baseline practice,3,17.5,380.99,Turn 1 Medium Left,Sector 1,63.25,0.0,14.3,6961.0,-19.5,396.86,61.85
S02,Baseline practice,3,18.0,389.73,Turn 1 Medium Left,Sector 1,63.27,0.0,11.7,6963.0,0.1,397.45,61.58
S02,Baseline practice,3,18.5,398.88,Back Straight,Sector 2,68.89,100.0,0.0,7421.0,-1.2,387.1,62.08
S02,Baseline practice,3,19.0,409.04,Back Straight,Sector 2,75.93,100.0,0.0,7996.0,-0.6,385.98,62.66
S02,Baseline practice,3,19.5,420.12,Back Straight,Sector 2,82.13,98.9,0.0,8502.0,-0.5,386.05,63.3
S02,Baseline practice,3,20.0,431.98,Back Straight,Sector 2,87.55,99.1,0.0,8944.0,-4.8,385.6,63.99
S02,Baseline practice,3,20.5,444.54,Back Straight,Sector 2,92.18,100.0,0.0,9322.0,-1.5,385.48,64.72
S02,Baseline practice,3,21.0,457.68,Back Straight,Sector 2,96.24,51.7,0.0,9653.0,1.2,390.45,65.37
S02,Baseline practice,3,21.5,471.15,Back Straight,Sector 2,97.41,35.9,0.0,9749.0,-2.1,392.7,65.42
S02,Baseline practice,3,22.0,484.76,Back Straight,Sector 2,98.35,44.1,0.0,9826.0,-0.2,391.62,65.49
S02,Baseline practice,3,22.5,498.5,Back Straight,Sector 2,99.29,39.1,0.0,9902.0,0.5,392.18,65.55
S02,Baseline practice,3,23.0,512.36,Back Straight,Sector 2,100.11,0.2,100.0,9969.0,-2.0,397.18,65.5
S02,Baseline practice,3,23.5,524.19,Back Straight,Sector 2,75.78,0.0,66.5,7983.0,-0.3,397.44,65.03
S02,Baseline practice,3,24.0,533.58,Back Straight,Sector 2,63.58,1.0,28.1,6988.0,-1.8,396.12,64.56
S02,Baseline practice,3,24.5,541.98,Back Straight,Sector 2,58.89,3.1,14.4,6606.0,2.9,395.76,64.09
S02,Baseline practice,3,25.0,549.92,Back Straight,Sector 2,57.54,1.3,18.9,6496.0,-0.2,396.72,63.8
S02,Baseline practice,3,25.5,557.77,Back Straight,Sector 2,56.02,100.0,0.0,6371.0,-1.4,386.96,63.67
S02,Baseline practice,3,26.0,565.61,Technical Esses,Sector 2,55.87,37.4,0.0,6359.0,11.4,393.64,63.32
S02,Baseline practice,3,26.5,573.41,Technical Esses,Sector 2,55.88,27.9,0.0,6360.0,27.5,394.52,63.02
S02,Baseline practice,3,27.0,581.17,Technical Esses,Sector 2,55.9,32.3,0.0,6362.0,41.3,394.44,62.73
S02,Baseline practice,3,27.5,588.93,Technical Esses,Sector 2,55.78,33.4,0.0,6352.0,54.7,393.53,62.46
S02,Baseline practice,3,28.0,596.69,Technical Esses,Sector 2,55.88,28.5,0.0,6360.0,66.4,395.01,62.16
S02,Baseline practice,3,28.5,604.45,Technical Esses,Sector 2,55.37,32.0,0.0,6318.0,78.7,394.28,61.87
S02,Baseline practice,3,29.0,612.23,Technical Esses,Sector 2,56.46,0.0,16.5,6407.0,84.9,396.55,61.6
S02,Baseline practice,3,29.5,620.02,Technical Esses,Sector 2,56.32,2.9,17.6,6396.0,87.7,396.52,61.32
S02,Baseline practice,3,30.0,627.77,Technical Esses,Sector 2,56.02,37.2,0.0,6371.0,90.2,393.84,61.1
S02,Baseline practice,3,30.5,635.56,Technical Esses,Sector 2,56.03,34.6,0.0,6372.0,92.2,393.28,60.83
S02,Baseline practice,3,31.0,643.35,Technical Esses,Sector 2,55.74,35.7,0.0,6349.0,83.3,392.49,60.56
S02,Baseline practice,3,31.5,651.14,Technical Esses,Sector 2,55.94,31.3,0.0,6365.0,78.7,394.71,60.3
S02,Baseline practice,3,32.0,658.92,Technical Esses,Sector 2,55.7,30.7,0.0,6346.0,71.4,394.55,60.03
S02,Baseline practice,3,32.5,666.71,Technical Esses,Sector 2,55.62,31.5,0.0,6339.0,58.9,394.57,59.77
S02,Baseline practice,3,33.0,674.49,Technical Esses,Sector 2,55.53,30.7,0.0,6332.0,46.3,394.5,59.51
S02,Baseline practice,3,33.5,682.28,Technical Esses,Sector 2,56.44,0.0,13.3,6405.0,36.0,396.0,59.25
S02,Baseline practice,3,34.0,690.06,Technical Esses,Sector 2,56.48,0.0,13.9,6409.0,18.9,396.77,59.0
S02,Baseline practice,3,34.5,697.82,Technical Esses,Sector 2,56.24,0.0,15.0,6389.0,5.4,397.14,58.74
S02,Baseline practice,3,35.0,705.87,Long Straight,Sector 3,61.09,95.8,0.0,6785.0,1.2,388.58,59.07
S02,Baseline practice,3,35.5,715.02,Long Straight,Sector 3,68.93,98.2,0.0,7425.0,-0.3,387.12,59.59
S02,Baseline practice,3,36.0,725.17,Long Straight,Sector 3,75.88,100.0,0.0,7992.0,1.5,386.15,60.19
S02,Baseline practice,3,36.5,736.24,Long Straight,Sector 3,82.1,97.7,0.0,8500.0,0.2,386.71,60.86
S02,Baseline practice,3,37.0,748.1,Long Straight,Sector 3,87.5,99.7,0.0,8940.0,1.0,384.98,61.58
S02,Baseline practice,3,37.5,760.65,Long Straight,Sector 3,92.18,95.3,0.0,9322.0,0.0,384.81,62.33
S02,Baseline practice,3,38.0,773.8,Long Straight,Sector 3,96.22,100.0,0.0,9651.0,0.8,385.2,63.14
S02,Baseline practice,3,38.5,787.45,Long Straight,Sector 3,99.67,100.0,0.0,9933.0,2.8,384.69,63.95
S02,Baseline practice,3,39.0,801.56,Long Straight,Sector 3,102.71,100.0,0.0,10181.0,-0.8,384.19,64.82
S02,Baseline practice,3,39.5,816.04,Long Straight,Sector 3,105.25,97.8,0.0,10388.0,1.2,385.0,65.67
S02,Baseline practice,3,40.0,830.84,Long Straight,Sector 3,107.46,96.8,0.0,10569.0,-1.1,384.16,66.56
S02,Baseline practice,3,40.5,845.93,Long Straight,Sector 3,109.34,100.0,0.0,10722.0,-4.4,383.38,67.47
S02,Baseline practice,3,41.0,861.25,Long Straight,Sector 3,110.97,100.0,0.0,10855.0,0.8,383.82,68.39
S02,Baseline practice,3,41.5,875.91,Long Straight,Sector 3,96.56,0.0,98.6,9679.0,0.3,397.07,68.17
S02,Baseline practice,3,42.0,887.25,Long Straight,Sector 3,71.64,1.4,100.0,7646.0,-2.3,396.65,67.65
S02,Baseline practice,3,42.5,895.18,Long Straight,Sector 3,48.84,0.0,49.4,5786.0,1.3,396.75,67.16
S02,Baseline practice,3,43.0,901.18,Long Straight,Sector 3,40.69,0.0,9.2,5121.0,-1.5,396.34,66.66
S02,Baseline practice,3,43.5,906.7,Long Straight,Sector 3,39.92,0.0,16.5,5058.0,-0.4,396.84,66.29
S02,Baseline practice,3,44.0,912.16,Long Straight,Sector 3,39.12,2.5,13.7,4992.0,1.0,396.37,65.93
S02,Baseline practice,3,44.5,917.6,Long Straight,Sector 3,38.18,97.4,0.0,4915.0,-1.3,389.35,65.7
S02,Baseline practice,3,45.0,923.02,Hairpin,Sector 3,38.56,26.8,0.0,4947.0,-12.3,393.94,65.29
S02,Baseline practice,3,45.5,928.35,Hairpin,Sector 3,38.18,32.3,0.0,4916.0,-34.6,393.9,64.92
S02,Baseline practice,3,46.0,933.71,Hairpin,Sector 3,38.29,28.7,0.0,4925.0,-56.9,394.51,64.57
S02,Baseline practice,3,46.5,939.07,Hairpin,Sector 3,38.33,26.1,0.0,4928.0,-72.1,394.32,64.21
S02,Baseline practice,3,47.0,944.41,Hairpin,Sector 3,38.14,28.8,0.0,4912.0,-86.9,395.78,63.85
S02,Baseline practice,3,47.5,949.74,Hairpin,Sector 3,38.2,26.9,0.0,4917.0,-106.1,394.47,63.5
S02,Baseline practice,3,48.0,955.07,Hairpin,Sector 3,38.02,28.0,0.0,4902.0,-113.9,394.58,63.14
S02,Baseline practice,3,48.5,960.44,Hairpin,Sector 3,39.09,0.0,15.5,4990.0,-118.5,396.94,62.8
S02,Baseline practice,3,49.0,965.77,Hairpin,Sector 3,37.9,31.9,0.0,4893.0,-120.6,394.18,62.46
S02,Baseline practice,3,49.5,971.12,Hairpin,Sector 3,38.07,30.8,0.0,4907.0,-117.1,395.02,62.13
S02,Baseline practice,3,50.0,976.48,Hairpin,Sector 3,38.05,27.5,0.0,4905.0,-106.7,394.23,61.78
S02,Baseline practice,3,50.5,981.83,Hairpin,Sector 3,37.87,26.0,0.0,4890.0,-101.3,394.47,61.45
S02,Baseline practice,3,51.0,987.16,Hairpin,Sector 3,37.91,34.4,0.0,4893.0,-85.5,394.41,61.15
S02,Baseline practice,3,51.5,992.52,Hairpin,Sector 3,38.05,32.3,0.0,4905.0,-67.0,394.36,60.84
S02,Baseline practice,3,52.0,997.87,Hairpin,Sector 3,38.2,24.6,0.0,4917.0,-50.4,394.57,60.52
S02,Baseline practice,3,52.5,1003.22,Hairpin,Sector 3,37.9,27.0,0.0,4893.0,-26.5,394.06,60.2
S02,Baseline practice,3,53.0,1008.57,Hairpin,Sector 3,38.96,0.0,17.0,4979.0,-2.8,397.12,59.88
S02,Baseline practice,3,53.5,1014.18,Final Corner,Sector 3,43.37,83.2,0.0,5339.0,9.7,389.84,59.93
S02,Baseline practice,3,54.0,1020.87,Final Corner,Sector 3,51.17,82.3,0.0,5975.0,20.6,388.82,60.11
S02,Baseline practice,3,54.5,1028.59,Final Corner,Sector 3,58.48,84.1,0.0,6572.0,28.7,389.55,60.38
S02,Baseline practice,3,55.0,1037.26,Final Corner,Sector 3,64.97,78.6,0.0,7102.0,43.3,389.75,60.67
S02,Baseline practice,3,55.5,1046.77,Final Corner,Sector 3,70.74,37.2,0.0,7573.0,52.3,393.15,60.92
S02,Baseline practice,3,56.0,1056.76,Final Corner,Sector 3,72.69,33.1,0.0,7731.0,55.9,393.51,60.83
S02,Baseline practice,3,56.5,1066.91,Final Corner,Sector 3,73.43,0.0,13.7,7792.0,47.1,396.19,60.62
S02,Baseline practice,3,57.0,1077.06,Final Corner,Sector 3,73.12,32.4,0.0,7766.0,39.1,393.92,60.48
S02,Baseline practice,3,57.5,1087.2,Final Corner,Sector 3,72.54,33.6,0.0,7719.0,22.8,393.79,60.26
S02,Baseline practice,3,58.0,1097.33,Final Corner,Sector 3,73.25,1.3,14.7,7778.0,2.5,397.43,60.06
S02,Baseline practice,4,0.3,6.31,Main Straight,Sector 1,76.98,100.0,0.0,8081.0,1.1,386.17,60.55
S02,Baseline practice,4,0.8,17.51,Main Straight,Sector 1,83.07,100.0,0.0,8579.0,-2.1,385.42,61.23
S02,Baseline practice,4,1.3,29.5,Main Straight,Sector 1,88.39,100.0,0.0,9012.0,0.1,384.94,61.96
S02,Baseline practice,4,1.8,42.17,Main Straight,Sector 1,92.99,100.0,0.0,9388.0,-0.2,385.2,62.74
S02,Baseline practice,4,2.3,55.42,Main Straight,Sector 1,96.93,98.0,0.0,9709.0,0.7,384.55,63.53
S02,Baseline practice,4,2.8,69.17,Main Straight,Sector 1,100.3,98.2,0.0,9985.0,-2.0,383.86,64.36
S02,Baseline practice,4,3.3,83.35,Main Straight,Sector 1,103.23,100.0,0.0,10224.0,3.2,383.98,65.22
S02,Baseline practice,4,3.8,97.9,Main Straight,Sector 1,105.76,98.6,0.0,10430.0,-1.9,383.26,66.11
S02,Baseline practice,4,4.3,112.77,Main Straight,Sector 1,107.89,100.0,0.0,10604.0,-0.2,383.45,67.0
S02,Baseline practice,4,4.8,127.91,Main Straight,Sector 1,109.74,99.3,0.0,10755.0,-2.3,383.25,67.91
S02,Baseline practice,4,5.3,143.28,Main Straight,Sector 1,111.27,100.0,0.0,10880.0,0.0,383.41,68.82
S02,Baseline practice,4,5.8,158.85,Main Straight,Sector 1,112.6,99.1,0.0,10988.0,1.0,383.47,69.74
S02,Baseline practice,4,6.3,173.71,Main Straight,Sector 1,98.65,1.5,73.0,9850.0,1.3,397.12,69.31
S02,Baseline practice,4,6.8,186.1,Main Straight,Sector 1,84.3,0.0,33.8,8679.0,-0.5,396.64,68.78
S02,Baseline practice,4,7.3,197.16,Main Straight,Sector 1,77.2,5.4,16.3,8100.0,-2.3,395.32,68.28
S02,Baseline practice,4,7.8,207.54,Main Straight,Sector 1,73.04,0.0,15.4,7760.0,1.0,395.8,67.77
S02,Baseline practice,4,8.3,217.48,Main Straight,Sector 1,71.2,99.5,0.0,7610.0,0.3,385.52,67.66
S02,Baseline practice,4,8.8,227.41,Turn 1 Braking Zone,Sector 1,70.19,0.0,23.8,7527.0,0.7,396.04,67.23
S02,Baseline practice,4,9.3,236.75,Turn 1 Braking Zone,Sector 1,65.42,1.0,15.6,7138.0,-0.9,396.15,66.74
S02,Baseline practice,4,9.8,245.57,Turn 1 Braking Zone,Sector 1,63.52,0.0,17.3,6983.0,-2.9,396.2,66.37
S02,Baseline practice,4,10.3,254.39,Turn 1 Braking Zone,Sector 1,63.73,0.0,14.6,7000.0,0.9,396.41,66.16
S02,Baseline practice,4,10.8,263.21,Turn 1 Braking Zone,Sector 1,64.02,3.1,16.8,7024.0,-0.7,396.3,65.95
S02,Baseline practice,4,11.3,272.03,Turn 1 Braking Zone,Sector 1,63.81,0.0,11.4,7007.0,2.1,396.68,65.74
S02,Baseline practice,4,11.8,280.83,Turn 1 Medium Left,Sector 1,64.17,0.8,12.4,7036.0,-2.9,396.08,65.53
S02,Baseline practice,4,12.3,289.59,Turn 1 Medium Left,Sector 1,62.64,33.1,0.0,6912.0,-21.1,392.67,65.23
S02,Baseline practice,4,12.8,298.37,Turn 1 Medium Left,Sector 1,63.57,1.0,12.1,6988.0,-35.3,396.32,64.95
S02,Baseline practice,4,13.3,307.14,Turn 1 Medium Left,Sector 1,63.54,1.9,15.4,6985.0,-50.4,395.9,64.66
S02,Baseline practice,4,13.8,315.9,Turn 1 Medium Left,Sector 1,63.51,1.4,12.7,6982.0,-61.1,396.93,64.38
S02,Baseline practice,4,14.3,324.65,Turn 1 Medium Left,Sector 1,63.4,0.2,15.4,6973.0,-68.1,396.29,64.1
S02,Baseline practice,4,14.8,333.4,Turn 1 Medium Left,Sector 1,63.2,33.4,0.0,6957.0,-69.9,394.3,63.88
S02,Baseline practice,4,15.3,342.16,Turn 1 Medium Left,Sector 1,63.04,28.6,0.0,6944.0,-69.1,394.05,63.6
S02,Baseline practice,4,15.8,350.92,Turn 1 Medium Left,Sector 1,62.81,30.6,0.0,6925.0,-66.6,393.29,63.31
S02,Baseline practice,4,16.3,359.68,Turn 1 Medium Left,Sector 1,62.65,32.9,0.0,6912.0,-54.4,392.55,63.04
S02,Baseline practice,4,16.8,368.46,Turn 1 Medium Left,Sector 1,63.54,0.5,16.0,6985.0,-39.5,396.28,62.77
S02,Baseline practice,4,17.3,377.23,Turn 1 Medium Left,Sector 1,63.4,2.6,16.2,6974.0,-29.7,397.07,62.51
S02,Baseline practice,4,17.8,385.97,Turn 1 Medium Left,Sector 1,63.05,33.2,0.0,6945.0,-11.9,392.98,62.31
S02,Baseline practice,4,18.3,394.87,Back Straight,Sector 2,66.27,96.0,0.0,7207.0,-0.1,386.4,62.49
S02,Baseline practice,4,18.8,404.68,Back Straight,Sector 2,73.52,100.0,0.0,7799.0,0.3,385.08,63.03
S02,Baseline practice,4,19.3,415.44,Back Straight,Sector 2,79.97,99.9,0.0,8326.0,-0.8,385.99,63.64
S02,Baseline practice,4,19.8,427.03,Back Straight,Sector 2,85.65,97.2,0.0,8789.0,0.7,385.43,64.3
S02,Baseline practice,4,20.3,439.34,Back Straight,Sector 2,90.52,100.0,0.0,9186.0,3.1,385.35,65.01
S02,Baseline practice,4,20.8,452.28,Back Straight,Sector 2,94.8,100.0,0.0,9536.0,-1.2,384.61,65.76
S02,Baseline practice,4,21.3,465.67,Back Straight,Sector 2,96.99,42.8,0.0,9715.0,0.2,391.38,65.96
S02,Baseline practice,4,21.8,479.23,Back Straight,Sector 2,97.95,41.6,0.0,9793.0,3.3,391.56,66.0
S02,Baseline practice,4,22.3,492.91,Back Straight,Sector 2,98.96,42.1,0.0,9875.0,-0.7,390.57,66.07
S02,Baseline practice,4,22.8,506.74,Back Straight,Sector 2,99.91,42.0,0.0,9953.0,1.0,391.31,66.15
S02,Baseline practice,4,23.3,519.82,Back Straight,Sector 2,85.18,0.0,96.1,8751.0,-3.1,396.96,65.78
S02,Baseline practice,4,23.8,530.01,Back Straight,Sector 2,67.48,0.0,35.3,7307.0,1.9,395.63,65.29
S02,Baseline practice,4,24.3,538.73,Back Straight,Sector 2,60.4,2.4,19.0,6728.0,-1.5,395.64,64.82
S02,Baseline practice,4,24.8,546.8,Back Straight,Sector 2,56.97,0.9,14.6,6449.0,-0.4,395.34,64.34
S02,Baseline practice,4,25.3,554.6,Back Straight,Sector 2,55.59,98.5,0.0,6336.0,-0.5,386.64,64.21
S02,Baseline practice,4,25.8,562.48,Technical Esses,Sector 2,56.66,0.0,14.9,6423.0,4.8,396.61,63.91
S02,Baseline practice,4,26.3,570.26,Technical Esses,Sector 2,56.42,0.0,17.4,6404.0,18.6,396.35,63.6
S02,Baseline practice,4,26.8,578.03,Technical Esses,Sector 2,56.14,31.3,0.0,6381.0,31.5,393.56,63.36
S02,Baseline practice,4,27.3,585.81,Technical Esses,Sector 2,55.8,34.6,0.0,6354.0,49.9,393.02,63.06
S02,Baseline practice,4,27.8,593.58,Technical Esses,Sector 2,55.51,36.3,0.0,6330.0,62.1,392.79,62.78
S02,Baseline practice,4,28.3,601.39,Technical Esses,Sector 2,56.6,3.1,18.1,6419.0,70.8,396.11,62.48
S02,Baseline practice,4,28.8,609.17,Technical Esses,Sector 2,56.17,30.9,0.0,6383.0,80.0,393.92,62.24
S02,Baseline practice,4,29.3,616.96,Technical Esses,Sector 2,55.82,37.3,0.0,6355.0,86.5,393.29,61.96
S02,Baseline practice,4,29.8,624.76,Technical Esses,Sector 2,55.88,28.6,0.0,6359.0,90.9,394.2,61.68
S02,Baseline practice,4,30.3,632.5,Technical Esses,Sector 2,55.41,39.3,0.0,6321.0,90.4,392.61,61.43
S02,Baseline practice,4,30.8,640.29,Technical Esses,Sector 2,55.61,31.5,0.0,6338.0,86.0,391.9,61.16
S02,Baseline practice,4,31.3,648.09,Technical Esses,Sector 2,56.56,5.2,15.4,6415.0,81.5,395.18,60.89
S02,Baseline practice,4,31.8,655.86,Technical Esses,Sector 2,56.35,0.0,15.0,6398.0,74.4,396.11,60.63
S02,Baseline practice,4,32.3,663.65,Technical Esses,Sector 2,56.25,0.5,12.3,6390.0,66.1,395.64,60.36
S02,Baseline practice,4,32.8,671.42,Technical Esses,Sector 2,56.02,33.6,0.0,6371.0,57.5,392.93,60.14
S02,Baseline practice,4,33.3,679.2,Technical Esses,Sector 2,55.97,32.2,0.0,6367.0,39.3,393.22,59.88
S02,Baseline practice,4,33.8,686.97,Technical Esses,Sector 2,55.92,33.1,0.0,6363.0,20.8,391.99,59.63
S02,Baseline practice,4,34.3,694.73,Technical Esses,Sector 2,55.84,34.9,0.0,6356.0,13.2,392.92,59.38
S02,Baseline practice,4,34.8,702.6,Long Straight,Sector 3,58.37,100.0,0.0,6563.0,-0.5,386.2,59.42
S02,Baseline practice,4,35.3,711.39,Long Straight,Sector 3,66.43,100.0,0.0,7221.0,2.9,387.18,59.9
S02,Baseline practice,4,35.8,721.24,Long Straight,Sector 3,73.79,99.6,0.0,7821.0,-0.7,385.94,60.48
S02,Baseline practice,4,36.3,732.04,Long Straight,Sector 3,80.26,97.0,0.0,8350.0,-2.5,385.09,61.12
S02,Baseline practice,4,36.8,743.66,Long Straight,Sector 3,85.86,100.0,0.0,8806.0,-0.3,384.33,61.82
S02,Baseline practice,4,37.3,755.99,Long Straight,Sector 3,90.69,100.0,0.0,9200.0,-1.2,384.68,62.55
S02,Baseline practice,4,37.8,768.95,Long Straight,Sector 3,94.94,98.3,0.0,9547.0,-1.9,385.07,63.33
S02,Baseline practice,4,38.3,782.45,Long Straight,Sector 3,98.59,98.7,0.0,9845.0,-4.5,384.76,64.14
S02,Baseline practice,4,38.8,796.41,Long Straight,Sector 3,101.7,100.0,0.0,10098.0,3.2,383.88,64.96
S02,Baseline practice,4,39.3,810.76,Long Straight,Sector 3,104.44,94.0,0.0,10322.0,3.4,384.29,65.82
S02,Baseline practice,4,39.8,825.46,Long Straight,Sector 3,106.74,100.0,0.0,10510.0,0.2,383.41,66.7
S02,Baseline practice,4,40.3,840.46,Long Straight,Sector 3,108.72,97.8,0.0,10671.0,0.6,382.63,67.58
S02,Baseline practice,4,40.8,855.7,Long Straight,Sector 3,110.4,100.0,0.0,10809.0,-1.2,382.21,68.48
S02,Baseline practice,4,41.3,871.16,Long Straight,Sector 3,111.86,2.2,100.0,10928.0,0.3,396.5,69.11
S02,Baseline practice,4,41.8,884.62,Long Straight,Sector 3,87.07,0.0,100.0,8905.0,-0.5,395.33,68.59
S02,Baseline practice,4,42.3,894.62,Long Straight,Sector 3,61.97,0.0,100.0,6857.0,-1.0,396.99,68.08
S02,Baseline practice,4,42.8,901.56,Long Straight,Sector 3,44.49,3.5,32.1,5430.0,-0.6,394.88,67.57
S02,Baseline practice,4,43.3,907.25,Long Straight,Sector 3,39.28,2.4,16.2,5005.0,0.4,396.71,67.07
S02,Baseline practice,4,43.8,912.72,Long Straight,Sector 3,38.68,97.5,0.0,4956.0,0.3,388.37,66.83
S02,Baseline practice,4,44.3,918.24,Long Straight,Sector 3,40.4,0.0,14.5,5097.0,1.7,396.43,66.46
S02,Baseline practice,4,44.8,923.67,Hairpin,Sector 3,39.04,0.0,14.6,4986.0,-12.5,395.7,66.04
S02,Baseline practice,4,45.3,929.07,Hairpin,Sector 3,39.27,1.4,16.4,5004.0,-38.8,396.41,65.67
S02,Baseline practice,4,45.8,934.45,Hairpin,Sector 3,39.3,1.2,16.1,5007.0,-57.9,395.29,65.31
S02,Baseline practice,4,46.3,939.85,Hairpin,Sector 3,39.4,2.8,16.7,5015.0,-77.7,395.28,64.95
S02,Baseline practice,4,46.8,945.23,Hairpin,Sector 3,39.2,0.0,15.2,4999.0,-91.8,395.49,64.58
S02,Baseline practice,4,47.3,950.61,Hairpin,Sector 3,39.28,0.0,14.8,5005.0,-106.9,394.9,64.22
S02,Baseline practice,4,47.8,956.01,Hairpin,Sector 3,39.37,3.1,18.1,5012.0,-111.2,396.63,63.87
S02,Baseline practice,4,48.3,961.38,Hairpin,Sector 3,39.22,0.0,15.3,5000.0,-120.2,395.48,63.52
S02,Baseline practice,4,48.8,966.79,Hairpin,Sector 3,39.08,0.5,13.8,4989.0,-120.7,395.71,63.18
S02,Baseline practice,4,49.3,972.2,Hairpin,Sector 3,39.15,1.0,17.5,4995.0,-117.4,395.6,62.83
S02,Baseline practice,4,49.8,977.59,Hairpin,Sector 3,39.07,0.0,15.0,4988.0,-108.4,396.13,62.49
S02,Baseline practice,4,50.3,982.98,Hairpin,Sector 3,39.15,0.0,15.1,4994.0,-99.3,396.99,62.16
S02,Baseline practice,4,50.8,988.38,Hairpin,Sector 3,39.18,0.0,16.2,4997.0,-83.0,395.44,61.83
S02,Baseline practice,4,51.3,993.78,Hairpin,Sector 3,39.2,0.0,14.8,4998.0,-67.8,396.73,61.5
S02,Baseline practice,4,51.8,999.18,Hairpin,Sector 3,39.15,3.6,15.2,4995.0,-43.4,395.51,61.17
S02,Baseline practice,4,52.3,1004.58,Hairpin,Sector 3,39.22,1.8,20.4,5001.0,-20.8,396.33,60.86
S02,Baseline practice,4,52.8,1009.96,Hairpin,Sector 3,39.13,0.0,13.6,4993.0,3.8,396.78,60.55
S02,Baseline practice,4,53.3,1015.75,Final Corner,Sector 3,44.89,79.8,0.0,5463.0,12.5,389.08,60.66
S02,Baseline practice,4,53.8,1022.63,Final Corner,Sector 3,52.55,74.6,0.0,6088.0,23.1,389.8,60.84
S02,Baseline practice,4,54.3,1030.5,Final Corner,Sector 3,59.4,77.5,0.0,6647.0,35.4,389.46,61.08
S02,Baseline practice,4,54.8,1039.28,Final Corner,Sector 3,65.64,80.3,0.0,7156.0,44.6,387.48,61.37
S02,Baseline practice,4,55.3,1048.89,Final Corner,Sector 3,71.4,37.3,0.0,7626.0,52.7,392.7,61.62
S02,Baseline practice,4,55.8,1058.98,Final Corner,Sector 3,73.42,37.0,0.0,7791.0,52.6,392.93,61.55
S02,Baseline practice,4,56.3,1069.18,Final Corner,Sector 3,73.06,38.1,0.0,7762.0,48.1,392.22,61.33
S02,Baseline practice,4,56.8,1079.38,Final Corner,Sector 3,73.78,36.8,0.0,7821.0,35.0,392.34,61.19
S02,Baseline practice,4,57.3,1089.6,Final Corner,Sector 3,73.36,38.4,0.0,7786.0,21.2,392.71,61.0
S02,Baseline practice,4,57.8,1099.84,Final Corner,Sector 3,73.22,40.5,0.0,7775.0,3.1,391.28,60.79
S02,Baseline practice,5,0.4,8.55,Main Straight,Sector 1,78.88,99.8,0.0,8236.0,1.7,385.67,61.41
S02,Baseline practice,5,0.9,20.0,Main Straight,Sector 1,84.62,100.0,0.0,8705.0,1.4,383.51,62.08
S02,Baseline practice,5,1.4,32.18,Main Straight,Sector 1,89.71,100.0,0.0,9120.0,-1.8,385.07,62.82
S02,Baseline practice,5,1.9,45.01,Main Straight,Sector 1,94.06,100.0,0.0,9476.0,1.3,384.09,63.58
S02,Baseline practice,5,2.4,58.4,Main Straight,Sector 1,97.86,100.0,0.0,9785.0,3.4,383.17,64.38
S02,Baseline practice,5,2.9,72.27,Main Straight,Sector 1,101.14,96.0,0.0,10053.0,-0.6,383.56,65.21
S02,Baseline practice,5,3.4,86.55,Main Straight,Sector 1,103.88,98.0,0.0,10277.0,-4.2,384.05,66.05
S02,Baseline practice,5,3.9,101.18,Main Straight,Sector 1,106.27,100.0,0.0,10471.0,-0.1,383.0,66.91
S02,Baseline practice,5,4.4,116.12,Main Straight,Sector 1,108.33,99.9,0.0,10640.0,-0.4,382.92,67.8
S02,Baseline practice,5,4.9,131.31,Main Straight,Sector 1,110.1,99.7,0.0,10784.0,4.5,382.55,68.71
S02,Baseline practice,5,5.4,146.73,Main Straight,Sector 1,111.61,97.9,0.0,10908.0,0.1,382.27,69.62
S02,Baseline practice,5,5.9,162.34,Main Straight,Sector 1,112.88,44.1,0.0,11011.0,4.0,390.89,70.37
S02,Baseline practice,5,6.4,176.7,Main Straight,Sector 1,94.74,1.0,66.4,9530.0,-0.6,395.93,69.85
S02,Baseline practice,5,6.9,188.72,Main Straight,Sector 1,82.33,3.5,35.5,8518.0,-0.1,395.22,69.33
S02,Baseline practice,5,7.4,199.56,Main Straight,Sector 1,75.87,3.9,18.6,7991.0,0.2,395.21,68.82
S02,Baseline practice,5,7.9,209.78,Main Straight,Sector 1,72.28,0.0,14.8,7698.0,-1.9,396.58,68.31
S02,Baseline practice,5,8.4,219.69,Main Straight,Sector 1,70.55,99.1,0.0,7557.0,-1.1,385.41,68.19
S02,Baseline practice,5,8.9,229.44,Turn 1 Braking Zone,Sector 1,68.29,0.0,17.9,7373.0,-0.5,395.44,67.69
S02,Baseline practice,5,9.4,238.6,Turn 1 Braking Zone,Sector 1,64.47,0.0,18.4,7061.0,-2.8,395.91,67.18
S02,Baseline practice,5,9.9,247.4,Turn 1 Braking Zone,Sector 1,62.77,79.1,0.0,6922.0,-1.9,388.4,66.98
S02,Baseline practice,5,10.4,256.18,Turn 1 Braking Zone,Sector 1,62.86,79.5,0.0,6930.0,-1.2,387.47,66.76
S02,Baseline practice,5,10.9,264.99,Turn 1 Braking Zone,Sector 1,63.07,0.0,13.4,6946.0,-1.6,395.77,66.4
S02,Baseline practice,5,11.4,273.78,Turn 1 Braking Zone,Sector 1,63.47,0.1,15.4,6979.0,0.6,395.62,66.22
S02,Baseline practice,5,11.9,282.53,Turn 1 Medium Left,Sector 1,62.68,32.9,0.0,6915.0,-5.6,392.84,65.99
S02,Baseline practice,5,12.4,291.24,Turn 1 Medium Left,Sector 1,62.25,39.1,0.0,6879.0,-23.3,390.75,65.69
S02,Baseline practice,5,12.9,299.98,Turn 1 Medium Left,Sector 1,63.36,0.0,16.5,6970.0,-42.7,395.36,65.38
S02,Baseline practice,5,13.4,308.74,Turn 1 Medium Left,Sector 1,63.43,0.0,14.4,6976.0,-54.4,396.04,65.09
S02,Baseline practice,5,13.9,317.47,Turn 1 Medium Left,Sector 1,63.27,1.0,15.6,6962.0,-59.5,396.08,64.81
S02,Baseline practice,5,14.4,326.23,Turn 1 Medium Left,Sector 1,63.43,0.0,13.7,6976.0,-70.3,394.88,64.55
S02,Baseline practice,5,14.9,334.97,Turn 1 Medium Left,Sector 1,63.26,0.0,16.5,6962.0,-72.8,395.54,64.26
S02,Baseline practice,5,15.4,343.72,Turn 1 Medium Left,Sector 1,63.23,2.9,14.5,6959.0,-68.5,395.67,63.99
S02,Baseline practice,5,15.9,352.45,Turn 1 Medium Left,Sector 1,63.08,0.7,16.0,6947.0,-63.0,395.63,63.71
S02,Baseline practice,5,16.4,361.18,Turn 1 Medium Left,Sector 1,63.16,3.4,16.0,6954.0,-52.4,396.33,63.45
S02,Baseline practice,5,16.9,369.9,Turn 1 Medium Left,Sector 1,62.91,36.4,0.0,6934.0,-37.1,390.54,63.23
S02,Baseline practice,5,17.4,378.63,Turn 1 Medium Left,Sector 1,62.76,33.5,0.0,6921.0,-22.9,392.3,62.97
S02,Baseline practice,5,17.9,387.37,Turn 1 Medium Left,Sector 1,63.03,4.1,15.6,6943.0,-3.6,394.75,62.65
S02,Baseline practice,5,18.4,396.33,Back Straight,Sector 2,67.43,97.8,0.0,7303.0,1.5,386.23,63.01
S02,Baseline practice,5,18.9,406.3,Back Straight,Sector 2,74.63,100.0,0.0,7890.0,0.5,385.71,63.56
S02,Baseline practice,5,19.4,417.2,Back Straight,Sector 2,80.96,100.0,0.0,8406.0,-0.2,385.03,64.18
S02,Baseline practice,5,19.9,428.92,Back Straight,Sector 2,86.5,100.0,0.0,8858.0,0.0,384.42,64.85
S02,Baseline practice,5,20.4,441.34,Back Straight,Sector 2,91.32,100.0,0.0,9252.0,0.3,384.9,65.56
S02,Baseline practice,5,20.9,454.38,Back Straight,Sector 2,95.47,97.1,0.0,9591.0,-2.0,384.57,66.31
S02,Baseline practice,5,21.4,467.8,Back Straight,Sector 2,97.05,45.1,0.0,9720.0,-1.4,390.56,66.36
S02,Baseline practice,5,21.9,481.36,Back Straight,Sector 2,97.98,42.0,0.0,9795.0,2.9,391.75,66.38
S02,Baseline practice,5,22.4,495.05,Back Straight,Sector 2,98.94,42.4,0.0,9874.0,0.3,390.0,66.43
S02,Baseline practice,5,22.9,508.87,Back Straight,Sector 2,99.84,34.6,0.0,9947.0,2.3,392.43,66.47
S02,Baseline practice,5,23.4,521.38,Back Straight,Sector 2,80.14,0.9,79.1,8339.0,-1.5,396.17,65.98
S02,Baseline practice,5,23.9,531.14,Back Straight,Sector 2,65.57,0.0,34.0,7150.0,-0.3,395.28,65.49
S02,Baseline practice,5,24.4,539.69,Back Straight,Sector 2,59.47,2.1,18.1,6653.0,-0.2,395.95,65.01
S02,Baseline practice,5,24.9,547.69,Back Straight,Sector 2,58.1,1.1,16.3,6541.0,-1.1,396.07,64.7
S02,Baseline practice,5,25.4,555.58,Back Straight,Sector 2,56.76,0.0,17.7,6431.0,0.7,396.34,64.4
S02,Baseline practice,5,25.9,563.44,Technical Esses,Sector 2,56.57,0.0,12.5,6416.0,8.8,396.27,64.15
S02,Baseline practice,5,26.4,571.26,Technical Esses,Sector 2,56.77,0.0,13.3,6433.0,21.8,395.7,63.85
S02,Baseline practice,5,26.9,579.08,Technical Esses,Sector 2,56.77,0.0,15.4,6432.0,36.1,396.32,63.55
S02,Baseline practice,5,27.4,586.87,Technical Esses,Sector 2,56.58,2.2,15.7,6417.0,50.6,395.37,63.26
S02,Baseline practice,5,27.9,594.69,Technical Esses,Sector 2,56.47,0.6,12.0,6408.0,59.5,395.49,62.96
S02,Baseline practice,5,28.4,602.53,Technical Esses,Sector 2,56.78,0.0,13.0,6433.0,72.4,396.73,62.69
S02,Baseline practice,5,28.9,610.35,Technical Esses,Sector 2,56.79,0.0,18.4,6434.0,82.0,395.33,62.4
S02,Baseline practice,5,29.4,618.17,Technical Esses,Sector 2,56.49,0.0,15.6,6410.0,87.4,396.07,62.11
S02,Baseline practice,5,29.9,625.98,Technical Esses,Sector 2,56.51,0.0,13.3,6411.0,88.7,394.95,61.84
S02,Baseline practice,5,30.4,633.79,Technical Esses,Sector 2,56.36,32.7,0.0,6399.0,91.8,393.04,61.61
S02,Baseline practice,5,30.9,641.6,Technical Esses,Sector 2,56.34,31.5,0.0,6397.0,88.1,393.6,61.35
S02,Baseline practice,5,31.4,649.4,Technical Esses,Sector 2,56.03,27.9,0.0,6372.0,84.0,393.09,61.07
S02,Baseline practice,5,31.9,657.23,Technical Esses,Sector 2,55.8,33.6,0.0,6353.0,74.2,392.75,60.8
S02,Baseline practice,5,32.4,665.04,Technical Esses,Sector 2,55.74,33.0,0.0,6348.0,62.8,392.42,60.52
S02,Baseline practice,5,32.9,672.85,Technical Esses,Sector 2,55.67,27.8,0.0,6342.0,53.5,393.06,60.26
S02,Baseline practice,5,33.4,680.65,Technical Esses,Sector 2,56.57,0.0,15.4,6416.0,38.0,396.05,59.99
S02,Baseline practice,5,33.9,688.48,Technical Esses,Sector 2,56.57,0.0,16.4,6416.0,22.9,395.56,59.73
S02,Baseline practice,5,34.4,696.28,Technical Esses,Sector 2,56.43,27.4,0.0,6405.0,4.6,391.79,59.53
S02,Baseline practice,5,34.9,704.29,Long Straight,Sector 3,60.12,97.4,0.0,6706.0,2.1,385.93,59.67
S02,Baseline practice,5,35.4,713.31,Long Straight,Sector 3,68.07,98.7,0.0,7354.0,-2.5,386.56,60.18
S02,Baseline practice,5,35.9,723.36,Long Straight,Sector 3,75.15,99.3,0.0,7932.0,0.5,385.08,60.76
S02,Baseline practice,5,36.4,734.33,Long Straight,Sector 3,81.45,98.4,0.0,8446.0,0.0,384.92,61.41
S02,Baseline practice,5,36.9,746.1,Long Straight,Sector 3,86.75,99.7,0.0,8879.0,1.6,384.34,62.09
S02,Baseline practice,5,37.4,758.55,Long Straight,Sector 3,91.53,100.0,0.0,9269.0,0.1,384.32,62.84
S02,Baseline practice,5,37.9,771.61,Long Straight,Sector 3,95.61,95.8,0.0,9602.0,-1.3,383.68,63.6
S02,Baseline practice,5,38.4,785.19,Long Straight,Sector 3,99.18,96.3,0.0,9893.0,-1.7,383.56,64.42
S02,Baseline practice,5,38.9,799.23,Long Straight,Sector 3,102.22,100.0,0.0,10142.0,1.5,383.78,65.26
S02,Baseline practice,5,39.4,813.65,Long Straight,Sector 3,104.87,100.0,0.0,10357.0,0.3,382.98,66.12
S02,Baseline practice,5,39.9,828.41,Long Straight,Sector 3,107.16,100.0,0.0,10545.0,0.2,383.51,67.02
S02,Baseline practice,5,40.4,843.46,Long Straight,Sector 3,109.11,100.0,0.0,10703.0,0.6,383.67,67.92
S02,Baseline practice,5,40.9,858.75,Long Straight,Sector 3,110.74,97.5,0.0,10836.0,-0.3,383.67,68.81
S02,Baseline practice,5,41.4,873.82,Long Straight,Sector 3,101.71,0.0,97.4,10099.0,0.0,396.35,68.87
S02,Baseline practice,5,41.9,885.88,Long Straight,Sector 3,76.97,0.4,94.7,8081.0,2.1,396.27,68.35
S02,Baseline practice,5,42.4,894.53,Long Straight,Sector 3,52.58,0.0,64.2,6090.0,1.8,395.94,67.84
S02,Baseline practice,5,42.9,900.78,Long Straight,Sector 3,41.64,1.2,17.4,5198.0,-0.2,395.64,67.34
S02,Baseline practice,5,43.4,906.3,Long Straight,Sector 3,40.39,1.3,14.8,5096.0,-0.1,396.43,66.97
S02,Baseline practice,5,43.9,911.76,Long Straight,Sector 3,39.75,0.0,15.8,5043.0,-2.2,395.8,66.6
S02,Baseline practice,5,44.4,917.18,Long Straight,Sector 3,38.45,100.0,0.0,4938.0,-1.9,388.15,66.36
S02,Baseline practice,5,44.9,922.62,Hairpin,Sector 3,38.69,32.0,0.0,4957.0,-8.9,394.35,65.96
S02,Baseline practice,5,45.4,927.99,Hairpin,Sector 3,38.7,0.0,19.1,4958.0,-32.9,395.01,65.54
S02,Baseline practice,5,45.9,933.31,Hairpin,Sector 3,38.5,30.2,0.0,4941.0,-53.3,393.09,65.21
S02,Baseline practice,5,46.4,938.68,Hairpin,Sector 3,38.94,0.0,17.0,4977.0,-72.8,396.04,64.81
S02,Baseline practice,5,46.9,944.05,Hairpin,Sector 3,38.89,4.9,14.0,4974.0,-92.1,394.62,64.46
S02,Baseline practice,5,47.4,949.4,Hairpin,Sector 3,39.1,0.0,15.7,4990.0,-102.8,395.1,64.11
S02,Baseline practice,5,47.9,954.75,Hairpin,Sector 3,38.97,0.0,17.2,4980.0,-108.2,396.14,63.75
S02,Baseline practice,5,48.4,960.11,Hairpin,Sector 3,38.89,1.6,15.4,4973.0,-123.5,395.21,63.41
S02,Baseline practice,5,48.9,965.48,Hairpin,Sector 3,38.98,2.0,10.4,4981.0,-120.4,395.22,63.06
S02,Baseline practice,5,49.4,970.85,Hairpin,Sector 3,39.15,0.0,12.6,4995.0,-115.7,395.64,62.72
S02,Baseline practice,5,49.9,976.21,Hairpin,Sector 3,38.18,30.0,0.0,4916.0,-114.4,391.86,62.39
S02,Baseline practice,5,50.4,981.58,Hairpin,Sector 3,38.95,0.0,14.6,4978.0,-102.8,396.04,62.02
S02,Baseline practice,5,50.9,986.93,Hairpin,Sector 3,39.02,0.0,18.5,4984.0,-85.4,394.78,61.7
S02,Baseline practice,5,51.4,992.28,Hairpin,Sector 3,38.69,27.8,0.0,4957.0,-66.5,393.82,61.4
S02,Baseline practice,5,51.9,997.65,Hairpin,Sector 3,38.65,32.4,0.0,4954.0,-47.1,393.69,61.08
S02,Baseline practice,5,52.4,1003.04,Hairpin,Sector 3,38.69,31.6,0.0,4957.0,-32.0,393.21,60.76
S02,Baseline practice,5,52.9,1008.41,Hairpin,Sector 3,38.44,34.4,0.0,4937.0,-6.1,394.03,60.44
S02,Baseline practice,5,53.4,1014.04,Final Corner,Sector 3,43.37,81.6,0.0,5339.0,5.9,388.1,60.44
S02,Baseline practice,5,53.9,1020.7,Final Corner,Sector 3,51.04,75.3,0.0,5965.0,20.0,389.36,60.61
S02,Baseline practice,5,54.4,1028.36,Final Corner,Sector 3,57.88,77.4,0.0,6523.0,34.1,388.72,60.82
S02,Baseline practice,5,54.9,1036.94,Final Corner,Sector 3,64.33,79.8,0.0,7049.0,48.5,387.85,61.11
S02,Baseline practice,5,55.4,1046.39,Final Corner,Sector 3,70.36,84.4,0.0,7542.0,53.6,386.94,61.46
S02,Baseline practice,5,55.9,1056.44,Final Corner,Sector 3,73.22,37.8,0.0,7775.0,54.4,391.92,61.4
S02,Baseline practice,5,56.4,1066.62,Final Corner,Sector 3,72.96,39.1,0.0,7754.0,46.3,392.06,61.19
S02,Baseline practice,5,56.9,1076.78,Final Corner,Sector 3,72.79,35.3,0.0,7739.0,42.4,391.47,60.99
S02,Baseline practice,5,57.4,1086.95,Final Corner,Sector 3,73.49,0.6,17.0,7797.0,25.3,395.74,60.76
S02,Baseline practice,5,57.9,1097.1,Final Corner,Sector 3,73.16,30.4,0.0,7770.0,5.2,392.01,60.62
S02,Baseline practice,6,0.3,6.29,Main Straight,Sector 1,76.78,97.8,0.0,8065.0,2.5,384.45,61.02
S02,Baseline practice,6,0.8,17.46,Main Straight,Sector 1,82.78,98.2,0.0,8555.0,-0.7,384.18,61.67
S02,Baseline practice,6,1.3,29.41,Main Straight,Sector 1,88.06,100.0,0.0,8985.0,-3.2,383.41,62.38
S02,Baseline practice,6,1.8,42.03,Main Straight,Sector 1,92.68,98.4,0.0,9363.0,-3.5,383.91,63.14
S02,Baseline practice,6,2.3,55.25,Main Straight,Sector 1,96.69,100.0,0.0,9690.0,2.1,382.58,63.95
S02,Baseline practice,6,2.8,68.97,Main Straight,Sector 1,100.11,100.0,0.0,9969.0,-0.8,382.42,64.77
S02,Baseline practice,6,3.3,83.12,Main Straight,Sector 1,103.08,100.0,0.0,10211.0,2.1,382.58,65.63
S02,Baseline practice,6,3.8,97.66,Main Straight,Sector 1,105.61,98.0,0.0,10418.0,-2.7,382.6,66.5
S02,Baseline practice,6,4.3,112.51,Main Straight,Sector 1,107.78,99.9,0.0,10595.0,2.5,382.22,67.39
S02,Baseline practice,6,4.8,127.64,Main Straight,Sector 1,109.63,97.8,0.0,10746.0,1.2,382.57,68.29
S02,Baseline practice,6,5.3,142.99,Main Straight,Sector 1,111.19,100.0,0.0,10873.0,-0.6,383.34,69.2
S02,Baseline practice,6,5.8,158.55,Main Straight,Sector 1,112.54,99.8,0.0,10984.0,-2.0,381.9,70.12
S02,Baseline practice,6,6.3,173.8,Main Straight,Sector 1,102.87,0.0,87.5,10194.0,-1.3,393.95,69.83
S02,Baseline practice,6,6.8,186.58,Main Straight,Sector 1,86.21,3.4,40.3,8835.0,0.8,393.98,69.32
S02,Baseline practice,6,7.3,197.79,Main Straight,Sector 1,77.81,0.0,19.3,8149.0,2.9,395.67,68.8
S02,Baseline practice,6,7.8,208.24,Main Straight,Sector 1,73.86,0.0,15.6,7827.0,-1.2,393.96,68.28
S02,Baseline practice,6,8.3,218.28,Main Straight,Sector 1,71.93,1.6,14.6,7670.0,-2.0,395.42,67.98
S02,Baseline practice,6,8.8,228.13,Turn 1 Braking Zone,Sector 1,69.89,0.0,22.9,7503.0,2.4,395.13,67.61
S02,Baseline practice,6,9.3,237.42,Turn 1 Braking Zone,Sector 1,65.27,0.0,12.3,7126.0,-1.9,395.51,67.12
S02,Baseline practice,6,9.8,246.27,Turn 1 Braking Zone,Sector 1,63.82,1.5,16.2,7008.0,-2.0,394.22,66.76
S02,Baseline practice,6,10.3,255.07,Turn 1 Braking Zone,Sector 1,63.75,2.1,14.5,7002.0,2.0,394.38,66.56
S02,Baseline practice,6,10.8,263.87,Turn 1 Braking Zone,Sector 1,63.77,2.4,14.1,7004.0,2.1,396.02,66.34
S02,Baseline practice,6,11.3,272.7,Turn 1 Braking Zone,Sector 1,64.08,0.0,15.4,7029.0,0.0,395.38,66.16
S02,Baseline practice,6,11.8,281.5,Turn 1 Medium Left,Sector 1,64.28,0.0,14.5,7045.0,-5.4,395.71,65.94
S02,Baseline practice,6,12.3,290.27,Turn 1 Medium Left,Sector 1,63.08,36.0,0.0,6947.0,-20.1,391.43,65.66
S02,Baseline practice,6,12.8,299.02,Turn 1 Medium Left,Sector 1,62.44,34.6,0.0,6895.0,-39.8,392.1,65.36
S02,Baseline practice,6,13.3,307.79,Turn 1 Medium Left,Sector 1,63.56,0.0,14.8,6987.0,-52.2,394.78,65.07
S02,Baseline practice,6,13.8,316.53,Turn 1 Medium Left,Sector 1,62.66,35.1,0.0,6913.0,-64.5,391.34,64.8
S02,Baseline practice,6,14.3,325.29,Turn 1 Medium Left,Sector 1,62.65,39.5,0.0,6913.0,-68.1,391.86,64.52
S02,Baseline practice,6,14.8,334.09,Turn 1 Medium Left,Sector 1,62.91,33.5,0.0,6933.0,-73.2,391.91,64.25
S02,Baseline practice,6,15.3,342.85,Turn 1 Medium Left,Sector 1,62.84,36.9,0.0,6928.0,-69.1,392.13,63.99
S02,Baseline practice,6,15.8,351.62,Turn 1 Medium Left,Sector 1,62.82,39.7,0.0,6926.0,-70.3,391.96,63.73
S02,Baseline practice,6,16.3,360.38,Turn 1 Medium Left,Sector 1,63.58,1.1,18.1,6988.0,-55.3,395.77,63.44
S02,Baseline practice,6,16.8,369.13,Turn 1 Medium Left,Sector 1,63.14,32.8,0.0,6952.0,-40.4,391.66,63.23
S02,Baseline practice,6,17.3,377.9,Turn 1 Medium Left,Sector 1,62.73,36.5,0.0,6919.0,-27.0,392.3,62.96
S02,Baseline practice,6,17.8,386.69,Turn 1 Medium Left,Sector 1,62.89,37.3,0.0,6932.0,-6.3,391.11,62.71
S02,Baseline practice,6,18.3,395.66,Back Straight,Sector 2,67.26,100.0,0.0,7288.0,0.0,386.4,63.01
S02,Baseline practice,6,18.8,405.62,Back Straight,Sector 2,74.52,99.7,0.0,7881.0,1.8,384.68,63.56
S02,Baseline practice,6,19.3,416.51,Back Straight,Sector 2,80.89,97.8,0.0,8401.0,-1.2,383.86,64.18
S02,Baseline practice,6,19.8,428.21,Back Straight,Sector 2,86.44,100.0,0.0,8854.0,-2.1,383.61,64.85
S02,Baseline practice,6,20.3,440.63,Back Straight,Sector 2,91.3,100.0,0.0,9250.0,-1.7,382.71,65.57
S02,Baseline practice,6,20.8,453.67,Back Straight,Sector 2,95.5,91.8,0.0,9593.0,-0.3,383.56,66.32
S02,Baseline practice,6,21.3,467.09,Back Straight,Sector 2,97.01,40.2,0.0,9716.0,-0.6,390.85,66.35
S02,Baseline practice,6,21.8,480.65,Back Straight,Sector 2,98.04,43.4,0.0,9800.0,-0.8,389.09,66.41
S02,Baseline practice,6,22.3,494.34,Back Straight,Sector 2,98.92,44.7,0.0,9872.0,-0.5,389.67,66.45
S02,Baseline practice,6,22.8,508.16,Back Straight,Sector 2,99.91,40.8,0.0,9952.0,-0.4,390.26,66.53
S02,Baseline practice,6,23.3,520.68,Back Straight,Sector 2,80.48,0.0,84.3,8367.0,-0.4,394.95,66.03
S02,Baseline practice,6,23.8,530.5,Back Straight,Sector 2,65.93,0.0,34.7,7180.0,1.6,395.17,65.55
S02,Baseline practice,6,24.3,539.05,Back Straight,Sector 2,59.43,0.0,18.2,6649.0,-1.1,395.27,65.06
S02,Baseline practice,6,24.8,546.99,Back Straight,Sector 2,55.82,100.0,0.0,6355.0,1.0,386.78,64.75
S02,Baseline practice,6,25.3,554.92,Back Straight,Sector 2,56.93,0.0,12.8,6446.0,-1.6,395.77,64.44
S02,Baseline practice,6,25.8,562.84,Technical Esses,Sector 2,56.95,2.7,13.6,6447.0,6.6,394.44,64.21
S02,Baseline practice,6,26.3,570.65,Technical Esses,Sector 2,55.73,29.8,0.0,6348.0,22.3,392.45,63.9
S02,Baseline practice,6,26.8,578.49,Technical Esses,Sector 2,56.91,2.9,16.1,6444.0,39.2,395.51,63.62
S02,Baseline practice,6,27.3,586.32,Technical Esses,Sector 2,56.88,0.0,14.8,6442.0,48.2,395.09,63.32
S02,Baseline practice,6,27.8,594.13,Technical Esses,Sector 2,55.77,33.3,0.0,6351.0,66.1,392.02,63.04
S02,Baseline practice,6,28.3,601.96,Technical Esses,Sector 2,56.76,1.9,14.5,6432.0,73.1,395.43,62.74
S02,Baseline practice,6,28.8,609.77,Technical Esses,Sector 2,56.7,3.1,15.9,6427.0,77.1,395.36,62.47
S02,Baseline practice,6,29.3,617.59,Technical Esses,Sector 2,56.41,32.7,0.0,6403.0,87.6,392.03,62.23
S02,Baseline practice,6,29.8,625.42,Technical Esses,Sector 2,56.36,33.1,0.0,6399.0,89.5,391.96,61.95
S02,Baseline practice,6,30.3,633.25,Technical Esses,Sector 2,56.37,29.0,0.0,6400.0,87.3,392.77,61.66
S02,Baseline practice,6,30.8,641.07,Technical Esses,Sector 2,56.3,34.7,0.0,6394.0,85.1,391.83,61.4
S02,Baseline practice,6,31.3,648.89,Technical Esses,Sector 2,56.27,32.5,0.0,6392.0,85.4,392.95,61.14
S02,Baseline practice,6,31.8,656.71,Technical Esses,Sector 2,56.21,35.3,0.0,6387.0,77.5,392.5,60.88
S02,Baseline practice,6,32.3,664.54,Technical Esses,Sector 2,55.89,33.9,0.0,6360.0,66.7,391.68,60.62
S02,Baseline practice,6,32.8,672.37,Technical Esses,Sector 2,56.01,34.8,0.0,6371.0,52.1,390.98,60.36
S02,Baseline practice,6,33.3,680.18,Technical Esses,Sector 2,55.85,30.9,0.0,6357.0,39.6,392.53,60.11
S02,Baseline practice,6,33.8,688.01,Technical Esses,Sector 2,56.69,0.0,8.8,6426.0,24.1,395.09,59.83
S02,Baseline practice,6,34.3,695.84,Technical Esses,Sector 2,55.9,36.0,0.0,6361.0,8.1,391.17,59.59
S02,Baseline practice,6,34.8,703.8,Long Straight,Sector 3,59.59,97.6,0.0,6662.0,-1.5,384.36,59.74
S02,Baseline practice,6,35.3,712.75,Long Straight,Sector 3,67.58,100.0,0.0,7315.0,2.5,385.22,60.24
S02,Baseline practice,6,35.8,722.74,Long Straight,Sector 3,74.69,99.2,0.0,7894.0,1.9,385.66,60.81
S02,Baseline practice,6,36.3,733.65,Long Straight,Sector 3,80.94,100.0,0.0,8405.0,2.2,383.82,61.45
S02,Baseline practice,6,36.8,745.36,Long Straight,Sector 3,86.53,99.4,0.0,8861.0,-1.6,384.13,62.16
S02,Baseline practice,6,37.3,757.79,Long Straight,Sector 3,91.36,96.5,0.0,9255.0,-0.9,384.2,62.9
S02,Baseline practice,6,37.8,770.83,Long Straight,Sector 3,95.52,100.0,0.0,9595.0,1.8,382.74,63.69
S02,Baseline practice,6,38.3,784.41,Long Straight,Sector 3,99.14,98.4,0.0,9890.0,0.8,383.7,64.51
S02,Baseline practice,6,38.8,798.44,Long Straight,Sector 3,102.22,100.0,0.0,10141.0,-0.8,382.87,65.36
S02,Baseline practice,6,39.3,812.86,Long Straight,Sector 3,104.81,100.0,0.0,10352.0,-2.3,383.1,66.2
S02,Baseline practice,6,39.8,827.61,Long Straight,Sector 3,107.11,95.4,0.0,10540.0,-0.8,383.15,67.08
S02,Baseline practice,6,40.3,842.65,Long Straight,Sector 3,109.04,99.4,0.0,10698.0,-3.3,382.56,67.98
S02,Baseline practice,6,40.8,857.94,Long Straight,Sector 3,110.7,96.9,0.0,10833.0,-0.7,381.97,68.88
S02,Baseline practice,6,41.3,873.28,Long Straight,Sector 3,106.77,0.0,98.0,10512.0,-2.3,395.7,69.2
S02,Baseline practice,6,41.8,886.05,Long Straight,Sector 3,82.04,0.0,100.0,8495.0,1.3,393.9,68.68
S02,Baseline practice,6,42.3,895.37,Long Straight,Sector 3,57.26,2.3,91.2,6472.0,-0.1,394.68,68.17
S02,Baseline practice,6,42.8,901.94,Long Straight,Sector 3,43.31,0.0,26.0,5334.0,-2.6,395.08,67.67
S02,Baseline practice,6,43.3,907.53,Long Straight,Sector 3,38.61,96.4,0.0,4951.0,-1.2,387.37,67.28
S02,Baseline practice,6,43.8,913.03,Long Straight,Sector 3,40.32,1.5,10.9,5090.0,-0.9,394.49,66.91
S02,Baseline practice,6,44.3,918.5,Long Straight,Sector 3,39.75,3.0,16.0,5043.0,-0.6,396.03,66.54
S02,Baseline practice,6,44.8,923.88,Hairpin,Sector 3,38.38,30.1,0.0,4932.0,-17.2,391.83,66.17
S02,Baseline practice,6,45.3,929.28,Hairpin,Sector 3,38.39,24.6,0.0,4933.0,-40.1,392.43,65.79
S02,Baseline practice,6,45.8,934.69,Hairpin,Sector 3,38.57,31.7,0.0,4947.0,-61.6,392.92,65.42
S02,Baseline practice,6,46.3,940.06,Hairpin,Sector 3,38.6,33.0,0.0,4950.0,-78.4,392.83,65.05
S02,Baseline practice,6,46.8,945.45,Hairpin,Sector 3,38.46,29.8,0.0,4938.0,-92.1,392.68,64.69
S02,Baseline practice,6,47.3,950.84,Hairpin,Sector 3,38.6,34.2,0.0,4949.0,-101.1,392.38,64.35
S02,Baseline practice,6,47.8,956.25,Hairpin,Sector 3,38.69,34.6,0.0,4957.0,-115.4,392.58,64.0
S02,Baseline practice,6,48.3,961.63,Hairpin,Sector 3,38.75,31.4,0.0,4962.0,-116.6,393.4,63.66
S02,Baseline practice,6,48.8,967.03,Hairpin,Sector 3,38.84,31.7,0.0,4969.0,-119.6,390.94,63.33
S02,Baseline practice,6,49.3,972.43,Hairpin,Sector 3,38.87,30.3,0.0,4972.0,-112.7,393.9,62.98
S02,Baseline practice,6,49.8,977.84,Hairpin,Sector 3,38.89,28.9,0.0,4974.0,-109.5,391.42,62.64
S02,Baseline practice,6,50.3,983.22,Hairpin,Sector 3,38.94,30.3,0.0,4978.0,-97.8,392.19,62.31
S02,Baseline practice,6,50.8,988.63,Hairpin,Sector 3,39.04,3.9,13.3,4986.0,-80.8,394.77,61.95
S02,Baseline practice,6,51.3,994.03,Hairpin,Sector 3,39.06,1.3,16.7,4988.0,-61.2,394.56,61.61
S02,Baseline practice,6,51.8,999.43,Hairpin,Sector 3,39.3,0.0,15.9,5007.0,-44.1,394.38,61.29
S02,Baseline practice,6,52.3,1004.82,Hairpin,Sector 3,39.27,0.0,17.8,5004.0,-27.9,394.68,60.98
S02,Baseline practice,6,52.8,1010.21,Final Corner,Sector 3,39.42,80.4,0.0,5016.0,-1.5,388.6,60.78
S02,Baseline practice,6,53.3,1016.36,Final Corner,Sector 3,47.52,79.5,0.0,5678.0,10.8,388.57,60.92
S02,Baseline practice,6,53.8,1023.59,Final Corner,Sector 3,55.05,77.8,0.0,6292.0,22.2,388.61,61.14
S02,Baseline practice,6,54.3,1031.79,Final Corner,Sector 3,61.71,80.3,0.0,6836.0,40.8,387.03,61.39
S02,Baseline practice,6,54.8,1040.88,Final Corner,Sector 3,67.8,80.6,0.0,7332.0,47.5,387.15,61.7
S02,Baseline practice,6,55.3,1050.72,Final Corner,Sector 3,72.04,35.0,0.0,7678.0,56.2,391.54,61.78
S02,Baseline practice,6,55.8,1060.88,Final Corner,Sector 3,73.95,0.0,14.2,7834.0,55.2,395.5,61.63
S02,Baseline practice,6,56.3,1071.1,Final Corner,Sector 3,73.72,35.5,0.0,7816.0,43.0,391.68,61.49
S02,Baseline practice,6,56.8,1081.34,Final Corner,Sector 3,73.49,30.3,0.0,7797.0,34.8,392.26,61.26
S02,Baseline practice,6,57.3,1091.55,Final Corner,Sector 3,74.01,10.5,15.1,7839.0,14.3,394.83,61.08
S02,Baseline practice,7,0.0,0.0,Main Straight,Sector 1,73.53,100.0,0.0,7800.0,-1.3,384.83,61.07
S02,Baseline practice,7,0.5,10.76,Main Straight,Sector 1,79.96,100.0,0.0,8325.0,-0.7,383.3,61.69
S02,Baseline practice,7,1.0,22.34,Main Straight,Sector 1,85.61,100.0,0.0,8786.0,0.9,382.58,62.38
S02,Baseline practice,7,1.5,34.65,Main Straight,Sector 1,90.55,98.8,0.0,9189.0,0.8,383.77,63.11
S02,Baseline practice,7,2.0,47.59,Main Straight,Sector 1,94.8,99.5,0.0,9536.0,-0.4,382.46,63.88
S02,Baseline practice,7,2.5,61.07,Main Straight,Sector 1,98.47,97.8,0.0,9835.0,-1.5,382.61,64.68
S02,Baseline practice,7,3.0,75.01,Main Straight,Sector 1,101.61,94.6,0.0,10092.0,1.9,382.25,65.49
S02,Baseline practice,7,3.5,89.35,Main Straight,Sector 1,104.32,100.0,0.0,10313.0,0.2,382.47,66.35
S02,Baseline practice,7,4.0,104.04,Main Straight,Sector 1,106.67,96.6,0.0,10504.0,1.1,380.81,67.22
S02,Baseline practice,7,4.5,119.03,Main Straight,Sector 1,108.68,95.3,0.0,10668.0,-1.1,382.02,68.11
S02,Baseline practice,7,5.0,134.27,Main Straight,Sector 1,110.38,98.4,0.0,10807.0,-2.3,382.06,69.01
S02,Baseline practice,7,5.5,149.72,Main Straight,Sector 1,111.84,96.9,0.0,10926.0,-0.1,382.13,69.92
S02,Baseline practice,7,6.0,165.35,Main Straight,Sector 1,112.78,41.3,0.0,11003.0,2.1,389.52,70.45
S02,Baseline practice,7,6.5,180.2,Main Straight,Sector 1,98.6,0.0,74.4,9846.0,-2.6,394.81,70.03
S02,Baseline practice,7,7.0,192.59,Main Straight,Sector 1,84.2,0.0,33.8,8671.0,-1.9,394.7,69.51
S02,Baseline practice,7,7.5,203.66,Main Straight,Sector 1,77.46,1.3,20.7,8121.0,1.1,394.5,69.0
S02,Baseline practice,7,8.0,214.06,Main Straight,Sector 1,73.21,0.0,13.6,7774.0,0.6,394.38,68.48
S02,Baseline practice,7,8.5,224.07,Turn 1 Braking Zone,Sector 1,71.33,35.4,0.0,7620.0,0.3,390.98,68.24
S02,Baseline practice,7,9.0,233.89,Turn 1 Braking Zone,Sector 1,69.0,0.0,20.1,7430.0,-1.8,395.28,67.8
S02,Baseline practice,7,9.5,243.12,Turn 1 Braking Zone,Sector 1,64.8,3.2,16.0,7088.0,1.1,393.39,67.31
S02,Baseline practice,7,10.0,251.94,Turn 1 Braking Zone,Sector 1,62.73,81.6,0.0,6919.0,-1.1,386.85,67.1
S02,Baseline practice,7,10.5,260.79,Turn 1 Braking Zone,Sector 1,62.93,80.3,0.0,6935.0,-1.4,387.01,66.9
S02,Baseline practice,7,11.0,269.63,Turn 1 Braking Zone,Sector 1,63.38,75.9,0.0,6971.0,0.8,387.22,66.69
S02,Baseline practice,7,11.5,278.48,Turn 1 Braking Zone,Sector 1,63.34,73.9,0.0,6968.0,3.6,387.55,66.47
S02,Baseline practice,7,12.0,287.32,Turn 1 Medium Left,Sector 1,63.85,0.7,16.6,7010.0,-15.1,393.89,66.12
S02,Baseline practice,7,12.5,296.11,Turn 1 Medium Left,Sector 1,63.69,6.0,13.3,6997.0,-28.4,393.89,65.82
S02,Baseline practice,7,13.0,304.91,Turn 1 Medium Left,Sector 1,63.57,0.0,19.2,6987.0,-48.3,394.53,65.52
S02,Baseline practice,7,13.5,313.65,Turn 1 Medium Left,Sector 1,63.04,37.4,0.0,6944.0,-56.9,390.45,65.3
S02,Baseline practice,7,14.0,322.44,Turn 1 Medium Left,Sector 1,62.96,33.6,0.0,6937.0,-71.1,391.78,65.0
S02,Baseline practice,7,14.5,331.26,Turn 1 Medium Left,Sector 1,63.87,0.0,16.6,7012.0,-72.1,394.39,64.7
S02,Baseline practice,7,15.0,340.03,Turn 1 Medium Left,Sector 1,63.54,0.0,13.9,6985.0,-73.6,394.28,64.43
S02,Baseline practice,7,15.5,348.82,Turn 1 Medium Left,Sector 1,63.38,31.4,0.0,6972.0,-63.2,390.2,64.22
S02,Baseline practice,7,16.0,357.63,Turn 1 Medium Left,Sector 1,63.14,36.7,0.0,6952.0,-61.2,391.46,63.95
S02,Baseline practice,7,16.5,366.43,Turn 1 Medium Left,Sector 1,62.96,38.6,0.0,6938.0,-41.5,390.67,63.68
S02,Baseline practice,7,17.0,375.21,Turn 1 Medium Left,Sector 1,62.99,32.8,0.0,6940.0,-25.8,391.27,63.41
S02,Baseline practice,7,17.5,384.01,Turn 1 Medium Left,Sector 1,62.79,31.4,0.0,6923.0,-11.9,392.13,63.15
S02,Baseline practice,7,18.0,392.84,Back Straight,Sector 2,65.0,100.0,0.0,7104.0,0.1,384.49,63.2
S02,Baseline practice,7,18.5,402.51,Back Straight,Sector 2,72.52,100.0,0.0,7717.0,-0.4,384.49,63.73
S02,Baseline practice,7,19.0,413.14,Back Straight,Sector 2,79.13,99.0,0.0,8257.0,-0.1,382.89,64.32
S02,Baseline practice,7,19.5,424.61,Back Straight,Sector 2,84.83,96.4,0.0,8722.0,0.0,383.38,64.95
S02,Baseline practice,7,20.0,436.82,Back Straight,Sector 2,89.87,100.0,0.0,9134.0,0.1,383.36,65.66
S02,Baseline practice,7,20.5,449.68,Back Straight,Sector 2,94.28,100.0,0.0,9493.0,0.2,382.69,66.41
S02,Baseline practice,7,21.0,463.05,Back Straight,Sector 2,97.05,40.9,0.0,9719.0,-0.3,390.32,66.75
S02,Baseline practice,7,21.5,476.61,Back Straight,Sector 2,97.98,40.4,0.0,9795.0,0.8,389.97,66.77
S02,Baseline practice,7,22.0,490.3,Back Straight,Sector 2,98.97,40.6,0.0,9876.0,1.8,389.64,66.83
S02,Baseline practice,7,22.5,504.12,Back Straight,Sector 2,99.8,45.6,0.0,9944.0,1.1,388.13,66.88
S02,Baseline practice,7,23.0,517.52,Back Straight,Sector 2,89.38,3.4,94.8,9093.0,0.9,395.02,66.51
S02,Baseline practice,7,23.5,528.13,Back Straight,Sector 2,69.38,0.0,44.1,7462.0,-0.8,395.08,66.04
S02,Baseline practice,7,24.0,536.97,Back Straight,Sector 2,60.78,0.6,16.3,6759.0,-1.5,394.32,65.55
S02,Baseline practice,7,24.5,545.09,Back Straight,Sector 2,57.0,0.0,10.9,6451.0,-0.6,395.12,65.07
S02,Baseline practice,7,25.0,552.92,Back Straight,Sector 2,55.93,100.0,0.0,6364.0,-0.9,385.4,64.94
S02,Baseline practice,7,25.5,560.83,Technical Esses,Sector 2,56.79,0.0,12.4,6434.0,3.6,395.85,64.63
S02,Baseline practice,7,26.0,568.6,Technical Esses,Sector 2,55.79,36.3,0.0,6352.0,17.0,391.17,64.32
S02,Baseline practice,7,26.5,576.37,Technical Esses,Sector 2,56.08,30.9,0.0,6376.0,34.1,392.45,64.03
S02,Baseline practice,7,27.0,584.15,Technical Esses,Sector 2,55.7,31.7,0.0,6345.0,46.9,391.01,63.72
S02,Baseline practice,7,27.5,591.91,Technical Esses,Sector 2,55.67,31.4,0.0,6343.0,62.7,391.01,63.41
S02,Baseline practice,7,28.0,599.67,Technical Esses,Sector 2,55.7,35.1,0.0,6345.0,73.4,392.17,63.12
S02,Baseline practice,7,28.5,607.44,Technical Esses,Sector 2,55.69,30.4,0.0,6344.0,80.8,392.19,62.83
S02,Baseline practice,7,29.0,615.2,Technical Esses,Sector 2,55.5,34.3,0.0,6329.0,86.5,391.98,62.54
S02,Baseline practice,7,29.5,622.99,Technical Esses,Sector 2,56.42,0.0,15.3,6404.0,88.1,394.65,62.24
S02,Baseline practice,7,30.0,630.78,Technical Esses,Sector 2,56.34,0.4,14.6,6397.0,94.6,394.81,61.96
S02,Baseline practice,7,30.5,638.56,Technical Esses,Sector 2,56.22,3.3,15.0,6388.0,89.5,394.98,61.68
S02,Baseline practice,7,31.0,646.32,Technical Esses,Sector 2,56.05,30.9,0.0,6374.0,86.0,392.21,61.46
S02,Baseline practice,7,31.5,654.1,Technical Esses,Sector 2,55.87,32.1,0.0,6359.0,78.8,391.59,61.19
S02,Baseline practice,7,32.0,661.86,Technical Esses,Sector 2,55.89,28.7,0.0,6361.0,67.7,391.87,60.92
S02,Baseline practice,7,32.5,669.61,Technical Esses,Sector 2,55.48,35.5,0.0,6327.0,56.1,391.17,60.65
S02,Baseline practice,7,33.0,677.38,Technical Esses,Sector 2,55.6,32.5,0.0,6337.0,43.9,392.06,60.39
S02,Baseline practice,7,33.5,685.19,Technical Esses,Sector 2,56.58,3.1,17.0,6417.0,29.8,394.27,60.13
S02,Baseline practice,7,34.0,692.97,Technical Esses,Sector 2,56.11,37.6,0.0,6378.0,16.6,390.92,59.93
S02,Baseline practice,7,34.5,700.76,Long Straight,Sector 3,56.12,100.0,0.0,6380.0,-0.8,385.09,59.78
S02,Baseline practice,7,35.0,709.27,Long Straight,Sector 3,64.59,96.7,0.0,7071.0,-2.4,385.25,60.25
S02,Baseline practice,7,35.5,718.88,Long Straight,Sector 3,72.11,100.0,0.0,7684.0,-1.4,384.76,60.81
S02,Baseline practice,7,36.0,729.45,Long Straight,Sector 3,78.73,100.0,0.0,8225.0,1.4,383.44,61.43
S02,Baseline practice,7,36.5,740.87,Long Straight,Sector 3,84.49,99.4,0.0,8695.0,-1.5,384.04,62.09
S02,Baseline practice,7,37.0,753.04,Long Straight,Sector 3,89.52,98.2,0.0,9105.0,1.4,383.99,62.8
S02,Baseline practice,7,37.5,765.85,Long Straight,Sector 3,93.95,98.5,0.0,9466.0,1.1,383.09,63.58
S02,Baseline practice,7,38.0,779.22,Long Straight,Sector 3,97.72,98.8,0.0,9774.0,-0.9,382.47,64.37
S02,Baseline practice,7,38.5,793.07,Long Straight,Sector 3,100.98,97.9,0.0,10040.0,1.0,382.74,65.19
S02,Baseline practice,7,39.0,807.33,Long Straight,Sector 3,103.8,100.0,0.0,10270.0,0.4,381.66,66.05
S02,Baseline practice,7,39.5,821.95,Long Straight,Sector 3,106.21,100.0,0.0,10466.0,0.4,382.08,66.91
S02,Baseline practice,7,40.0,836.88,Long Straight,Sector 3,108.25,100.0,0.0,10633.0,0.4,382.3,67.79
S02,Baseline practice,7,40.5,852.06,Long Straight,Sector 3,110.0,100.0,0.0,10776.0,-4.9,381.6,68.67
S02,Baseline practice,7,41.0,867.47,Long Straight,Sector 3,111.5,0.8,100.0,10898.0,0.0,394.05,69.28
S02,Baseline practice,7,41.5,880.87,Long Straight,Sector 3,86.5,4.4,99.6,8858.0,-1.1,394.21,68.78
S02,Baseline practice,7,42.0,890.8,Long Straight,Sector 3,61.46,0.0,100.0,6815.0,-1.6,394.27,68.26
S02,Baseline practice,7,42.5,897.64,Long Straight,Sector 3,44.0,0.0,29.8,5391.0,1.5,393.99,67.75
S02,Baseline practice,7,43.0,903.3,Long Straight,Sector 3,39.15,2.6,15.0,4995.0,-0.6,394.63,67.25
S02,Baseline practice,7,43.5,908.74,Long Straight,Sector 3,38.1,95.9,0.0,4909.0,0.6,386.41,67.0
S02,Baseline practice,7,44.0,914.25,Long Straight,Sector 3,39.92,1.5,15.6,5058.0,-3.2,394.49,66.63
S02,Baseline practice,7,44.5,919.7,Long Straight,Sector 3,38.82,1.3,15.2,4968.0,-2.7,395.48,66.27
S02,Baseline practice,7,45.0,925.05,Hairpin,Sector 3,38.58,31.2,0.0,4948.0,-24.2,391.87,65.92
S02,Baseline practice,7,45.5,930.41,Hairpin,Sector 3,38.82,0.1,16.6,4967.0,-40.1,395.53,65.52
S02,Baseline practice,7,46.0,935.77,Hairpin,Sector 3,38.92,2.9,15.3,4976.0,-63.3,394.28,65.17
S02,Baseline practice,7,46.5,941.14,Hairpin,Sector 3,38.87,2.9,12.0,4972.0,-77.7,393.63,64.81
S02,Baseline practice,7,47.0,946.5,Hairpin,Sector 3,39.15,0.9,15.6,4995.0,-96.5,394.15,64.45
S02,Baseline practice,7,47.5,951.87,Hairpin,Sector 3,39.14,4.2,11.8,4994.0,-105.5,394.51,64.11
S02,Baseline practice,7,48.0,957.23,Hairpin,Sector 3,38.13,31.0,0.0,4912.0,-118.9,392.7,63.75
S02,Baseline practice,7,48.5,962.61,Hairpin,Sector 3,38.45,30.5,0.0,4937.0,-125.9,392.77,63.41
S02,Baseline practice,7,49.0,967.97,Hairpin,Sector 3,38.68,32.4,0.0,4957.0,-119.2,391.89,63.07
S02,Baseline practice,7,49.5,973.33,Hairpin,Sector 3,38.55,29.8,0.0,4946.0,-114.9,390.86,62.71
S02,Baseline practice,7,50.0,978.7,Hairpin,Sector 3,38.77,0.2,12.0,4964.0,-107.0,395.06,62.34
S02,Baseline practice,7,50.5,984.04,Hairpin,Sector 3,39.04,0.4,16.1,4986.0,-93.8,394.71,62.01
S02,Baseline practice,7,51.0,989.4,Hairpin,Sector 3,39.13,3.8,17.9,4993.0,-78.0,394.22,61.68
S02,Baseline practice,7,51.5,994.76,Hairpin,Sector 3,39.1,2.1,18.4,4990.0,-59.2,394.42,61.35
S02,Baseline practice,7,52.0,1000.14,Hairpin,Sector 3,39.09,2.3,12.3,4990.0,-38.3,393.99,61.04
S02,Baseline practice,7,52.5,1005.51,Hairpin,Sector 3,39.18,0.0,15.6,4997.0,-20.2,393.93,60.72
S02,Baseline practice,7,53.0,1010.84,Final Corner,Sector 3,37.89,79.7,0.0,4891.0,4.0,388.65,60.47
S02,Baseline practice,7,53.5,1016.79,Final Corner,Sector 3,46.09,75.4,0.0,5561.0,12.6,388.41,60.6
S02,Baseline practice,7,54.0,1023.82,Final Corner,Sector 3,53.52,77.5,0.0,6167.0,26.2,387.72,60.79
S02,Baseline practice,7,54.5,1031.82,Final Corner,Sector 3,60.23,79.4,0.0,6715.0,34.9,387.63,61.03
S02,Baseline practice,7,55.0,1040.72,Final Corner,Sector 3,66.62,81.3,0.0,7236.0,47.9,386.62,61.34
S02,Baseline practice,7,55.5,1050.44,Final Corner,Sector 3,71.71,36.3,0.0,7652.0,50.1,390.46,61.52
S02,Baseline practice,7,56.0,1060.55,Final Corner,Sector 3,73.5,0.0,14.6,7797.0,49.2,394.94,61.35
S02,Baseline practice,7,56.5,1070.7,Final Corner,Sector 3,73.17,35.5,0.0,7770.0,48.6,390.88,61.22
S02,Baseline practice,7,57.0,1080.88,Final Corner,Sector 3,73.07,38.7,0.0,7762.0,32.2,390.39,61.03
S02,Baseline practice,7,57.5,1091.05,Final Corner,Sector 3,72.93,32.1,0.0,7751.0,13.8,390.79,60.84
S02,Baseline practice,8,0.0,0.0,Main Straight,Sector 1,73.7,99.8,0.0,7814.0,2.3,384.06,60.83
S02,Baseline practice,8,0.5,10.79,Main Straight,Sector 1,80.18,100.0,0.0,8343.0,0.3,383.06,61.47
S02,Baseline practice,8,1.0,22.4,Main Straight,Sector 1,85.82,94.1,0.0,8803.0,-1.2,383.48,62.15
S02,Baseline practice,8,1.5,34.73,Main Straight,Sector 1,90.69,96.0,0.0,9201.0,0.3,383.44,62.88
S02,Baseline practice,8,2.0,47.69,Main Straight,Sector 1,94.94,100.0,0.0,9547.0,-3.0,382.74,63.67
S02,Baseline practice,8,2.5,61.18,Main Straight,Sector 1,98.6,98.0,0.0,9846.0,1.1,382.58,64.47
S02,Baseline practice,8,3.0,75.15,Main Straight,Sector 1,101.77,100.0,0.0,10104.0,-1.1,382.32,65.32
S02,Baseline practice,8,3.5,89.51,Main Straight,Sector 1,104.49,98.8,0.0,10326.0,0.7,381.29,66.18
S02,Baseline practice,8,4.0,104.22,Main Straight,Sector 1,106.8,100.0,0.0,10515.0,-1.5,381.0,67.06
S02,Baseline practice,8,4.5,119.22,Main Straight,Sector 1,108.79,99.9,0.0,10677.0,1.5,381.87,67.95
S02,Baseline practice,8,5.0,134.48,Main Straight,Sector 1,110.45,99.0,0.0,10813.0,0.8,381.09,68.83
S02,Baseline practice,8,5.5,149.94,Main Straight,Sector 1,111.9,96.4,0.0,10931.0,2.3,381.07,69.73
S02,Baseline practice,8,6.0,165.58,Main Straight,Sector 1,112.86,3.4,100.0,11010.0,-0.2,392.51,70.18
S02,Baseline practice,8,6.5,179.35,Main Straight,Sector 1,91.59,0.5,55.3,9274.0,0.3,394.1,69.65
S02,Baseline practice,8,7.0,191.09,Main Straight,Sector 1,80.92,2.1,28.1,8403.0,1.9,393.83,69.13
S02,Baseline practice,8,7.5,201.8,Main Straight,Sector 1,75.01,1.3,17.6,7920.0,-1.0,393.97,68.61
S02,Baseline practice,8,8.0,211.9,Main Straight,Sector 1,71.33,99.9,0.0,7621.0,0.5,383.5,68.29
S02,Baseline practice,8,8.5,221.86,Turn 1 Braking Zone,Sector 1,71.91,0.0,13.0,7668.0,-0.6,394.66,67.98
S02,Baseline practice,8,9.0,231.56,Turn 1 Braking Zone,Sector 1,67.52,0.0,18.0,7310.0,-3.3,394.44,67.54
S02,Baseline practice,8,9.5,240.61,Turn 1 Braking Zone,Sector 1,63.62,0.0,12.7,6992.0,-0.6,394.72,67.04
S02,Baseline practice,8,10.0,249.42,Turn 1 Braking Zone,Sector 1,63.97,0.3,15.8,7020.0,2.7,392.98,66.82
S02,Baseline practice,8,10.5,258.26,Turn 1 Braking Zone,Sector 1,64.11,3.8,11.4,7031.0,-0.4,392.17,66.61
S02,Baseline practice,8,11.0,267.06,Turn 1 Braking Zone,Sector 1,64.05,0.0,11.6,7026.0,2.5,394.81,66.4
S02,Baseline practice,8,11.5,275.85,Turn 1 Braking Zone,Sector 1,62.51,76.4,0.0,6901.0,-4.9,387.03,66.19
S02,Baseline practice,8,12.0,284.66,Turn 1 Medium Left,Sector 1,62.65,33.2,0.0,6912.0,-10.9,391.15,65.89
S02,Baseline practice,8,12.5,293.43,Turn 1 Medium Left,Sector 1,63.59,4.9,15.8,6989.0,-27.1,392.63,65.6
S02,Baseline practice,8,13.0,302.18,Turn 1 Medium Left,Sector 1,63.33,4.2,14.7,6968.0,-41.2,393.59,65.31
S02,Baseline practice,8,13.5,310.93,Turn 1 Medium Left,Sector 1,63.19,0.0,15.1,6956.0,-59.2,394.03,65.02
S02,Baseline practice,8,14.0,319.67,Turn 1 Medium Left,Sector 1,63.19,0.0,13.5,6956.0,-61.7,394.54,64.75
S02,Baseline practice,8,14.5,328.42,Turn 1 Medium Left,Sector 1,63.19,0.0,17.8,6957.0,-69.6,393.92,64.46
S02,Baseline practice,8,15.0,337.14,Turn 1 Medium Left,Sector 1,63.05,36.9,0.0,6945.0,-73.6,390.96,64.26
S02,Baseline practice,8,15.5,345.9,Turn 1 Medium Left,Sector 1,62.57,33.8,0.0,6906.0,-68.6,390.61,63.98
S02,Baseline practice,8,16.0,354.65,Turn 1 Medium Left,Sector 1,62.49,32.2,0.0,6899.0,-63.0,390.77,63.7
S02,Baseline practice,8,16.5,363.41,Turn 1 Medium Left,Sector 1,63.46,0.0,14.6,6978.0,-48.3,393.79,63.42
S02,Baseline practice,8,17.0,372.16,Turn 1 Medium Left,Sector 1,63.57,2.2,16.3,6988.0,-36.3,394.04,63.17
S02,Baseline practice,8,17.5,380.91,Turn 1 Medium Left,Sector 1,63.46,4.0,17.4,6979.0,-18.7,394.12,62.91
S02,Baseline practice,8,18.0,389.66,Turn 1 Medium Left,Sector 1,63.02,30.2,0.0,6943.0,2.2,391.74,62.71
S02,Baseline practice,8,18.5,398.89,Back Straight,Sector 2,69.55,100.0,0.0,7475.0,-0.8,384.66,63.2
S02,Baseline practice,8,19.0,409.14,Back Straight,Sector 2,76.51,100.0,0.0,8043.0,-0.6,383.82,63.77
S02,Baseline practice,8,19.5,420.29,Back Straight,Sector 2,82.58,100.0,0.0,8538.0,0.1,382.47,64.4
S02,Baseline practice,8,20.0,432.21,Back Straight,Sector 2,87.95,100.0,0.0,8977.0,1.1,382.77,65.09
S02,Baseline practice,8,20.5,444.82,Back Straight,Sector 2,92.59,94.9,0.0,9355.0,2.2,381.76,65.81
S02,Baseline practice,8,21.0,458.01,Back Straight,Sector 2,96.47,45.3,0.0,9672.0,-1.9,389.8,66.42
S02,Baseline practice,8,21.5,471.5,Back Straight,Sector 2,97.53,42.8,0.0,9758.0,-1.9,389.32,66.46
S02,Baseline practice,8,22.0,485.13,Back Straight,Sector 2,98.5,37.4,0.0,9838.0,0.2,390.34,66.5
S02,Baseline practice,8,22.5,498.88,Back Straight,Sector 2,99.4,37.8,0.0,9911.0,0.7,389.47,66.55
S02,Baseline practice,8,23.0,512.73,Back Straight,Sector 2,99.47,0.0,100.0,9917.0,-0.8,394.52,66.39
S02,Baseline practice,8,23.5,524.49,Back Straight,Sector 2,75.53,2.4,64.8,7963.0,0.3,392.84,65.91
S02,Baseline practice,8,24.0,533.88,Back Straight,Sector 2,63.72,4.1,29.5,6999.0,-0.3,392.88,65.43
S02,Baseline practice,8,24.5,542.25,Back Straight,Sector 2,58.54,1.0,14.5,6577.0,0.0,394.08,64.95
S02,Baseline practice,8,25.0,550.14,Back Straight,Sector 2,57.23,3.0,16.4,6470.0,2.6,392.97,64.65
S02,Baseline practice,8,25.5,557.97,Back Straight,Sector 2,55.86,100.0,0.0,6358.0,1.7,383.82,64.52
S02,Baseline practice,8,26.0,565.82,Technical Esses,Sector 2,55.56,34.5,0.0,6334.0,14.6,390.57,64.15
S02,Baseline practice,8,26.5,573.62,Technical Esses,Sector 2,55.66,30.7,0.0,6342.0,25.5,390.76,63.87
S02,Baseline practice,8,27.0,581.4,Technical Esses,Sector 2,55.51,32.4,0.0,6330.0,43.7,392.07,63.56
S02,Baseline practice,8,27.5,589.19,Technical Esses,Sector 2,55.67,33.5,0.0,6343.0,52.4,391.6,63.28
S02,Baseline practice,8,28.0,596.96,Technical Esses,Sector 2,55.63,32.5,0.0,6340.0,64.4,391.09,62.99
S02,Baseline practice,8,28.5,604.76,Technical Esses,Sector 2,55.71,35.2,0.0,6346.0,77.3,390.76,62.72
S02,Baseline practice,8,29.0,612.53,Technical Esses,Sector 2,55.59,32.8,0.0,6336.0,82.6,390.28,62.45
S02,Baseline practice,8,29.5,620.31,Technical Esses,Sector 2,55.46,30.6,0.0,6325.0,88.3,392.19,62.15
S02,Baseline practice,8,30.0,628.09,Technical Esses,Sector 2,56.33,4.0,15.0,6396.0,85.3,394.16,61.88
S02,Baseline practice,8,30.5,635.88,Technical Esses,Sector 2,56.39,0.0,16.5,6401.0,87.7,393.79,61.6
S02,Baseline practice,8,31.0,643.66,Technical Esses,Sector 2,56.22,1.9,12.8,6388.0,87.7,394.82,61.31
S02,Baseline practice,8,31.5,651.44,Technical Esses,Sector 2,56.26,8.2,12.7,6391.0,81.3,393.39,61.06
S02,Baseline practice,8,32.0,659.21,Technical Esses,Sector 2,55.99,29.5,0.0,6369.0,74.1,391.33,60.83
S02,Baseline practice,8,32.5,667.01,Technical Esses,Sector 2,55.95,32.0,0.0,6366.0,59.1,391.42,60.57
S02,Baseline practice,8,33.0,674.81,Technical Esses,Sector 2,55.82,31.6,0.0,6355.0,50.1,392.19,60.31
S02,Baseline practice,8,33.5,682.57,Technical Esses,Sector 2,55.52,32.7,0.0,6331.0,33.5,391.33,60.04
S02,Baseline practice,8,34.0,690.34,Technical Esses,Sector 2,55.47,29.9,0.0,6326.0,15.7,391.99,59.79
S02,Baseline practice,8,34.5,698.12,Technical Esses,Sector 2,56.34,0.8,15.5,6397.0,-0.1,394.31,59.52
S02,Baseline practice,8,35.0,706.18,Long Straight,Sector 3,61.23,99.7,0.0,6796.0,-0.3,384.38,59.85
S02,Baseline practice,8,35.5,715.36,Long Straight,Sector 3,69.16,100.0,0.0,7444.0,1.3,383.07,60.38
S02,Baseline practice,8,36.0,725.56,Long Straight,Sector 3,76.17,100.0,0.0,8016.0,-1.3,383.17,60.98
S02,Baseline practice,8,36.5,736.66,Long Straight,Sector 3,82.29,97.6,0.0,8515.0,-2.2,383.5,61.63
S02,Baseline practice,8,37.0,748.53,Long Straight,Sector 3,87.59,100.0,0.0,8947.0,-2.4,382.4,62.33
S02,Baseline practice,8,37.5,761.1,Long Straight,Sector 3,92.24,98.3,0.0,9327.0,-2.8,382.94,63.08
S02,Baseline practice,8,38.0,774.25,Long Straight,Sector 3,96.27,98.5,0.0,9656.0,2.1,383.06,63.87
S02,Baseline practice,8,38.5,787.92,Long Straight,Sector 3,99.79,100.0,0.0,9943.0,4.5,381.87,64.7
S02,Baseline practice,8,39.0,802.03,Long Straight,Sector 3,102.77,100.0,0.0,10186.0,0.6,381.94,65.54
S02,Baseline practice,8,39.5,816.52,Long Straight,Sector 3,105.32,96.2,0.0,10394.0,2.0,381.81,66.39
S02,Baseline practice,8,40.0,831.33,Long Straight,Sector 3,107.48,96.4,0.0,10571.0,-1.6,381.06,67.26
S02,Baseline practice,8,40.5,846.42,Long Straight,Sector 3,109.33,100.0,0.0,10721.0,1.8,380.76,68.15
S02,Baseline practice,8,41.0,861.74,Long Straight,Sector 3,110.92,100.0,0.0,10851.0,-1.5,380.95,69.04
S02,Baseline practice,8,41.5,876.82,Long Straight,Sector 3,101.71,0.1,100.0,10099.0,0.9,394.08,69.1
S02,Baseline practice,8,42.0,888.86,Long Straight,Sector 3,76.69,0.0,94.8,8058.0,1.7,393.73,68.57
S02,Baseline practice,8,42.5,897.48,Long Straight,Sector 3,52.47,0.0,68.3,6082.0,2.6,393.56,68.07
S02,Baseline practice,8,43.0,903.72,Long Straight,Sector 3,41.76,2.9,17.6,5208.0,1.4,393.77,67.56
S02,Baseline practice,8,43.5,909.28,Long Straight,Sector 3,40.82,0.0,17.2,5131.0,-2.2,394.99,67.19
S02,Baseline practice,8,44.0,914.77,Long Straight,Sector 3,39.69,2.5,18.8,5039.0,-2.2,394.67,66.82
S02,Baseline practice,8,44.5,920.28,Hairpin,Sector 3,38.94,4.3,15.4,4977.0,-2.9,393.6,66.45
S02,Baseline practice,8,45.0,925.63,Hairpin,Sector 3,38.62,30.2,0.0,4952.0,-19.8,390.6,66.1
S02,Baseline practice,8,45.5,931.03,Hairpin,Sector 3,38.73,29.3,0.0,4961.0,-41.1,390.78,65.73
S02,Baseline practice,8,46.0,936.4,Hairpin,Sector 3,38.69,29.4,0.0,4957.0,-65.0,391.6,65.36
S02,Baseline practice,8,46.5,941.78,Hairpin,Sector 3,38.71,27.5,0.0,4959.0,-83.9,391.58,64.98
S02,Baseline practice,8,47.0,947.16,Hairpin,Sector 3,38.78,33.0,0.0,4964.0,-99.5,391.2,64.63
S02,Baseline practice,8,47.5,952.57,Hairpin,Sector 3,38.95,0.0,13.1,4978.0,-111.5,394.43,64.23
S02,Baseline practice,8,48.0,957.93,Hairpin,Sector 3,39.18,0.1,10.8,4997.0,-114.5,393.59,63.88
S02,Baseline practice,8,48.5,963.32,Hairpin,Sector 3,38.33,28.6,0.0,4927.0,-121.9,391.07,63.54
S02,Baseline practice,8,49.0,968.71,Hairpin,Sector 3,38.34,30.8,0.0,4929.0,-116.4,390.98,63.19
S02,Baseline practice,8,49.5,974.12,Hairpin,Sector 3,38.71,29.6,0.0,4959.0,-111.3,391.74,62.86
S02,Baseline practice,8,50.0,979.49,Hairpin,Sector 3,38.63,33.4,0.0,4952.0,-105.0,392.12,62.53
S02,Baseline practice,8,50.5,984.87,Hairpin,Sector 3,38.78,32.8,0.0,4965.0,-93.1,390.79,62.2
S02,Baseline practice,8,51.0,990.26,Hairpin,Sector 3,38.83,32.1,0.0,4969.0,-76.1,390.63,61.87
S02,Baseline practice,8,51.5,995.67,Hairpin,Sector 3,38.87,27.7,0.0,4972.0,-56.1,390.93,61.54
S02,Baseline practice,8,52.0,1001.07,Hairpin,Sector 3,38.98,0.0,10.4,4981.0,-40.7,393.8,61.17
S02,Baseline practice,8,52.5,1006.45,Hairpin,Sector 3,39.13,1.6,15.3,4993.0,-15.0,394.53,60.86
S02,Baseline practice,8,53.0,1011.87,Final Corner,Sector 3,40.25,81.6,0.0,5084.0,8.4,387.9,60.71
S02,Baseline practice,8,53.5,1018.14,Final Corner,Sector 3,48.27,83.7,0.0,5739.0,16.4,387.16,60.87
S02,Baseline practice,8,54.0,1025.46,Final Corner,Sector 3,55.52,75.9,0.0,6330.0,28.2,387.57,61.06
S02,Baseline practice,8,54.5,1033.72,Final Corner,Sector 3,62.12,77.1,0.0,6869.0,37.8,386.74,61.31
S02,Baseline practice,8,55.0,1042.86,Final Corner,Sector 3,68.24,76.9,0.0,7369.0,46.0,386.28,61.63
S02,Baseline practice,8,55.5,1052.75,Final Corner,Sector 3,72.42,36.0,0.0,7710.0,53.7,390.57,61.72
S02,Baseline practice,8,56.0,1062.94,Final Corner,Sector 3,73.31,36.8,0.0,7782.0,54.6,391.37,61.58
S02,Baseline practice,8,56.5,1073.14,Final Corner,Sector 3,73.38,36.1,0.0,7788.0,44.2,390.27,61.37
S02,Baseline practice,8,57.0,1083.35,Final Corner,Sector 3,74.0,2.2,17.0,7838.0,32.8,393.95,61.16
S02,Baseline practice,8,57.5,1093.54,Final Corner,Sector 3,73.38,34.7,0.0,7788.0,8.2,390.52,61.0
S03,Hot afternoon running,1,0.1,0.07,Main Straight,Sector 1,2.45,100.0,0.0,2000.0,2.7,392.69,51.02
S03,Hot afternoon running,1,0.6,1.44,Main Straight,Sector 1,14.78,100.0,0.0,3006.0,1.2,390.67,51.17
S03,Hot afternoon running,1,1.1,4.49,Main Straight,Sector 1,26.57,100.0,0.0,3968.0,1.8,389.8,51.44
S03,Hot afternoon running,1,1.6,9.11,Main Straight,Sector 1,37.68,96.5,0.0,4875.0,1.0,390.01,51.83
S03,Hot afternoon running,1,2.1,15.2,Main Straight,Sector 1,47.85,100.0,0.0,5705.0,2.2,389.47,52.33
S03,Hot afternoon running,1,2.6,22.63,Main Straight,Sector 1,57.04,100.0,0.0,6455.0,0.8,388.98,52.93
S03,Hot afternoon running,1,3.1,31.26,Main Straight,Sector 1,65.39,100.0,0.0,7136.0,0.2,387.65,53.62
S03,Hot afternoon running,1,3.6,40.97,Main Straight,Sector 1,72.88,100.0,0.0,7747.0,0.3,387.97,54.39
S03,Hot afternoon running,1,4.1,51.64,Main Straight,Sector 1,79.34,100.0,0.0,8274.0,-0.8,387.12,55.2
S03,Hot afternoon running,1,4.6,63.14,Main Straight,Sector 1,85.04,96.6,0.0,8739.0,0.7,387.14,56.07
S03,Hot afternoon running,1,5.1,75.37,Main Straight,Sector 1,89.95,97.9,0.0,9140.0,-0.8,385.84,56.98
S03,Hot afternoon running,1,5.6,88.23,Main Straight,Sector 1,94.32,98.8,0.0,9496.0,1.6,386.13,57.96
S03,Hot afternoon running,1,6.1,101.65,Main Straight,Sector 1,98.1,100.0,0.0,9805.0,3.2,385.95,58.97
S03,Hot afternoon running,1,6.6,115.55,Main Straight,Sector 1,101.37,100.0,0.0,10072.0,-1.4,385.46,60.0
S03,Hot afternoon running,1,7.1,129.87,Main Straight,Sector 1,104.12,98.9,0.0,10296.0,0.7,384.91,61.04
S03,Hot afternoon running,1,7.6,144.53,Main Straight,Sector 1,106.49,100.0,0.0,10490.0,-0.6,385.41,62.1
S03,Hot afternoon running,1,8.1,159.49,Main Straight,Sector 1,108.52,92.4,0.0,10655.0,-2.7,386.63,63.15
S03,Hot afternoon running,1,8.6,174.56,Main Straight,Sector 1,104.85,0.0,85.4,10356.0,0.8,398.5,63.66
S03,Hot afternoon running,1,9.1,187.59,Main Straight,Sector 1,87.9,0.0,44.9,8973.0,2.0,399.21,63.34
S03,Hot afternoon running,1,9.6,199.02,Main Straight,Sector 1,79.41,2.2,20.2,8280.0,2.0,398.19,63.02
S03,Hot afternoon running,1,10.1,209.66,Main Straight,Sector 1,74.85,0.0,14.2,7908.0,-0.5,398.47,62.7
S03,Hot afternoon running,1,10.6,219.79,Main Straight,Sector 1,73.12,0.0,19.7,7767.0,1.8,397.75,62.58
S03,Hot afternoon running,1,11.1,229.82,Turn 1 Braking Zone,Sector 1,72.46,1.4,17.1,7713.0,-1.6,398.72,62.49
S03,Hot afternoon running,1,11.6,239.45,Turn 1 Braking Zone,Sector 1,67.49,3.0,17.2,7307.0,-0.5,397.14,62.19
S03,Hot afternoon running,1,12.1,248.51,Turn 1 Braking Zone,Sector 1,64.99,0.0,11.9,7103.0,-1.2,398.87,62.02
S03,Hot afternoon running,1,12.6,257.42,Turn 1 Braking Zone,Sector 1,63.48,76.3,0.0,6980.0,0.5,390.01,62.0
S03,Hot afternoon running,1,13.1,266.38,Turn 1 Braking Zone,Sector 1,63.85,68.7,0.0,7010.0,1.6,391.0,61.96
S03,Hot afternoon running,1,13.6,275.35,Turn 1 Braking Zone,Sector 1,63.93,76.6,0.0,7017.0,1.8,389.78,61.96
S03,Hot afternoon running,1,14.1,284.27,Turn 1 Medium Left,Sector 1,63.54,34.5,0.0,6985.0,-4.9,394.41,61.77
S03,Hot afternoon running,1,14.6,293.16,Turn 1 Medium Left,Sector 1,63.46,31.7,0.0,6979.0,-30.4,394.51,61.66
S03,Hot afternoon running,1,15.1,302.03,Turn 1 Medium Left,Sector 1,63.47,36.8,0.0,6979.0,-44.1,394.28,61.56
S03,Hot afternoon running,1,15.6,310.91,Turn 1 Medium Left,Sector 1,63.38,30.6,0.0,6972.0,-56.9,394.71,61.44
S03,Hot afternoon running,1,16.1,319.8,Turn 1 Medium Left,Sector 1,64.35,4.9,9.2,7051.0,-69.0,397.52,61.33
S03,Hot afternoon running,1,16.6,328.68,Turn 1 Medium Left,Sector 1,64.33,1.2,17.9,7049.0,-71.4,398.46,61.21
S03,Hot afternoon running,1,17.1,337.55,Turn 1 Medium Left,Sector 1,63.87,36.3,0.0,7012.0,-72.5,394.4,61.17
S03,Hot afternoon running,1,17.6,346.42,Turn 1 Medium Left,Sector 1,63.89,34.4,0.0,7013.0,-71.4,393.83,61.05
S03,Hot afternoon running,1,18.1,355.31,Turn 1 Medium Left,Sector 1,63.91,35.4,0.0,7015.0,-57.6,394.1,60.94
S03,Hot afternoon running,1,18.6,364.19,Turn 1 Medium Left,Sector 1,63.61,36.4,0.0,6990.0,-50.1,394.71,60.84
S03,Hot afternoon running,1,19.1,373.06,Turn 1 Medium Left,Sector 1,64.43,0.0,15.1,7057.0,-35.4,396.6,60.72
S03,Hot afternoon running,1,19.6,381.92,Turn 1 Medium Left,Sector 1,64.24,1.0,14.2,7042.0,-14.7,397.04,60.62
S03,Hot afternoon running,1,20.1,390.81,Back Straight,Sector 2,64.16,100.0,0.0,7035.0,1.1,388.61,60.69
S03,Hot afternoon running,1,20.6,400.36,Back Straight,Sector 2,71.7,99.0,0.0,7650.0,2.4,387.48,61.36
S03,Hot afternoon running,1,21.1,410.89,Back Straight,Sector 2,78.41,97.9,0.0,8198.0,1.3,388.32,62.1
S03,Hot afternoon running,1,21.6,422.27,Back Straight,Sector 2,84.27,97.6,0.0,8676.0,0.2,386.66,62.9
S03,Hot afternoon running,1,22.1,434.41,Back Straight,Sector 2,89.35,100.0,0.0,9091.0,0.2,386.29,63.75
S03,Hot afternoon running,1,22.6,447.2,Back Straight,Sector 2,93.8,100.0,0.0,9454.0,0.8,385.72,64.64
S03,Hot afternoon running,1,23.1,460.51,Back Straight,Sector 2,96.61,41.4,0.0,9683.0,0.1,392.82,65.12
S03,Hot afternoon running,1,23.6,474.01,Back Straight,Sector 2,97.66,43.2,0.0,9769.0,-0.4,392.47,65.32
S03,Hot afternoon running,1,24.1,487.66,Back Straight,Sector 2,98.62,36.5,0.0,9847.0,-0.4,394.0,65.5
S03,Hot afternoon running,1,24.6,501.42,Back Straight,Sector 2,99.53,38.9,0.0,9921.0,-1.8,393.24,65.7
S03,Hot afternoon running,1,25.1,515.17,Back Straight,Sector 2,95.18,0.0,98.2,9567.0,-2.1,398.4,65.67
S03,Hot afternoon running,1,25.6,526.46,Back Straight,Sector 2,73.5,0.0,54.3,7797.0,1.8,398.54,65.33
S03,Hot afternoon running,1,26.1,535.74,Back Straight,Sector 2,63.49,4.5,22.3,6981.0,-1.8,397.85,64.99
S03,Hot afternoon running,1,26.6,544.19,Back Straight,Sector 2,59.42,0.0,13.9,6649.0,-0.7,398.37,64.64
S03,Hot afternoon running,1,27.1,552.25,Back Straight,Sector 2,57.89,0.5,11.1,6524.0,-2.5,398.47,64.47
S03,Hot afternoon running,1,27.6,560.3,Technical Esses,Sector 2,57.05,30.0,0.0,6455.0,1.1,394.74,64.36
S03,Hot afternoon running,1,28.1,568.26,Technical Esses,Sector 2,57.11,33.4,0.0,6461.0,15.7,394.89,64.19
S03,Hot afternoon running,1,28.6,576.22,Technical Esses,Sector 2,57.16,32.9,0.0,6464.0,28.9,393.85,64.02
S03,Hot afternoon running,1,29.1,584.18,Technical Esses,Sector 2,56.95,29.9,0.0,6447.0,45.3,395.17,63.85
S03,Hot afternoon running,1,29.6,592.15,Technical Esses,Sector 2,56.86,35.0,0.0,6440.0,59.0,394.02,63.69
S03,Hot afternoon running,1,30.1,600.1,Technical Esses,Sector 2,56.48,27.3,0.0,6409.0,71.4,395.8,63.51
S03,Hot afternoon running,1,30.6,608.05,Technical Esses,Sector 2,57.33,32.4,0.0,6478.0,84.3,395.5,63.41
S03,Hot afternoon running,1,31.1,616.0,Technical Esses,Sector 2,57.31,32.0,0.0,6476.0,84.6,395.55,63.26
S03,Hot afternoon running,1,31.6,623.94,Technical Esses,Sector 2,56.92,33.2,0.0,6444.0,87.6,394.69,63.11
S03,Hot afternoon running,1,32.1,631.9,Technical Esses,Sector 2,56.73,32.3,0.0,6429.0,92.6,395.37,62.96
S03,Hot afternoon running,1,32.6,639.86,Technical Esses,Sector 2,57.7,3.1,15.2,6508.0,86.6,397.69,62.81
S03,Hot afternoon running,1,33.1,647.79,Technical Esses,Sector 2,57.59,0.0,17.1,6499.0,83.2,397.62,62.65
S03,Hot afternoon running,1,33.6,655.72,Technical Esses,Sector 2,57.34,26.5,0.0,6479.0,76.9,396.34,62.54
S03,Hot afternoon running,1,34.1,663.68,Technical Esses,Sector 2,56.92,33.9,0.0,6445.0,65.4,394.59,62.39
S03,Hot afternoon running,1,34.6,671.6,Technical Esses,Sector 2,56.69,33.9,0.0,6426.0,53.2,395.52,62.24
S03,Hot afternoon running,1,35.1,679.57,Technical Esses,Sector 2,57.87,0.0,16.3,6522.0,40.0,398.25,62.11
S03,Hot afternoon running,1,35.6,687.52,Technical Esses,Sector 2,56.97,25.2,0.0,6448.0,24.8,396.33,61.95
S03,Hot afternoon running,1,36.1,695.47,Technical Esses,Sector 2,56.65,36.3,0.0,6423.0,13.8,394.01,61.81
S03,Hot afternoon running,1,36.6,703.53,Long Straight,Sector 3,60.17,98.3,0.0,6710.0,-0.5,388.34,62.08
S03,Hot afternoon running,1,37.1,712.56,Long Straight,Sector 3,68.12,100.0,0.0,7359.0,-0.6,388.33,62.69
S03,Hot afternoon running,1,37.6,722.62,Long Straight,Sector 3,75.22,98.8,0.0,7938.0,1.6,387.44,63.38
S03,Hot afternoon running,1,38.1,733.6,Long Straight,Sector 3,81.49,97.6,0.0,8450.0,-3.3,387.08,64.13
S03,Hot afternoon running,1,38.6,745.38,Long Straight,Sector 3,86.91,100.0,0.0,8892.0,-0.8,385.67,64.94
S03,Hot afternoon running,1,39.1,757.86,Long Straight,Sector 3,91.72,100.0,0.0,9284.0,-0.7,386.17,65.8
S03,Hot afternoon running,1,39.6,770.95,Long Straight,Sector 3,95.85,100.0,0.0,9622.0,-1.5,386.41,66.69
S03,Hot afternoon running,1,40.1,784.56,Long Straight,Sector 3,99.4,100.0,0.0,9911.0,1.7,384.68,67.61
S03,Hot afternoon running,1,40.6,798.63,Long Straight,Sector 3,102.47,100.0,0.0,10161.0,-1.1,385.44,68.56
S03,Hot afternoon running,1,41.1,813.09,Long Straight,Sector 3,105.1,99.7,0.0,10376.0,-0.7,384.96,69.53
S03,Hot afternoon running,1,41.6,827.87,Long Straight,Sector 3,107.33,99.0,0.0,10558.0,0.1,385.28,70.51
S03,Hot afternoon running,1,42.1,842.94,Long Straight,Sector 3,109.26,98.8,0.0,10715.0,-0.4,384.62,71.51
S03,Hot afternoon running,1,42.6,858.26,Long Straight,Sector 3,110.86,99.4,0.0,10846.0,1.0,384.72,72.5
S03,Hot afternoon running,1,43.1,873.62,Long Straight,Sector 3,106.99,0.0,100.0,10530.0,0.2,397.88,72.92
S03,Hot afternoon running,1,43.6,886.43,Long Straight,Sector 3,82.35,0.0,100.0,8520.0,-2.0,397.48,72.48
S03,Hot afternoon running,1,44.1,895.78,Long Straight,Sector 3,57.34,0.2,86.5,6479.0,-3.0,399.22,72.05
S03,Hot afternoon running,1,44.6,902.42,Long Straight,Sector 3,43.83,0.0,22.7,5377.0,0.1,397.82,71.63
S03,Hot afternoon running,1,45.1,908.12,Long Straight,Sector 3,39.51,100.0,0.0,5024.0,2.0,390.21,71.35
S03,Hot afternoon running,1,45.6,913.76,Long Straight,Sector 3,41.39,0.0,16.2,5177.0,2.4,397.47,71.06
S03,Hot afternoon running,1,46.1,919.41,Long Straight,Sector 3,40.08,0.4,15.5,5070.0,-0.7,397.57,70.78
S03,Hot afternoon running,1,46.6,924.92,Hairpin,Sector 3,40.04,0.3,17.2,5068.0,-19.3,397.82,70.49
S03,Hot afternoon running,1,47.1,930.43,Hairpin,Sector 3,39.82,0.0,14.9,5049.0,-42.6,397.11,70.19
S03,Hot afternoon running,1,47.6,935.92,Hairpin,Sector 3,39.81,0.3,15.4,5048.0,-64.5,397.35,69.9
S03,Hot afternoon running,1,48.1,941.41,Hairpin,Sector 3,39.79,0.4,15.2,5047.0,-80.4,398.2,69.61
S03,Hot afternoon running,1,48.6,946.91,Hairpin,Sector 3,39.94,0.0,16.0,5059.0,-94.7,397.44,69.34
S03,Hot afternoon running,1,49.1,952.42,Hairpin,Sector 3,40.08,0.0,16.0,5071.0,-107.7,396.98,69.06
S03,Hot afternoon running,1,49.6,957.92,Hairpin,Sector 3,39.95,0.0,13.3,5060.0,-116.4,398.59,68.78
S03,Hot afternoon running,1,50.1,963.4,Hairpin,Sector 3,40.0,1.2,14.9,5064.0,-118.3,397.77,68.51
S03,Hot afternoon running,1,50.6,968.93,Hairpin,Sector 3,40.15,0.0,15.4,5076.0,-116.8,397.76,68.25
S03,Hot afternoon running,1,51.1,974.43,Hairpin,Sector 3,40.1,4.6,15.5,5072.0,-112.2,398.13,67.99
S03,Hot afternoon running,1,51.6,979.96,Hairpin,Sector 3,40.17,0.0,13.2,5078.0,-105.9,397.63,67.73
S03,Hot afternoon running,1,52.1,985.45,Hairpin,Sector 3,39.02,27.7,0.0,4984.0,-93.0,395.08,67.48
S03,Hot afternoon running,1,52.6,990.97,Hairpin,Sector 3,40.27,0.0,12.9,5086.0,-77.6,397.73,67.22
S03,Hot afternoon running,1,53.1,996.47,Hairpin,Sector 3,39.15,30.1,0.0,4994.0,-51.8,395.92,66.98
S03,Hot afternoon running,1,53.6,1001.99,Hairpin,Sector 3,39.1,31.8,0.0,4991.0,-34.9,395.33,66.72
S03,Hot afternoon running,1,54.1,1007.49,Hairpin,Sector 3,39.26,27.1,0.0,5004.0,-10.0,396.62,66.48
S03,Hot afternoon running,1,54.6,1013.13,Final Corner,Sector 3,42.75,76.5,0.0,5288.0,3.6,391.44,66.48
S03,Hot afternoon running,1,55.1,1019.71,Final Corner,Sector 3,50.5,78.7,0.0,5921.0,19.8,391.64,66.71
S03,Hot afternoon running,1,55.6,1027.32,Final Corner,Sector 3,57.6,76.8,0.0,6500.0,27.4,389.85,67.0
S03,Hot afternoon running,1,56.1,1035.88,Final Corner,Sector 3,64.2,76.6,0.0,7039.0,40.8,390.4,67.36
S03,Hot afternoon running,1,56.6,1045.29,Final Corner,Sector 3,70.07,79.4,0.0,7518.0,52.6,389.37,67.75
S03,Hot afternoon running,1,57.1,1055.43,Final Corner,Sector 3,74.17,38.4,0.0,7853.0,53.0,394.39,67.93
S03,Hot afternoon running,1,57.6,1065.86,Final Corner,Sector 3,74.97,39.8,0.0,7917.0,49.9,392.98,67.86
S03,Hot afternoon running,1,58.1,1076.28,Final Corner,Sector 3,74.61,41.2,0.0,7888.0,40.2,393.86,67.71
S03,Hot afternoon running,1,58.6,1086.71,Final Corner,Sector 3,75.33,37.4,0.0,7947.0,23.3,394.25,67.63
S03,Hot afternoon running,1,59.1,1097.17,Final Corner,Sector 3,74.89,38.6,0.0,7911.0,5.1,393.74,67.49
S03,Hot afternoon running,2,0.3,6.52,Main Straight,Sector 1,79.49,93.3,0.0,8286.0,0.4,386.53,68.03
S03,Hot afternoon running,2,0.8,18.03,Main Straight,Sector 1,85.15,100.0,0.0,8748.0,-0.6,386.26,68.78
S03,Hot afternoon running,2,1.3,30.29,Main Straight,Sector 1,90.17,100.0,0.0,9158.0,-1.5,386.49,69.58
S03,Hot afternoon running,2,1.8,43.18,Main Straight,Sector 1,94.54,98.3,0.0,9515.0,2.5,386.07,70.42
S03,Hot afternoon running,2,2.3,56.63,Main Straight,Sector 1,98.24,100.0,0.0,9816.0,-0.4,385.19,71.28
S03,Hot afternoon running,2,2.8,70.55,Main Straight,Sector 1,101.48,100.0,0.0,10080.0,-0.6,384.83,72.18
S03,Hot afternoon running,2,3.3,84.88,Main Straight,Sector 1,104.23,100.0,0.0,10305.0,-1.5,385.59,73.09
S03,Hot afternoon running,2,3.8,99.56,Main Straight,Sector 1,106.6,99.1,0.0,10498.0,-1.0,384.99,74.02
S03,Hot afternoon running,2,4.3,114.53,Main Straight,Sector 1,108.59,100.0,0.0,10661.0,-0.7,385.28,74.96
S03,Hot afternoon running,2,4.8,129.76,Main Straight,Sector 1,110.3,97.2,0.0,10800.0,1.6,384.29,75.9
S03,Hot afternoon running,2,5.3,145.2,Main Straight,Sector 1,111.77,98.5,0.0,10921.0,-1.2,383.74,76.87
S03,Hot afternoon running,2,5.8,160.82,Main Straight,Sector 1,112.78,43.8,0.0,11003.0,1.7,392.72,77.5
S03,Hot afternoon running,2,6.3,176.08,Main Straight,Sector 1,103.05,1.9,79.3,10209.0,1.9,396.82,77.25
S03,Hot afternoon running,2,6.8,188.97,Main Straight,Sector 1,87.23,0.0,40.4,8918.0,0.0,397.59,76.77
S03,Hot afternoon running,2,7.3,200.36,Main Straight,Sector 1,79.2,1.6,20.4,8263.0,1.8,396.84,76.31
S03,Hot afternoon running,2,7.8,211.01,Main Straight,Sector 1,75.15,3.0,15.6,7932.0,-1.3,397.69,75.84
S03,Hot afternoon running,2,8.3,221.18,Turn 1 Braking Zone,Sector 1,73.41,3.3,14.8,7790.0,2.3,397.63,75.59
S03,Hot afternoon running,2,8.8,231.23,Turn 1 Braking Zone,Sector 1,72.05,0.0,25.6,7679.0,1.2,396.86,75.27
S03,Hot afternoon running,2,9.3,240.76,Turn 1 Braking Zone,Sector 1,66.93,0.0,16.3,7261.0,-1.6,398.07,74.83
S03,Hot afternoon running,2,9.8,249.8,Turn 1 Braking Zone,Sector 1,65.08,0.0,14.2,7111.0,-2.1,397.29,74.52
S03,Hot afternoon running,2,10.3,258.73,Turn 1 Braking Zone,Sector 1,63.73,75.6,0.0,7000.0,1.4,390.87,74.37
S03,Hot afternoon running,2,10.8,267.7,Turn 1 Braking Zone,Sector 1,63.95,81.8,0.0,7018.0,1.0,389.26,74.21
S03,Hot afternoon running,2,11.3,276.64,Turn 1 Braking Zone,Sector 1,64.02,81.1,0.0,7024.0,1.4,389.61,74.07
S03,Hot afternoon running,2,11.8,285.58,Turn 1 Medium Left,Sector 1,63.74,37.0,0.0,7001.0,-12.0,393.77,73.77
S03,Hot afternoon running,2,12.3,294.48,Turn 1 Medium Left,Sector 1,63.88,32.7,0.0,7013.0,-27.0,394.62,73.53
S03,Hot afternoon running,2,12.8,303.36,Turn 1 Medium Left,Sector 1,63.66,35.0,0.0,6995.0,-41.1,393.17,73.28
S03,Hot afternoon running,2,13.3,312.27,Turn 1 Medium Left,Sector 1,64.48,0.0,11.2,7061.0,-54.7,396.57,73.03
S03,Hot afternoon running,2,13.8,321.17,Turn 1 Medium Left,Sector 1,64.51,1.9,15.6,7064.0,-69.3,398.34,72.79
S03,Hot afternoon running,2,14.3,330.07,Turn 1 Medium Left,Sector 1,64.25,0.0,12.3,7043.0,-70.1,397.17,72.55
S03,Hot afternoon running,2,14.8,338.98,Turn 1 Medium Left,Sector 1,64.33,0.0,16.5,7049.0,-72.6,397.31,72.3
S03,Hot afternoon running,2,15.3,347.84,Turn 1 Medium Left,Sector 1,63.95,33.7,0.0,7018.0,-68.2,394.41,72.12
S03,Hot afternoon running,2,15.8,356.72,Turn 1 Medium Left,Sector 1,63.52,34.5,0.0,6984.0,-57.4,395.25,71.88
S03,Hot afternoon running,2,16.3,365.61,Turn 1 Medium Left,Sector 1,63.36,31.3,0.0,6970.0,-45.8,394.83,71.64
S03,Hot afternoon running,2,16.8,374.51,Turn 1 Medium Left,Sector 1,64.23,0.0,15.2,7042.0,-31.0,397.93,71.43
S03,Hot afternoon running,2,17.3,383.38,Turn 1 Medium Left,Sector 1,64.15,40.4,0.0,7034.0,-8.4,393.02,71.28
S03,Hot afternoon running,2,17.8,392.36,Back Straight,Sector 2,65.55,100.0,0.0,7149.0,-1.9,387.06,71.3
S03,Hot afternoon running,2,18.3,402.08,Back Straight,Sector 2,72.88,100.0,0.0,7747.0,0.9,386.9,71.86
S03,Hot afternoon running,2,18.8,412.76,Back Straight,Sector 2,79.34,100.0,0.0,8274.0,-0.8,386.49,72.48
S03,Hot afternoon running,2,19.3,424.26,Back Straight,Sector 2,85.08,100.0,0.0,8743.0,1.0,386.37,73.18
S03,Hot afternoon running,2,19.8,436.51,Back Straight,Sector 2,90.09,100.0,0.0,9151.0,-0.7,385.88,73.92
S03,Hot afternoon running,2,20.3,449.38,Back Straight,Sector 2,94.4,99.2,0.0,9503.0,-4.5,385.85,74.7
S03,Hot afternoon running,2,20.8,462.77,Back Straight,Sector 2,97.13,38.8,0.0,9726.0,0.5,392.49,75.06
S03,Hot afternoon running,2,21.3,476.34,Back Straight,Sector 2,98.11,45.4,0.0,9805.0,1.9,391.55,75.16
S03,Hot afternoon running,2,21.8,490.05,Back Straight,Sector 2,99.06,37.6,0.0,9883.0,0.3,392.61,75.23
S03,Hot afternoon running,2,22.3,503.87,Back Straight,Sector 2,99.85,43.6,0.0,9948.0,2.6,392.27,75.31
S03,Hot afternoon running,2,22.8,517.38,Back Straight,Sector 2,90.35,0.9,98.3,9173.0,0.9,397.43,75.08
S03,Hot afternoon running,2,23.3,528.16,Back Straight,Sector 2,71.19,2.2,44.8,7609.0,-2.7,396.8,74.64
S03,Hot afternoon running,2,23.8,537.27,Back Straight,Sector 2,62.73,1.5,18.2,6919.0,1.8,397.12,74.19
S03,Hot afternoon running,2,24.3,545.63,Back Straight,Sector 2,58.58,0.1,17.8,6580.0,1.5,398.07,73.75
S03,Hot afternoon running,2,24.8,553.71,Back Straight,Sector 2,57.4,99.4,0.0,6484.0,-0.2,387.86,73.65
S03,Hot afternoon running,2,25.3,561.86,Technical Esses,Sector 2,58.66,1.0,10.6,6587.0,0.6,397.99,73.38
S03,Hot afternoon running,2,25.8,569.88,Technical Esses,Sector 2,57.79,2.7,18.1,6516.0,21.1,396.72,73.06
S03,Hot afternoon running,2,26.3,577.85,Technical Esses,Sector 2,57.48,29.6,0.0,6490.0,33.3,393.83,72.83
S03,Hot afternoon running,2,26.8,585.83,Technical Esses,Sector 2,57.49,38.0,0.0,6491.0,50.2,394.34,72.58
S03,Hot afternoon running,2,27.3,593.83,Technical Esses,Sector 2,57.66,29.6,0.0,6505.0,63.6,395.05,72.32
S03,Hot afternoon running,2,27.8,601.82,Technical Esses,Sector 2,57.42,32.8,0.0,6486.0,68.9,393.79,72.06
S03,Hot afternoon running,2,28.3,609.79,Technical Esses,Sector 2,56.99,30.4,0.0,6450.0,77.5,394.19,71.79
S03,Hot afternoon running,2,28.8,617.78,Technical Esses,Sector 2,57.04,35.6,0.0,6454.0,89.7,394.71,71.54
S03,Hot afternoon running,2,29.3,625.8,Technical Esses,Sector 2,58.19,0.0,17.0,6548.0,88.3,397.45,71.31
S03,Hot afternoon running,2,29.8,633.79,Technical Esses,Sector 2,57.97,2.1,20.3,6530.0,87.9,397.3,71.07
S03,Hot afternoon running,2,30.3,641.75,Technical Esses,Sector 2,57.5,33.2,0.0,6492.0,85.1,394.36,70.88
S03,Hot afternoon running,2,30.8,649.76,Technical Esses,Sector 2,57.31,31.4,0.0,6476.0,80.4,394.63,70.63
S03,Hot afternoon running,2,31.3,657.73,Technical Esses,Sector 2,57.16,32.4,0.0,6465.0,73.9,394.27,70.4
S03,Hot afternoon running,2,31.8,665.74,Technical Esses,Sector 2,57.05,32.9,0.0,6455.0,59.3,393.71,70.17
S03,Hot afternoon running,2,32.3,673.76,Technical Esses,Sector 2,58.18,2.9,12.7,6548.0,47.9,396.74,69.94
S03,Hot afternoon running,2,32.8,681.77,Technical Esses,Sector 2,57.95,0.0,10.6,6528.0,36.9,397.32,69.7
S03,Hot afternoon running,2,33.3,689.76,Technical Esses,Sector 2,57.87,0.0,17.7,6522.0,20.0,397.3,69.46
S03,Hot afternoon running,2,33.8,697.72,Technical Esses,Sector 2,57.56,32.2,0.0,6497.0,6.2,394.39,69.29
S03,Hot afternoon running,2,34.3,705.97,Long Straight,Sector 3,62.2,100.0,0.0,6876.0,-0.8,387.98,69.58
S03,Hot afternoon running,2,34.8,715.27,Long Straight,Sector 3,70.04,98.9,0.0,7516.0,-1.4,387.91,70.14
S03,Hot afternoon running,2,35.3,725.58,Long Straight,Sector 3,76.86,100.0,0.0,8072.0,1.1,387.23,70.76
S03,Hot afternoon running,2,35.8,736.76,Long Straight,Sector 3,82.82,100.0,0.0,8558.0,1.1,386.91,71.44
S03,Hot afternoon running,2,36.3,748.71,Long Straight,Sector 3,88.06,100.0,0.0,8986.0,-2.4,386.44,72.17
S03,Hot afternoon running,2,36.8,761.33,Long Straight,Sector 3,92.61,96.0,0.0,9357.0,-3.4,385.61,72.93
S03,Hot afternoon running,2,37.3,774.53,Long Straight,Sector 3,96.6,97.3,0.0,9683.0,-1.3,386.18,73.75
S03,Hot afternoon running,2,37.8,788.24,Long Straight,Sector 3,100.06,100.0,0.0,9965.0,-0.2,385.27,74.61
S03,Hot afternoon running,2,38.3,802.39,Long Straight,Sector 3,103.01,100.0,0.0,10206.0,-0.2,385.08,75.48
S03,Hot afternoon running,2,38.8,816.91,Long Straight,Sector 3,105.57,98.7,0.0,10414.0,1.0,385.46,76.38
S03,Hot afternoon running,2,39.3,831.76,Long Straight,Sector 3,107.75,100.0,0.0,10592.0,-0.5,384.38,77.3
S03,Hot afternoon running,2,39.8,846.88,Long Straight,Sector 3,109.61,100.0,0.0,10744.0,-0.1,383.75,78.23
S03,Hot afternoon running,2,40.3,862.24,Long Straight,Sector 3,111.19,100.0,0.0,10873.0,0.4,383.35,79.16
S03,Hot afternoon running,2,40.8,877.37,Long Straight,Sector 3,102.1,0.0,100.0,10131.0,-1.8,397.48,79.24
S03,Hot afternoon running,2,41.3,889.49,Long Straight,Sector 3,77.46,0.0,100.0,8120.0,-1.4,397.01,78.74
S03,Hot afternoon running,2,41.8,898.2,Long Straight,Sector 3,53.19,0.0,65.6,6140.0,1.9,397.14,78.24
S03,Hot afternoon running,2,42.3,904.56,Long Straight,Sector 3,42.78,1.1,16.4,5291.0,2.0,397.18,77.76
S03,Hot afternoon running,2,42.8,910.2,Long Straight,Sector 3,39.06,100.0,0.0,4987.0,0.9,389.03,77.42
S03,Hot afternoon running,2,43.3,915.8,Long Straight,Sector 3,41.06,0.0,11.9,5151.0,1.4,397.27,77.07
S03,Hot afternoon running,2,43.8,921.38,Hairpin,Sector 3,40.39,0.0,17.4,5095.0,-9.1,396.99,76.72
S03,Hot afternoon running,2,44.3,926.88,Hairpin,Sector 3,40.04,1.5,12.1,5067.0,-26.4,397.32,76.35
S03,Hot afternoon running,2,44.8,932.39,Hairpin,Sector 3,40.12,0.0,12.2,5074.0,-46.7,397.3,76.0
S03,Hot afternoon running,2,45.3,937.87,Hairpin,Sector 3,38.96,30.7,0.0,4980.0,-70.2,395.12,75.64
S03,Hot afternoon running,2,45.8,943.37,Hairpin,Sector 3,39.2,31.5,0.0,4999.0,-86.6,393.28,75.31
S03,Hot afternoon running,2,46.3,948.84,Hairpin,Sector 3,39.14,29.2,0.0,4994.0,-105.9,394.97,74.96
S03,Hot afternoon running,2,46.8,954.31,Hairpin,Sector 3,39.23,29.2,0.0,5001.0,-112.9,394.49,74.62
S03,Hot afternoon running,2,47.3,959.78,Hairpin,Sector 3,39.3,30.5,0.0,5007.0,-117.0,395.12,74.29
S03,Hot afternoon running,2,47.8,965.27,Hairpin,Sector 3,39.18,31.6,0.0,4997.0,-122.0,395.15,73.96
S03,Hot afternoon running,2,48.3,970.74,Hairpin,Sector 3,39.15,28.3,0.0,4995.0,-117.1,395.59,73.63
S03,Hot afternoon running,2,48.8,976.22,Hairpin,Sector 3,39.47,28.1,0.0,5021.0,-114.8,395.35,73.33
S03,Hot afternoon running,2,49.3,981.72,Hairpin,Sector 3,39.63,0.0,16.0,5033.0,-99.5,397.55,72.97
S03,Hot afternoon running,2,49.8,987.17,Hairpin,Sector 3,39.56,30.7,0.0,5028.0,-89.0,394.94,72.69
S03,Hot afternoon running,2,50.3,992.67,Hairpin,Sector 3,39.62,0.0,13.1,5033.0,-68.7,397.38,72.35
S03,Hot afternoon running,2,50.8,998.16,Hairpin,Sector 3,39.83,0.0,12.1,5050.0,-51.2,397.17,72.05
S03,Hot afternoon running,2,51.3,1003.63,Hairpin,Sector 3,39.95,0.4,12.8,5060.0,-24.1,397.46,71.75
S03,Hot afternoon running,2,51.8,1009.12,Hairpin,Sector 3,39.95,0.0,13.0,5060.0,0.6,397.87,71.44
S03,Hot afternoon running,2,52.3,1015.04,Final Corner,Sector 3,45.86,82.3,0.0,5542.0,11.2,390.7,71.59
S03,Hot afternoon running,2,52.8,1022.03,Final Corner,Sector 3,53.16,83.5,0.0,6138.0,19.9,389.64,71.78
S03,Hot afternoon running,2,53.3,1030.0,Final Corner,Sector 3,60.12,78.5,0.0,6706.0,36.3,390.39,72.04
S03,Hot afternoon running,2,53.8,1038.88,Final Corner,Sector 3,66.46,76.2,0.0,7223.0,45.4,390.51,72.35
S03,Hot afternoon running,2,54.3,1048.58,Final Corner,Sector 3,72.03,81.0,0.0,7678.0,52.5,389.67,72.7
S03,Hot afternoon running,2,54.8,1058.85,Final Corner,Sector 3,74.63,39.5,0.0,7890.0,49.8,392.87,72.64
S03,Hot afternoon running,2,55.3,1069.23,Final Corner,Sector 3,75.24,1.2,16.4,7939.0,44.3,397.3,72.43
S03,Hot afternoon running,2,55.8,1079.6,Final Corner,Sector 3,74.79,32.1,0.0,7903.0,33.5,393.94,72.29
S03,Hot afternoon running,2,56.3,1089.99,Final Corner,Sector 3,75.23,0.0,16.1,7939.0,18.1,396.92,72.08
S03,Hot afternoon running,3,0.0,0.0,Main Straight,Sector 1,74.83,96.0,0.0,7906.0,-0.1,386.8,72.09
S03,Hot afternoon running,3,0.5,10.92,Main Straight,Sector 1,80.99,97.3,0.0,8409.0,-3.0,386.33,72.72
S03,Hot afternoon running,3,1.0,22.63,Main Straight,Sector 1,86.47,100.0,0.0,8856.0,-1.2,385.85,73.42
S03,Hot afternoon running,3,1.5,35.05,Main Straight,Sector 1,91.3,98.1,0.0,9250.0,1.4,386.34,74.18
S03,Hot afternoon running,3,2.0,48.09,Main Straight,Sector 1,95.45,100.0,0.0,9589.0,-0.7,385.09,74.97
S03,Hot afternoon running,3,2.5,61.64,Main Straight,Sector 1,99.01,100.0,0.0,9879.0,-0.3,384.58,75.78
S03,Hot afternoon running,3,3.0,75.66,Main Straight,Sector 1,102.14,99.2,0.0,10135.0,-1.8,384.75,76.64
S03,Hot afternoon running,3,3.5,90.08,Main Straight,Sector 1,104.83,100.0,0.0,10354.0,-4.8,384.21,77.52
S03,Hot afternoon running,3,4.0,104.83,Main Straight,Sector 1,107.04,99.4,0.0,10534.0,1.0,384.15,78.38
S03,Hot afternoon running,3,4.5,119.86,Main Straight,Sector 1,108.98,94.4,0.0,10693.0,2.9,384.37,79.26
S03,Hot afternoon running,3,5.0,135.13,Main Straight,Sector 1,110.63,97.4,0.0,10827.0,2.1,385.13,80.17
S03,Hot afternoon running,3,5.5,150.62,Main Straight,Sector 1,112.05,99.2,0.0,10943.0,0.3,384.42,81.1
S03,Hot afternoon running,3,6.0,166.27,Main Straight,Sector 1,112.81,41.1,0.0,11006.0,-3.5,390.91,81.53
S03,Hot afternoon running,3,6.5,181.14,Main Straight,Sector 1,98.96,0.0,72.2,9875.0,-2.6,396.5,81.14
S03,Hot afternoon running,3,7.0,193.6,Main Straight,Sector 1,84.81,0.0,38.1,8720.0,1.7,396.79,80.61
S03,Hot afternoon running,3,7.5,204.71,Main Straight,Sector 1,77.72,0.0,17.6,8142.0,0.3,396.32,80.1
S03,Hot afternoon running,3,8.0,215.18,Main Straight,Sector 1,73.77,2.7,16.2,7820.0,2.1,396.62,79.59
S03,Hot afternoon running,3,8.5,225.18,Turn 1 Braking Zone,Sector 1,71.99,33.6,0.0,7674.0,2.0,393.17,79.29
S03,Hot afternoon running,3,9.0,235.06,Turn 1 Braking Zone,Sector 1,69.39,3.8,21.4,7462.0,-0.5,396.39,78.86
S03,Hot afternoon running,3,9.5,244.33,Turn 1 Braking Zone,Sector 1,65.27,0.8,14.1,7126.0,-0.8,396.76,78.36
S03,Hot afternoon running,3,10.0,253.2,Turn 1 Braking Zone,Sector 1,63.53,75.4,0.0,6984.0,-4.0,390.31,78.17
S03,Hot afternoon running,3,10.5,262.12,Turn 1 Braking Zone,Sector 1,64.15,0.0,19.0,7035.0,1.9,396.58,77.83
S03,Hot afternoon running,3,11.0,271.0,Turn 1 Braking Zone,Sector 1,63.85,0.0,15.2,7010.0,0.4,397.37,77.62
S03,Hot afternoon running,3,11.5,279.87,Turn 1 Braking Zone,Sector 1,63.84,3.3,11.4,7010.0,0.1,395.93,77.43
S03,Hot afternoon running,3,12.0,288.72,Turn 1 Medium Left,Sector 1,63.94,0.0,17.8,7017.0,-16.3,396.75,77.16
S03,Hot afternoon running,3,12.5,297.55,Turn 1 Medium Left,Sector 1,63.86,0.0,12.3,7011.0,-32.8,397.21,76.88
S03,Hot afternoon running,3,13.0,306.39,Turn 1 Medium Left,Sector 1,63.91,1.3,20.3,7015.0,-50.0,396.88,76.59
S03,Hot afternoon running,3,13.5,315.19,Turn 1 Medium Left,Sector 1,63.47,34.0,0.0,6979.0,-59.6,394.38,76.37
S03,Hot afternoon running,3,14.0,324.01,Turn 1 Medium Left,Sector 1,63.21,38.3,0.0,6958.0,-69.1,392.45,76.1
S03,Hot afternoon running,3,14.5,332.86,Turn 1 Medium Left,Sector 1,64.11,0.0,15.9,7032.0,-69.5,397.05,75.83
S03,Hot afternoon running,3,15.0,341.7,Turn 1 Medium Left,Sector 1,63.72,34.0,0.0,7000.0,-76.2,393.76,75.61
S03,Hot afternoon running,3,15.5,350.54,Turn 1 Medium Left,Sector 1,63.55,29.5,0.0,6985.0,-67.2,393.17,75.32
S03,Hot afternoon running,3,16.0,359.37,Turn 1 Medium Left,Sector 1,63.22,36.6,0.0,6959.0,-53.1,393.39,75.05
S03,Hot afternoon running,3,16.5,368.23,Turn 1 Medium Left,Sector 1,64.14,3.1,20.7,7034.0,-41.8,396.27,74.78
S03,Hot afternoon running,3,17.0,377.05,Turn 1 Medium Left,Sector 1,63.69,36.9,0.0,6997.0,-24.2,394.15,74.58
S03,Hot afternoon running,3,17.5,385.88,Turn 1 Medium Left,Sector 1,63.33,31.2,0.0,6968.0,-8.3,393.71,74.31
S03,Hot afternoon running,3,18.0,394.85,Back Straight,Sector 2,66.61,100.0,0.0,7235.0,-1.8,386.95,74.5
S03,Hot afternoon running,3,18.5,404.72,Back Straight,Sector 2,73.92,100.0,0.0,7831.0,-1.5,386.24,75.05
S03,Hot afternoon running,3,19.0,415.53,Back Straight,Sector 2,80.32,99.3,0.0,8354.0,-0.2,385.68,75.65
S03,Hot afternoon running,3,19.5,427.16,Back Straight,Sector 2,85.98,100.0,0.0,8816.0,1.9,384.64,76.33
S03,Hot afternoon running,3,20.0,439.52,Back Straight,Sector 2,90.85,100.0,0.0,9214.0,2.4,385.36,77.05
S03,Hot afternoon running,3,20.5,452.5,Back Straight,Sector 2,95.08,96.1,0.0,9559.0,0.5,385.65,77.79
S03,Hot afternoon running,3,21.0,465.93,Back Straight,Sector 2,97.17,42.8,0.0,9729.0,4.1,392.27,77.98
S03,Hot afternoon running,3,21.5,479.51,Back Straight,Sector 2,98.16,38.3,0.0,9810.0,-0.7,392.22,78.02
S03,Hot afternoon running,3,22.0,493.21,Back Straight,Sector 2,99.06,40.3,0.0,9883.0,-0.1,392.12,78.07
S03,Hot afternoon running,3,22.5,507.05,Back Straight,Sector 2,100.0,37.9,0.0,9960.0,0.5,392.75,78.15
S03,Hot afternoon running,3,23.0,520.15,Back Straight,Sector 2,85.42,0.9,90.7,8770.0,-1.1,397.0,77.78
S03,Hot afternoon running,3,23.5,530.48,Back Straight,Sector 2,68.94,3.5,39.1,7426.0,1.7,396.16,77.3
S03,Hot afternoon running,3,24.0,539.39,Back Straight,Sector 2,61.83,2.1,18.4,6845.0,1.1,396.71,76.85
S03,Hot afternoon running,3,24.5,547.62,Back Straight,Sector 2,57.55,99.6,0.0,6496.0,-0.8,387.4,76.55
S03,Hot afternoon running,3,25.0,555.76,Back Straight,Sector 2,58.45,0.0,17.9,6570.0,-2.2,397.05,76.26
S03,Hot afternoon running,3,25.5,563.85,Technical Esses,Sector 2,58.24,0.0,10.5,6552.0,7.1,397.58,76.01
S03,Hot afternoon running,3,26.0,571.88,Technical Esses,Sector 2,58.16,0.0,11.7,6546.0,23.9,396.63,75.7
S03,Hot afternoon running,3,26.5,579.9,Technical Esses,Sector 2,58.25,0.0,16.2,6553.0,35.4,396.55,75.4
S03,Hot afternoon running,3,27.0,587.95,Technical Esses,Sector 2,58.06,4.1,12.2,6537.0,54.0,396.94,75.12
S03,Hot afternoon running,3,27.5,596.0,Technical Esses,Sector 2,58.15,2.7,17.3,6545.0,67.0,396.56,74.84
S03,Hot afternoon running,3,28.0,604.01,Technical Esses,Sector 2,57.87,38.2,0.0,6522.0,74.2,392.97,74.62
S03,Hot afternoon running,3,28.5,612.05,Technical Esses,Sector 2,57.64,32.6,0.0,6503.0,82.1,394.03,74.32
S03,Hot afternoon running,3,29.0,620.07,Technical Esses,Sector 2,57.34,35.2,0.0,6479.0,88.2,392.75,74.04
S03,Hot afternoon running,3,29.5,628.12,Technical Esses,Sector 2,58.25,0.0,17.0,6553.0,91.4,396.89,73.77
S03,Hot afternoon running,3,30.0,636.16,Technical Esses,Sector 2,58.14,0.0,11.8,6544.0,88.7,397.84,73.5
S03,Hot afternoon running,3,30.5,644.2,Technical Esses,Sector 2,58.34,0.0,13.1,6561.0,82.6,396.58,73.23
S03,Hot afternoon running,3,31.0,652.22,Technical Esses,Sector 2,58.12,0.0,15.3,6543.0,72.3,397.39,72.96
S03,Hot afternoon running,3,31.5,660.25,Technical Esses,Sector 2,57.9,31.8,0.0,6525.0,68.4,393.93,72.74
S03,Hot afternoon running,3,32.0,668.28,Technical Esses,Sector 2,57.91,28.8,0.0,6526.0,58.8,394.19,72.49
S03,Hot afternoon running,3,32.5,676.33,Technical Esses,Sector 2,57.69,33.2,0.0,6507.0,42.2,392.97,72.23
S03,Hot afternoon running,3,33.0,684.36,Technical Esses,Sector 2,57.83,34.5,0.0,6519.0,31.4,392.69,71.99
S03,Hot afternoon running,3,33.5,692.39,Technical Esses,Sector 2,57.42,29.9,0.0,6486.0,17.8,393.81,71.71
S03,Hot afternoon running,3,34.0,700.44,Long Straight,Sector 3,57.63,98.7,0.0,6502.0,0.9,387.55,71.58
S03,Hot afternoon running,3,34.5,709.14,Long Straight,Sector 3,65.84,98.0,0.0,7172.0,-2.7,386.63,72.06
S03,Hot afternoon running,3,35.0,718.9,Long Straight,Sector 3,73.13,100.0,0.0,7768.0,1.3,385.83,72.62
S03,Hot afternoon running,3,35.5,729.61,Long Straight,Sector 3,79.67,99.3,0.0,8301.0,0.4,385.76,73.26
S03,Hot afternoon running,3,36.0,741.16,Long Straight,Sector 3,85.41,97.5,0.0,8770.0,-3.7,385.43,73.95
S03,Hot afternoon running,3,36.5,753.45,Long Straight,Sector 3,90.36,100.0,0.0,9173.0,0.3,383.74,74.69
S03,Hot afternoon running,3,37.0,766.36,Long Straight,Sector 3,94.67,96.9,0.0,9525.0,-0.6,385.33,75.46
S03,Hot afternoon running,3,37.5,779.83,Long Straight,Sector 3,98.36,100.0,0.0,9827.0,-0.7,384.42,76.28
S03,Hot afternoon running,3,38.0,793.76,Long Straight,Sector 3,101.57,100.0,0.0,10088.0,2.6,383.87,77.12
S03,Hot afternoon running,3,38.5,808.1,Long Straight,Sector 3,104.31,97.7,0.0,10311.0,-2.7,384.05,77.97
S03,Hot afternoon running,3,39.0,822.79,Long Straight,Sector 3,106.66,96.8,0.0,10503.0,2.8,384.73,78.85
S03,Hot afternoon running,3,39.5,837.77,Long Straight,Sector 3,108.65,98.4,0.0,10666.0,0.4,383.8,79.74
S03,Hot afternoon running,3,40.0,853.0,Long Straight,Sector 3,110.31,95.9,0.0,10801.0,-0.2,383.66,80.6
S03,Hot afternoon running,3,40.5,868.44,Long Straight,Sector 3,111.77,97.2,0.0,10920.0,1.0,384.75,81.51
S03,Hot afternoon running,3,41.0,882.6,Long Straight,Sector 3,91.87,0.0,97.4,9296.0,-0.7,397.57,80.98
S03,Hot afternoon running,3,41.5,893.31,Long Straight,Sector 3,67.1,0.0,97.7,7276.0,1.2,395.99,80.46
S03,Hot afternoon running,3,42.0,900.76,Long Straight,Sector 3,46.9,4.4,34.9,5627.0,-0.5,395.89,79.95
S03,Hot afternoon running,3,42.5,906.69,Long Straight,Sector 3,40.92,0.0,18.8,5139.0,0.7,397.18,79.45
S03,Hot afternoon running,3,43.0,912.28,Long Straight,Sector 3,39.81,2.8,19.9,5048.0,-2.2,397.73,79.08
S03,Hot afternoon running,3,43.5,917.84,Long Straight,Sector 3,41.39,3.4,16.0,5177.0,-0.1,396.77,78.85
S03,Hot afternoon running,3,44.0,923.36,Hairpin,Sector 3,39.94,0.0,12.2,5059.0,-14.5,397.5,78.43
S03,Hot afternoon running,3,44.5,928.84,Hairpin,Sector 3,39.89,1.8,15.4,5055.0,-38.3,397.01,78.06
S03,Hot afternoon running,3,45.0,934.29,Hairpin,Sector 3,38.75,26.8,0.0,4962.0,-58.6,394.78,77.68
S03,Hot afternoon running,3,45.5,939.75,Hairpin,Sector 3,39.68,0.0,18.3,5038.0,-76.7,395.76,77.3
S03,Hot afternoon running,3,46.0,945.21,Hairpin,Sector 3,39.6,2.7,15.9,5031.0,-90.1,396.61,76.95
S03,Hot afternoon running,3,46.5,950.68,Hairpin,Sector 3,39.76,0.0,17.5,5044.0,-106.2,396.63,76.59
S03,Hot afternoon running,3,47.0,956.15,Hairpin,Sector 3,39.7,0.4,16.6,5039.0,-114.5,397.62,76.24
S03,Hot afternoon running,3,47.5,961.62,Hairpin,Sector 3,39.71,0.0,13.4,5040.0,-118.0,397.15,75.89
S03,Hot afternoon running,3,48.0,967.11,Hairpin,Sector 3,39.85,0.0,15.0,5052.0,-121.5,397.14,75.54
S03,Hot afternoon running,3,48.5,972.58,Hairpin,Sector 3,39.89,0.8,14.0,5055.0,-117.5,396.1,75.19
S03,Hot afternoon running,3,49.0,978.05,Hairpin,Sector 3,39.26,30.3,0.0,5004.0,-108.6,394.1,74.86
S03,Hot afternoon running,3,49.5,983.5,Hairpin,Sector 3,39.17,27.1,0.0,4996.0,-93.4,394.64,74.51
S03,Hot afternoon running,3,50.0,988.98,Hairpin,Sector 3,39.42,33.5,0.0,5017.0,-78.3,394.73,74.19
S03,Hot afternoon running,3,50.5,994.46,Hairpin,Sector 3,39.45,32.4,0.0,5019.0,-64.0,393.56,73.87
S03,Hot afternoon running,3,51.0,999.96,Hairpin,Sector 3,39.7,0.0,17.9,5039.0,-39.3,396.36,73.5
S03,Hot afternoon running,3,51.5,1005.42,Hairpin,Sector 3,39.54,27.0,0.0,5026.0,-19.6,395.39,73.21
S03,Hot afternoon running,3,52.0,1010.91,Final Corner,Sector 3,39.44,84.2,0.0,5018.0,2.0,389.34,72.95
S03,Hot afternoon running,3,52.5,1017.09,Final Corner,Sector 3,47.69,77.6,0.0,5692.0,11.4,390.14,73.1
S03,Hot afternoon running,3,53.0,1024.32,Final Corner,Sector 3,54.9,77.7,0.0,6280.0,23.9,389.61,73.29
S03,Hot afternoon running,3,53.5,1032.5,Final Corner,Sector 3,61.64,72.5,0.0,6830.0,39.2,391.0,73.53
S03,Hot afternoon running,3,54.0,1041.57,Final Corner,Sector 3,67.69,78.8,0.0,7323.0,47.2,389.0,73.84
S03,Hot afternoon running,3,54.5,1051.42,Final Corner,Sector 3,72.49,39.6,0.0,7715.0,51.5,392.31,74.0
S03,Hot afternoon running,3,55.0,1061.66,Final Corner,Sector 3,74.51,35.9,0.0,7880.0,55.4,393.35,73.93
S03,Hot afternoon running,3,55.5,1072.07,Final Corner,Sector 3,75.22,0.0,18.5,7938.0,43.8,396.42,73.7
S03,Hot afternoon running,3,56.0,1082.43,Final Corner,Sector 3,74.59,39.2,0.0,7887.0,32.3,391.63,73.56
S03,Hot afternoon running,3,56.5,1092.81,Final Corner,Sector 3,75.28,0.0,16.3,7943.0,12.6,397.3,73.36
S03,Hot afternoon running,4,0.1,2.11,Main Straight,Sector 1,76.02,100.0,0.0,8003.0,-1.2,386.05,73.52
S03,Hot afternoon running,4,0.6,13.19,Main Straight,Sector 1,82.2,98.3,0.0,8507.0,0.2,385.1,74.17
S03,Hot afternoon running,4,1.1,25.07,Main Straight,Sector 1,87.61,99.6,0.0,8949.0,1.1,384.11,74.88
S03,Hot afternoon running,4,1.6,37.63,Main Straight,Sector 1,92.3,100.0,0.0,9332.0,2.9,384.1,75.64
S03,Hot afternoon running,4,2.1,50.8,Main Straight,Sector 1,96.34,100.0,0.0,9662.0,-1.2,383.64,76.42
S03,Hot afternoon running,4,2.6,64.48,Main Straight,Sector 1,99.83,96.6,0.0,9946.0,-0.4,384.39,77.24
S03,Hot afternoon running,4,3.1,78.6,Main Straight,Sector 1,102.83,100.0,0.0,10191.0,2.0,384.19,78.09
S03,Hot afternoon running,4,3.6,93.1,Main Straight,Sector 1,105.36,98.2,0.0,10398.0,-0.2,383.64,78.94
S03,Hot afternoon running,4,4.1,107.91,Main Straight,Sector 1,107.53,100.0,0.0,10575.0,1.9,383.03,79.81
S03,Hot afternoon running,4,4.6,123.01,Main Straight,Sector 1,109.43,100.0,0.0,10729.0,4.1,383.77,80.71
S03,Hot afternoon running,4,5.1,138.34,Main Straight,Sector 1,111.01,98.8,0.0,10858.0,0.5,383.61,81.59
S03,Hot afternoon running,4,5.6,153.88,Main Straight,Sector 1,112.38,100.0,0.0,10970.0,1.1,383.16,82.51
S03,Hot afternoon running,4,6.1,169.55,Main Straight,Sector 1,112.87,42.3,0.0,11010.0,-2.7,389.34,82.76
S03,Hot afternoon running,4,6.6,184.0,Main Straight,Sector 1,96.37,0.4,56.1,9664.0,-1.9,396.44,82.22
S03,Hot afternoon running,4,7.1,196.39,Main Straight,Sector 1,85.33,1.8,29.1,8763.0,0.3,396.56,81.71
S03,Hot afternoon running,4,7.6,207.72,Main Straight,Sector 1,79.41,0.0,19.7,8280.0,-0.8,396.04,81.18
S03,Hot afternoon running,4,8.1,218.38,Main Straight,Sector 1,75.11,2.6,13.7,7929.0,-0.6,396.51,80.66
S03,Hot afternoon running,4,8.6,228.69,Turn 1 Braking Zone,Sector 1,73.96,40.5,0.0,7835.0,-4.2,391.67,80.38
S03,Hot afternoon running,4,9.1,238.68,Turn 1 Braking Zone,Sector 1,69.69,5.6,13.5,7486.0,0.2,396.01,79.88
S03,Hot afternoon running,4,9.6,248.04,Turn 1 Braking Zone,Sector 1,65.86,1.0,14.4,7175.0,-3.7,396.08,79.38
S03,Hot afternoon running,4,10.1,257.2,Turn 1 Braking Zone,Sector 1,66.02,0.0,18.4,7187.0,-0.1,395.73,79.17
S03,Hot afternoon running,4,10.6,266.36,Turn 1 Braking Zone,Sector 1,66.03,0.0,10.8,7188.0,-3.5,396.85,78.97
S03,Hot afternoon running,4,11.1,275.52,Turn 1 Braking Zone,Sector 1,66.5,1.6,13.9,7226.0,-1.5,396.27,78.77
S03,Hot afternoon running,4,11.6,284.72,Turn 1 Medium Left,Sector 1,66.21,4.6,16.3,7203.0,-11.9,395.69,78.51
S03,Hot afternoon running,4,12.1,293.86,Turn 1 Medium Left,Sector 1,65.89,0.0,12.6,7177.0,-24.2,395.7,78.2
S03,Hot afternoon running,4,12.6,302.96,Turn 1 Medium Left,Sector 1,65.95,0.7,17.8,7181.0,-45.6,395.93,77.93
S03,Hot afternoon running,4,13.1,312.04,Turn 1 Medium Left,Sector 1,65.36,31.9,0.0,7133.0,-54.5,394.21,77.69
S03,Hot afternoon running,4,13.6,321.17,Turn 1 Medium Left,Sector 1,65.17,33.3,0.0,7118.0,-70.4,393.24,77.4
S03,Hot afternoon running,4,14.1,330.29,Turn 1 Medium Left,Sector 1,65.97,0.0,15.6,7183.0,-72.7,397.26,77.11
S03,Hot afternoon running,4,14.6,339.4,Turn 1 Medium Left,Sector 1,65.76,33.2,0.0,7166.0,-70.5,393.11,76.89
S03,Hot afternoon running,4,15.1,348.54,Turn 1 Medium Left,Sector 1,65.32,33.4,0.0,7130.0,-66.3,392.61,76.61
S03,Hot afternoon running,4,15.6,357.68,Turn 1 Medium Left,Sector 1,66.17,0.0,11.2,7200.0,-55.3,396.25,76.31
S03,Hot afternoon running,4,16.1,366.81,Turn 1 Medium Left,Sector 1,66.21,1.8,14.1,7203.0,-45.3,395.98,76.06
S03,Hot afternoon running,4,16.6,375.92,Turn 1 Medium Left,Sector 1,65.91,0.0,19.8,7178.0,-24.2,397.12,75.78
S03,Hot afternoon running,4,17.1,385.02,Turn 1 Medium Left,Sector 1,65.19,34.8,0.0,7120.0,-9.2,392.98,75.58
S03,Hot afternoon running,4,17.6,394.24,Back Straight,Sector 2,68.22,100.0,0.0,7367.0,1.6,385.9,75.76
S03,Hot afternoon running,4,18.1,404.31,Back Straight,Sector 2,75.33,100.0,0.0,7947.0,-0.6,386.47,76.31
S03,Hot afternoon running,4,18.6,415.31,Back Straight,Sector 2,81.58,96.8,0.0,8457.0,0.2,385.78,76.91
S03,Hot afternoon running,4,19.1,427.09,Back Straight,Sector 2,86.92,97.6,0.0,8893.0,2.3,385.71,77.56
S03,Hot afternoon running,4,19.6,439.56,Back Straight,Sector 2,91.61,97.9,0.0,9275.0,-0.9,384.03,78.26
S03,Hot afternoon running,4,20.1,452.63,Back Straight,Sector 2,95.66,100.0,0.0,9606.0,-0.1,384.27,78.99
S03,Hot afternoon running,4,20.6,466.09,Back Straight,Sector 2,97.31,42.5,0.0,9741.0,2.4,390.11,79.05
S03,Hot afternoon running,4,21.1,479.68,Back Straight,Sector 2,98.3,39.7,0.0,9822.0,0.5,391.55,79.08
S03,Hot afternoon running,4,21.6,493.42,Back Straight,Sector 2,99.25,38.5,0.0,9898.0,0.2,391.2,79.13
S03,Hot afternoon running,4,22.1,507.27,Back Straight,Sector 2,100.08,41.1,0.0,9967.0,0.0,391.61,79.18
S03,Hot afternoon running,4,22.6,519.82,Back Straight,Sector 2,80.84,2.7,74.8,8397.0,2.2,396.33,78.68
S03,Hot afternoon running,4,23.1,529.73,Back Straight,Sector 2,66.63,0.9,32.0,7237.0,0.8,396.68,78.19
S03,Hot afternoon running,4,23.6,538.45,Back Straight,Sector 2,60.88,0.4,15.1,6768.0,0.0,397.16,77.7
S03,Hot afternoon running,4,24.1,546.64,Back Straight,Sector 2,59.31,0.1,14.8,6640.0,0.4,396.54,77.38
S03,Hot afternoon running,4,24.6,554.73,Back Straight,Sector 2,57.7,99.7,0.0,6508.0,-1.9,386.39,77.25
S03,Hot afternoon running,4,25.1,562.92,Technical Esses,Sector 2,58.77,1.5,15.6,6596.0,5.6,395.91,76.93
S03,Hot afternoon running,4,25.6,570.99,Technical Esses,Sector 2,58.48,0.0,16.6,6572.0,23.1,395.71,76.63
S03,Hot afternoon running,4,26.1,579.02,Technical Esses,Sector 2,58.33,5.8,13.5,6560.0,36.7,395.74,76.34
S03,Hot afternoon running,4,26.6,587.05,Technical Esses,Sector 2,58.16,0.0,15.0,6545.0,49.8,395.22,76.04
S03,Hot afternoon running,4,27.1,595.08,Technical Esses,Sector 2,58.1,0.0,13.3,6541.0,61.9,396.81,75.73
S03,Hot afternoon running,4,27.6,603.11,Technical Esses,Sector 2,57.85,30.7,0.0,6521.0,74.8,393.18,75.48
S03,Hot afternoon running,4,28.1,611.15,Technical Esses,Sector 2,57.38,36.1,0.0,6482.0,80.5,393.36,75.2
S03,Hot afternoon running,4,28.6,619.18,Technical Esses,Sector 2,57.16,35.7,0.0,6464.0,85.9,392.94,74.92
S03,Hot afternoon running,4,29.1,627.21,Technical Esses,Sector 2,58.26,0.0,14.9,6554.0,86.9,397.39,74.63
S03,Hot afternoon running,4,29.6,635.25,Technical Esses,Sector 2,58.09,0.0,13.4,6540.0,85.7,395.61,74.34
S03,Hot afternoon running,4,30.1,643.29,Technical Esses,Sector 2,57.98,32.7,0.0,6531.0,85.0,393.76,74.12
S03,Hot afternoon running,4,30.6,651.33,Technical Esses,Sector 2,57.96,30.3,0.0,6530.0,80.7,393.13,73.84
S03,Hot afternoon running,4,31.1,659.39,Technical Esses,Sector 2,57.73,35.8,0.0,6511.0,67.2,392.55,73.59
S03,Hot afternoon running,4,31.6,667.43,Technical Esses,Sector 2,57.46,32.5,0.0,6488.0,65.0,393.93,73.31
S03,Hot afternoon running,4,32.1,675.47,Technical Esses,Sector 2,57.42,34.2,0.0,6485.0,49.0,392.65,73.03
S03,Hot afternoon running,4,32.6,683.52,Technical Esses,Sector 2,57.6,33.3,0.0,6500.0,27.5,393.92,72.77
S03,Hot afternoon running,4,33.1,691.53,Technical Esses,Sector 2,57.27,37.0,0.0,6473.0,13.4,392.92,72.51
S03,Hot afternoon running,4,33.6,699.58,Technical Esses,Sector 2,58.37,4.7,9.2,6563.0,1.2,396.38,72.27
S03,Hot afternoon running,4,34.1,708.1,Long Straight,Sector 3,64.63,100.0,0.0,7074.0,1.5,386.5,72.74
S03,Hot afternoon running,4,34.6,717.71,Long Straight,Sector 3,72.16,98.4,0.0,7688.0,-0.7,386.6,73.28
S03,Hot afternoon running,4,35.1,728.29,Long Straight,Sector 3,78.71,97.5,0.0,8223.0,-0.5,385.93,73.89
S03,Hot afternoon running,4,35.6,739.71,Long Straight,Sector 3,84.46,99.4,0.0,8692.0,0.6,385.13,74.55
S03,Hot afternoon running,4,36.1,751.86,Long Straight,Sector 3,89.48,100.0,0.0,9102.0,-2.6,384.67,75.26
S03,Hot afternoon running,4,36.6,764.67,Long Straight,Sector 3,93.89,99.0,0.0,9461.0,-1.7,384.8,76.02
S03,Hot afternoon running,4,37.1,778.03,Long Straight,Sector 3,97.66,98.9,0.0,9769.0,0.0,384.95,76.8
S03,Hot afternoon running,4,37.6,791.87,Long Straight,Sector 3,100.95,100.0,0.0,10038.0,-3.6,383.75,77.63
S03,Hot afternoon running,4,38.1,806.13,Long Straight,Sector 3,103.79,100.0,0.0,10269.0,1.1,384.5,78.48
S03,Hot afternoon running,4,38.6,820.76,Long Straight,Sector 3,106.24,100.0,0.0,10469.0,-3.0,383.18,79.36
S03,Hot afternoon running,4,39.1,835.69,Long Straight,Sector 3,108.32,99.4,0.0,10639.0,-0.1,383.74,80.25
S03,Hot afternoon running,4,39.6,850.88,Long Straight,Sector 3,110.07,97.0,0.0,10782.0,-2.0,382.79,81.13
S03,Hot afternoon running,4,40.1,866.3,Long Straight,Sector 3,111.56,98.9,0.0,10903.0,3.0,382.25,82.03
S03,Hot afternoon running,4,40.6,881.02,Long Straight,Sector 3,96.98,0.0,100.0,9713.0,-1.0,396.04,81.8
S03,Hot afternoon running,4,41.1,892.39,Long Straight,Sector 3,71.78,0.0,100.0,7657.0,0.4,395.91,81.28
S03,Hot afternoon running,4,41.6,900.35,Long Straight,Sector 3,49.1,1.3,50.9,5807.0,1.4,396.99,80.76
S03,Hot afternoon running,4,42.1,906.43,Long Straight,Sector 3,41.68,0.0,16.8,5201.0,-0.8,396.83,80.24
S03,Hot afternoon running,4,42.6,912.06,Long Straight,Sector 3,40.67,2.5,16.6,5118.0,-0.8,395.49,79.86
S03,Hot afternoon running,4,43.1,917.61,Long Straight,Sector 3,39.44,100.0,0.0,5018.0,1.4,388.13,79.62
S03,Hot afternoon running,4,43.6,923.22,Hairpin,Sector 3,39.99,0.0,14.4,5063.0,-12.3,397.02,79.16
S03,Hot afternoon running,4,44.1,928.71,Hairpin,Sector 3,39.99,0.6,12.3,5064.0,-33.5,396.86,78.78
S03,Hot afternoon running,4,44.6,934.19,Hairpin,Sector 3,38.98,26.8,0.0,4981.0,-59.0,393.9,78.39
S03,Hot afternoon running,4,45.1,939.7,Hairpin,Sector 3,40.2,0.0,15.8,5081.0,-73.8,396.59,78.02
S03,Hot afternoon running,4,45.6,945.18,Hairpin,Sector 3,38.73,34.3,0.0,4960.0,-93.5,393.06,77.65
S03,Hot afternoon running,4,46.1,950.68,Hairpin,Sector 3,40.14,3.0,16.0,5075.0,-105.0,396.0,77.28
S03,Hot afternoon running,4,46.6,956.15,Hairpin,Sector 3,39.94,0.0,17.4,5059.0,-117.6,396.81,76.93
S03,Hot afternoon running,4,47.1,961.66,Hairpin,Sector 3,39.95,1.8,15.6,5060.0,-119.8,396.32,76.58
S03,Hot afternoon running,4,47.6,967.13,Hairpin,Sector 3,39.95,2.1,16.7,5060.0,-123.0,397.48,76.23
S03,Hot afternoon running,4,48.1,972.63,Hairpin,Sector 3,39.91,0.6,11.2,5057.0,-115.2,395.3,75.88
S03,Hot afternoon running,4,48.6,978.11,Hairpin,Sector 3,39.02,27.8,0.0,4984.0,-105.9,394.14,75.53
S03,Hot afternoon running,4,49.1,983.58,Hairpin,Sector 3,38.78,29.8,0.0,4965.0,-93.8,393.65,75.19
S03,Hot afternoon running,4,49.6,989.08,Hairpin,Sector 3,40.1,0.0,16.2,5072.0,-76.9,396.05,74.85
S03,Hot afternoon running,4,50.1,994.58,Hairpin,Sector 3,40.09,0.0,18.3,5071.0,-60.9,396.15,74.5
S03,Hot afternoon running,4,50.6,1000.08,Hairpin,Sector 3,39.9,0.0,9.7,5056.0,-38.4,395.88,74.16
S03,Hot afternoon running,4,51.1,1005.57,Hairpin,Sector 3,39.08,31.5,0.0,4989.0,-21.1,393.98,73.84
S03,Hot afternoon running,4,51.6,1011.08,Final Corner,Sector 3,39.19,78.8,0.0,4998.0,-1.7,390.17,73.6
S03,Hot afternoon running,4,52.1,1017.19,Final Corner,Sector 3,47.2,82.8,0.0,5652.0,18.3,389.12,73.73
S03,Hot afternoon running,4,52.6,1024.38,Final Corner,Sector 3,54.58,80.2,0.0,6254.0,26.3,388.22,73.92
S03,Hot afternoon running,4,53.1,1032.53,Final Corner,Sector 3,61.44,83.4,0.0,6814.0,38.5,387.59,74.18
S03,Hot afternoon running,4,53.6,1041.6,Final Corner,Sector 3,67.7,77.1,0.0,7325.0,47.1,388.24,74.47
S03,Hot afternoon running,4,54.1,1051.46,Final Corner,Sector 3,72.75,37.5,0.0,7736.0,54.5,392.46,74.66
S03,Hot afternoon running,4,54.6,1061.72,Final Corner,Sector 3,74.57,38.7,0.0,7885.0,54.1,392.77,74.57
S03,Hot afternoon running,4,55.1,1072.14,Final Corner,Sector 3,75.31,1.3,17.2,7945.0,44.3,395.65,74.34
S03,Hot afternoon running,4,55.6,1082.52,Final Corner,Sector 3,74.77,37.6,0.0,7901.0,30.4,392.11,74.19
S03,Hot afternoon running,4,56.1,1092.93,Final Corner,Sector 3,74.16,38.2,0.0,7851.0,14.9,392.33,73.99
S03,Hot afternoon running,5,0.1,2.11,Main Straight,Sector 1,76.0,100.0,0.0,8001.0,2.3,385.56,74.11
S03,Hot afternoon running,5,0.6,13.18,Main Straight,Sector 1,82.14,93.6,0.0,8502.0,0.1,384.91,74.74
S03,Hot afternoon running,5,1.1,25.04,Main Straight,Sector 1,87.47,96.9,0.0,8937.0,-2.1,385.14,75.43
S03,Hot afternoon running,5,1.6,37.59,Main Straight,Sector 1,92.16,97.3,0.0,9320.0,-1.2,384.84,76.17
S03,Hot afternoon running,5,2.1,50.73,Main Straight,Sector 1,96.21,99.1,0.0,9651.0,2.9,384.36,76.95
S03,Hot afternoon running,5,2.6,64.39,Main Straight,Sector 1,99.73,100.0,0.0,9938.0,-2.2,383.1,77.78
S03,Hot afternoon running,5,3.1,78.5,Main Straight,Sector 1,102.77,100.0,0.0,10186.0,-2.2,383.15,78.62
S03,Hot afternoon running,5,3.6,92.99,Main Straight,Sector 1,105.33,97.4,0.0,10395.0,3.8,383.89,79.47
S03,Hot afternoon running,5,4.1,107.81,Main Straight,Sector 1,107.51,100.0,0.0,10573.0,0.4,382.85,80.34
S03,Hot afternoon running,5,4.6,122.9,Main Straight,Sector 1,109.4,96.6,0.0,10727.0,-0.7,383.49,81.22
S03,Hot afternoon running,5,5.1,138.23,Main Straight,Sector 1,110.98,94.6,0.0,10856.0,1.1,382.63,82.09
S03,Hot afternoon running,5,5.6,153.76,Main Straight,Sector 1,112.32,94.9,0.0,10965.0,1.8,383.86,82.98
S03,Hot afternoon running,5,6.1,169.42,Main Straight,Sector 1,112.8,43.4,0.0,11005.0,-2.2,389.9,83.22
S03,Hot afternoon running,5,6.6,183.82,Main Straight,Sector 1,95.5,1.4,58.3,9592.0,-0.5,395.33,82.69
S03,Hot afternoon running,5,7.1,196.02,Main Straight,Sector 1,83.66,2.2,31.0,8627.0,1.1,395.64,82.15
S03,Hot afternoon running,5,7.6,207.08,Main Straight,Sector 1,77.42,2.4,14.9,8118.0,2.9,395.52,81.62
S03,Hot afternoon running,5,8.1,217.51,Main Straight,Sector 1,73.66,0.0,17.7,7811.0,-1.0,395.42,81.1
S03,Hot afternoon running,5,8.6,227.68,Turn 1 Braking Zone,Sector 1,73.03,1.6,14.7,7759.0,0.0,396.02,80.87
S03,Hot afternoon running,5,9.1,237.57,Turn 1 Braking Zone,Sector 1,69.29,0.0,20.3,7454.0,0.5,396.32,80.43
S03,Hot afternoon running,5,9.6,246.83,Turn 1 Braking Zone,Sector 1,65.23,1.8,15.8,7123.0,1.6,395.96,79.93
S03,Hot afternoon running,5,10.1,255.85,Turn 1 Braking Zone,Sector 1,65.41,0.0,13.9,7137.0,-0.7,395.64,79.72
S03,Hot afternoon running,5,10.6,264.84,Turn 1 Braking Zone,Sector 1,65.58,0.0,13.2,7152.0,4.4,396.18,79.5
S03,Hot afternoon running,5,11.1,273.85,Turn 1 Braking Zone,Sector 1,65.68,2.0,18.3,7160.0,1.6,395.04,79.3
S03,Hot afternoon running,5,11.6,282.8,Turn 1 Medium Left,Sector 1,63.82,38.0,0.0,7008.0,-3.8,392.69,79.0
S03,Hot afternoon running,5,12.1,291.75,Turn 1 Medium Left,Sector 1,64.72,0.0,10.9,7081.0,-24.6,396.09,78.69
S03,Hot afternoon running,5,12.6,300.67,Turn 1 Medium Left,Sector 1,64.61,0.2,15.5,7072.0,-39.7,395.29,78.39
S03,Hot afternoon running,5,13.1,309.59,Turn 1 Medium Left,Sector 1,64.3,36.2,0.0,7047.0,-55.0,392.54,78.16
S03,Hot afternoon running,5,13.6,318.53,Turn 1 Medium Left,Sector 1,64.42,37.4,0.0,7057.0,-63.4,391.8,77.87
S03,Hot afternoon running,5,14.1,327.47,Turn 1 Medium Left,Sector 1,64.37,34.2,0.0,7052.0,-72.9,392.47,77.58
S03,Hot afternoon running,5,14.6,336.4,Turn 1 Medium Left,Sector 1,64.22,40.3,0.0,7041.0,-72.3,392.21,77.31
S03,Hot afternoon running,5,15.1,345.33,Turn 1 Medium Left,Sector 1,64.28,34.5,0.0,7045.0,-68.2,393.07,77.04
S03,Hot afternoon running,5,15.6,354.27,Turn 1 Medium Left,Sector 1,64.4,29.9,0.0,7055.0,-62.3,393.93,76.76
S03,Hot afternoon running,5,16.1,363.21,Turn 1 Medium Left,Sector 1,63.98,35.7,0.0,7020.0,-51.6,392.08,76.47
S03,Hot afternoon running,5,16.6,372.15,Turn 1 Medium Left,Sector 1,63.99,35.8,0.0,7022.0,-32.1,392.25,76.19
S03,Hot afternoon running,5,17.1,381.09,Turn 1 Medium Left,Sector 1,63.74,39.3,0.0,7001.0,-13.7,392.35,75.92
S03,Hot afternoon running,5,17.6,390.03,Back Straight,Sector 2,64.79,98.9,0.0,7087.0,1.4,386.83,75.83
S03,Hot afternoon running,5,18.1,399.66,Back Straight,Sector 2,72.23,100.0,0.0,7694.0,2.2,384.6,76.34
S03,Hot afternoon running,5,18.6,410.26,Back Straight,Sector 2,78.87,100.0,0.0,8236.0,0.7,384.81,76.93
S03,Hot afternoon running,5,19.1,421.71,Back Straight,Sector 2,84.69,100.0,0.0,8711.0,4.7,384.77,77.57
S03,Hot afternoon running,5,19.6,433.89,Back Straight,Sector 2,89.71,95.4,0.0,9121.0,0.4,383.98,78.24
S03,Hot afternoon running,5,20.1,446.72,Back Straight,Sector 2,94.08,100.0,0.0,9477.0,0.5,383.92,78.98
S03,Hot afternoon running,5,20.6,460.07,Back Straight,Sector 2,96.8,43.5,0.0,9699.0,-2.9,389.96,79.29
S03,Hot afternoon running,5,21.1,473.6,Back Straight,Sector 2,97.89,45.8,0.0,9788.0,-0.5,390.23,79.36
S03,Hot afternoon running,5,21.6,487.29,Back Straight,Sector 2,98.9,40.9,0.0,9870.0,-2.7,390.01,79.41
S03,Hot afternoon running,5,22.1,501.1,Back Straight,Sector 2,99.75,38.7,0.0,9940.0,1.7,390.97,79.43
S03,Hot afternoon running,5,22.6,514.87,Back Straight,Sector 2,95.34,1.3,100.0,9580.0,0.8,395.39,79.26
S03,Hot afternoon running,5,23.1,526.18,Back Straight,Sector 2,73.41,0.0,58.0,7790.0,0.3,396.39,78.76
S03,Hot afternoon running,5,23.6,535.44,Back Straight,Sector 2,63.47,1.8,21.7,6979.0,-1.4,395.22,78.26
S03,Hot afternoon running,5,24.1,543.88,Back Straight,Sector 2,59.19,0.0,14.2,6630.0,0.7,395.18,77.77
S03,Hot afternoon running,5,24.6,551.94,Back Straight,Sector 2,58.07,3.4,15.6,6538.0,2.0,395.81,77.45
S03,Hot afternoon running,5,25.1,560.03,Technical Esses,Sector 2,59.24,0.0,17.0,6634.0,-2.1,395.67,77.32
S03,Hot afternoon running,5,25.6,568.03,Technical Esses,Sector 2,57.82,0.0,14.3,6518.0,16.3,396.34,76.95
S03,Hot afternoon running,5,26.1,576.02,Technical Esses,Sector 2,57.72,9.7,18.2,6510.0,31.1,393.28,76.66
S03,Hot afternoon running,5,26.6,583.95,Technical Esses,Sector 2,57.08,41.0,0.0,6458.0,46.9,390.54,76.41
S03,Hot afternoon running,5,27.1,591.92,Technical Esses,Sector 2,57.02,35.0,0.0,6452.0,56.3,392.8,76.12
S03,Hot afternoon running,5,27.6,599.91,Technical Esses,Sector 2,57.05,36.1,0.0,6455.0,68.0,392.28,75.82
S03,Hot afternoon running,5,28.1,607.85,Technical Esses,Sector 2,56.98,28.9,0.0,6449.0,83.1,392.87,75.52
S03,Hot afternoon running,5,28.6,615.82,Technical Esses,Sector 2,56.89,39.7,0.0,6442.0,88.8,392.58,75.24
S03,Hot afternoon running,5,29.1,623.82,Technical Esses,Sector 2,57.26,35.3,0.0,6473.0,93.0,391.41,74.96
S03,Hot afternoon running,5,29.6,631.78,Technical Esses,Sector 2,57.07,33.4,0.0,6457.0,91.9,393.27,74.66
S03,Hot afternoon running,5,30.1,639.77,Technical Esses,Sector 2,56.99,33.6,0.0,6450.0,90.5,391.24,74.38
S03,Hot afternoon running,5,30.6,647.74,Technical Esses,Sector 2,56.81,35.3,0.0,6435.0,81.1,392.59,74.1
S03,Hot afternoon running,5,31.1,655.73,Technical Esses,Sector 2,57.98,0.0,15.4,6531.0,71.9,395.19,73.81
S03,Hot afternoon running,5,31.6,663.7,Technical Esses,Sector 2,57.91,1.0,18.9,6526.0,60.5,395.78,73.54
S03,Hot afternoon running,5,32.1,671.67,Technical Esses,Sector 2,57.5,34.5,0.0,6492.0,57.3,391.65,73.34
S03,Hot afternoon running,5,32.6,679.65,Technical Esses,Sector 2,57.24,31.1,0.0,6470.0,40.8,393.27,73.05
S03,Hot afternoon running,5,33.1,687.63,Technical Esses,Sector 2,57.24,26.8,0.0,6471.0,25.6,393.33,72.77
S03,Hot afternoon running,5,33.6,695.59,Technical Esses,Sector 2,57.04,35.2,0.0,6454.0,7.8,391.58,72.52
S03,Hot afternoon running,5,34.1,703.72,Long Straight,Sector 3,60.7,98.7,0.0,6753.0,-2.9,386.2,72.67
S03,Hot afternoon running,5,34.6,712.83,Long Straight,Sector 3,68.68,97.5,0.0,7405.0,0.6,384.6,73.18
S03,Hot afternoon running,5,35.1,722.96,Long Straight,Sector 3,75.7,100.0,0.0,7977.0,0.8,385.32,73.76
S03,Hot afternoon running,5,35.6,734.0,Long Straight,Sector 3,81.94,100.0,0.0,8486.0,-0.2,383.13,74.41
S03,Hot afternoon running,5,36.1,745.84,Long Straight,Sector 3,87.4,96.4,0.0,8932.0,-0.9,385.24,75.11
S03,Hot afternoon running,5,36.6,758.37,Long Straight,Sector 3,91.97,100.0,0.0,9305.0,1.3,383.49,75.84
S03,Hot afternoon running,5,37.1,771.49,Long Straight,Sector 3,96.02,100.0,0.0,9635.0,0.0,382.84,76.61
S03,Hot afternoon running,5,37.6,785.13,Long Straight,Sector 3,99.59,100.0,0.0,9926.0,1.9,383.81,77.43
S03,Hot afternoon running,5,38.1,799.22,Long Straight,Sector 3,102.63,96.4,0.0,10175.0,-0.6,383.32,78.27
S03,Hot afternoon running,5,38.6,813.69,Long Straight,Sector 3,105.22,99.2,0.0,10386.0,0.7,382.38,79.13
S03,Hot afternoon running,5,39.1,828.5,Long Straight,Sector 3,107.43,99.0,0.0,10566.0,-0.1,381.63,80.01
S03,Hot afternoon running,5,39.6,843.58,Long Straight,Sector 3,109.31,99.1,0.0,10720.0,2.4,383.0,80.89
S03,Hot afternoon running,5,40.1,858.9,Long Straight,Sector 3,110.93,99.6,0.0,10852.0,0.2,382.64,81.79
S03,Hot afternoon running,5,40.6,874.27,Long Straight,Sector 3,107.06,0.0,100.0,10536.0,-1.8,395.93,82.12
S03,Hot afternoon running,5,41.1,887.05,Long Straight,Sector 3,81.93,1.0,100.0,8485.0,0.9,395.95,81.59
S03,Hot afternoon running,5,41.6,896.34,Long Straight,Sector 3,56.93,1.8,84.7,6445.0,-3.5,395.12,81.07
S03,Hot afternoon running,5,42.1,902.96,Long Straight,Sector 3,43.85,0.0,20.3,5378.0,1.1,395.78,80.55
S03,Hot afternoon running,5,42.6,908.66,Long Straight,Sector 3,39.53,99.2,0.0,5026.0,-0.8,387.77,80.17
S03,Hot afternoon running,5,43.1,914.33,Long Straight,Sector 3,41.58,0.0,14.0,5193.0,0.5,396.29,79.79
S03,Hot afternoon running,5,43.6,919.93,Long Straight,Sector 3,40.41,3.2,12.8,5097.0,-1.6,394.88,79.42
S03,Hot afternoon running,5,44.1,925.42,Hairpin,Sector 3,39.71,1.2,15.4,5041.0,-21.8,395.81,79.01
S03,Hot afternoon running,5,44.6,930.91,Hairpin,Sector 3,39.95,0.6,16.1,5060.0,-42.9,395.76,78.63
S03,Hot afternoon running,5,45.1,936.42,Hairpin,Sector 3,39.94,0.0,14.5,5059.0,-68.1,395.86,78.25
S03,Hot afternoon running,5,45.6,941.93,Hairpin,Sector 3,39.91,1.4,15.7,5056.0,-86.2,396.2,77.88
S03,Hot afternoon running,5,46.1,947.43,Hairpin,Sector 3,39.77,0.0,13.1,5045.0,-97.3,396.0,77.51
S03,Hot afternoon running,5,46.6,952.92,Hairpin,Sector 3,39.74,0.0,12.9,5043.0,-109.0,395.23,77.14
S03,Hot afternoon running,5,47.1,958.42,Hairpin,Sector 3,39.91,1.7,13.1,5057.0,-117.1,395.69,76.78
S03,Hot afternoon running,5,47.6,963.91,Hairpin,Sector 3,40.06,0.0,15.3,5069.0,-118.4,395.68,76.44
S03,Hot afternoon running,5,48.1,969.4,Hairpin,Sector 3,40.14,0.0,12.5,5076.0,-116.3,396.02,76.09
S03,Hot afternoon running,5,48.6,974.89,Hairpin,Sector 3,38.97,30.3,0.0,4980.0,-110.8,392.84,75.75
S03,Hot afternoon running,5,49.1,980.39,Hairpin,Sector 3,40.03,3.8,17.6,5066.0,-104.3,395.17,75.41
S03,Hot afternoon running,5,49.6,985.91,Hairpin,Sector 3,40.09,2.1,16.2,5072.0,-89.4,395.77,75.06
S03,Hot afternoon running,5,50.1,991.4,Hairpin,Sector 3,40.11,0.0,16.6,5073.0,-71.6,396.45,74.73
S03,Hot afternoon running,5,50.6,996.87,Hairpin,Sector 3,38.81,29.2,0.0,4967.0,-53.8,392.96,74.4
S03,Hot afternoon running,5,51.1,1002.34,Hairpin,Sector 3,39.03,32.9,0.0,4985.0,-34.5,393.12,74.07
S03,Hot afternoon running,5,51.6,1007.84,Hairpin,Sector 3,39.06,31.6,0.0,4988.0,-9.7,393.36,73.75
S03,Hot afternoon running,5,52.1,1013.69,Final Corner,Sector 3,45.1,83.4,0.0,5480.0,7.4,388.55,73.8
S03,Hot afternoon running,5,52.6,1020.59,Final Corner,Sector 3,52.56,83.4,0.0,6089.0,17.9,387.59,73.97
S03,Hot afternoon running,5,53.1,1028.47,Final Corner,Sector 3,59.5,79.7,0.0,6655.0,28.6,388.78,74.19
S03,Hot afternoon running,5,53.6,1037.28,Final Corner,Sector 3,66.01,75.3,0.0,7186.0,42.1,388.39,74.48
S03,Hot afternoon running,5,54.1,1046.92,Final Corner,Sector 3,71.67,81.8,0.0,7648.0,50.8,386.64,74.82
S03,Hot afternoon running,5,54.6,1057.14,Final Corner,Sector 3,74.4,33.1,0.0,7871.0,53.5,392.39,74.73
S03,Hot afternoon running,5,55.1,1067.56,Final Corner,Sector 3,75.03,39.8,0.0,7923.0,47.7,391.46,74.59
S03,Hot afternoon running,5,55.6,1077.98,Final Corner,Sector 3,74.63,37.4,0.0,7890.0,37.2,392.8,74.37
S03,Hot afternoon running,5,56.1,1088.42,Final Corner,Sector 3,75.43,3.8,15.1,7955.0,20.8,395.19,74.16
S03,Hot afternoon running,5,56.6,1098.84,Final Corner,Sector 3,75.07,35.0,0.0,7926.0,1.9,392.72,74.03
S03,Hot afternoon running,6,0.4,8.73,Main Straight,Sector 1,80.44,99.9,0.0,8364.0,0.8,385.01,74.65
S03,Hot afternoon running,6,0.9,20.38,Main Straight,Sector 1,86.08,98.6,0.0,8824.0,-0.2,384.56,75.34
S03,Hot afternoon running,6,1.4,32.75,Main Straight,Sector 1,90.9,95.6,0.0,9217.0,0.8,383.62,76.05
S03,Hot afternoon running,6,1.9,45.72,Main Straight,Sector 1,95.01,99.8,0.0,9552.0,3.5,382.95,76.79
S03,Hot afternoon running,6,2.4,59.23,Main Straight,Sector 1,98.64,99.1,0.0,9849.0,-2.7,381.77,77.58
S03,Hot afternoon running,6,2.9,73.2,Main Straight,Sector 1,101.79,100.0,0.0,10106.0,0.6,382.62,78.41
S03,Hot afternoon running,6,3.4,87.56,Main Straight,Sector 1,104.51,99.5,0.0,10328.0,-0.9,382.69,79.26
S03,Hot afternoon running,6,3.9,102.28,Main Straight,Sector 1,106.81,100.0,0.0,10516.0,-1.1,383.62,80.12
S03,Hot afternoon running,6,4.4,117.28,Main Straight,Sector 1,108.81,100.0,0.0,10679.0,1.8,382.62,81.01
S03,Hot afternoon running,6,4.9,132.54,Main Straight,Sector 1,110.5,99.5,0.0,10817.0,0.0,381.63,81.9
S03,Hot afternoon running,6,5.4,148.01,Main Straight,Sector 1,111.92,96.7,0.0,10933.0,0.7,383.13,82.78
S03,Hot afternoon running,6,5.9,163.65,Main Straight,Sector 1,112.9,42.8,0.0,11013.0,0.3,389.93,83.35
S03,Hot afternoon running,6,6.4,178.92,Main Straight,Sector 1,103.03,2.7,81.6,10207.0,-0.6,395.11,83.04
S03,Hot afternoon running,6,6.9,191.78,Main Straight,Sector 1,87.17,0.1,39.6,8913.0,-2.0,395.98,82.5
S03,Hot afternoon running,6,7.4,203.17,Main Straight,Sector 1,79.32,0.0,20.9,8272.0,-3.3,395.39,81.96
S03,Hot afternoon running,6,7.9,213.81,Main Straight,Sector 1,75.06,0.0,16.5,7925.0,0.1,395.44,81.43
S03,Hot afternoon running,6,8.4,223.94,Turn 1 Braking Zone,Sector 1,72.35,36.4,0.0,7704.0,1.3,391.81,81.05
S03,Hot afternoon running,6,8.9,233.97,Turn 1 Braking Zone,Sector 1,71.31,0.0,23.1,7619.0,0.3,395.92,80.68
S03,Hot afternoon running,6,9.4,243.47,Turn 1 Braking Zone,Sector 1,66.88,1.5,15.3,7257.0,-0.9,395.65,80.17
S03,Hot afternoon running,6,9.9,252.51,Turn 1 Braking Zone,Sector 1,65.21,0.0,10.9,7121.0,-0.4,394.9,79.8
S03,Hot afternoon running,6,10.4,261.43,Turn 1 Braking Zone,Sector 1,63.43,77.6,0.0,6976.0,-1.2,387.97,79.57
S03,Hot afternoon running,6,10.9,270.36,Turn 1 Braking Zone,Sector 1,63.48,76.6,0.0,6980.0,0.4,387.52,79.36
S03,Hot afternoon running,6,11.4,279.29,Turn 1 Braking Zone,Sector 1,63.59,82.8,0.0,6989.0,0.3,387.38,79.15
S03,Hot afternoon running,6,11.9,288.21,Turn 1 Medium Left,Sector 1,64.09,34.3,0.0,7029.0,-15.4,393.09,78.83
S03,Hot afternoon running,6,12.4,297.09,Turn 1 Medium Left,Sector 1,63.84,33.4,0.0,7009.0,-31.7,392.33,78.52
S03,Hot afternoon running,6,12.9,305.96,Turn 1 Medium Left,Sector 1,63.84,32.3,0.0,7010.0,-45.1,392.07,78.21
S03,Hot afternoon running,6,13.4,314.84,Turn 1 Medium Left,Sector 1,63.53,31.5,0.0,6984.0,-58.7,392.32,77.9
S03,Hot afternoon running,6,13.9,323.72,Turn 1 Medium Left,Sector 1,63.46,36.3,0.0,6978.0,-69.7,391.68,77.62
S03,Hot afternoon running,6,14.4,332.62,Turn 1 Medium Left,Sector 1,64.51,0.6,16.4,7064.0,-71.2,395.83,77.33
S03,Hot afternoon running,6,14.9,341.5,Turn 1 Medium Left,Sector 1,64.34,0.0,14.2,7050.0,-77.3,395.13,77.04
S03,Hot afternoon running,6,15.4,350.39,Turn 1 Medium Left,Sector 1,64.22,0.0,16.1,7041.0,-62.9,394.93,76.74
S03,Hot afternoon running,6,15.9,359.26,Turn 1 Medium Left,Sector 1,64.04,35.1,0.0,7025.0,-58.4,392.12,76.52
S03,Hot afternoon running,6,16.4,368.14,Turn 1 Medium Left,Sector 1,63.86,31.2,0.0,7011.0,-44.5,391.54,76.24
S03,Hot afternoon running,6,16.9,377.01,Turn 1 Medium Left,Sector 1,63.68,36.6,0.0,6996.0,-24.7,391.62,75.98
S03,Hot afternoon running,6,17.4,385.88,Turn 1 Medium Left,Sector 1,63.45,30.8,0.0,6977.0,-7.3,391.99,75.7
S03,Hot afternoon running,6,17.9,394.86,Back Straight,Sector 2,66.73,100.0,0.0,7245.0,-0.2,385.16,75.87
S03,Hot afternoon running,6,18.4,404.75,Back Straight,Sector 2,74.01,99.3,0.0,7840.0,1.3,385.42,76.41
S03,Hot afternoon running,6,18.9,415.57,Back Straight,Sector 2,80.39,99.9,0.0,8360.0,3.1,385.16,77.01
S03,Hot afternoon running,6,19.4,427.21,Back Straight,Sector 2,85.98,96.4,0.0,8816.0,-0.3,385.52,77.65
S03,Hot afternoon running,6,19.9,439.55,Back Straight,Sector 2,90.78,98.5,0.0,9208.0,0.9,383.52,78.34
S03,Hot afternoon running,6,20.4,452.52,Back Straight,Sector 2,95.05,100.0,0.0,9556.0,-2.2,382.94,79.09
S03,Hot afternoon running,6,20.9,465.96,Back Straight,Sector 2,97.24,41.5,0.0,9735.0,0.5,391.01,79.28
S03,Hot afternoon running,6,21.4,479.55,Back Straight,Sector 2,98.25,43.1,0.0,9817.0,-1.5,390.52,79.33
S03,Hot afternoon running,6,21.9,493.28,Back Straight,Sector 2,99.24,42.8,0.0,9898.0,0.3,389.26,79.39
S03,Hot afternoon running,6,22.4,507.13,Back Straight,Sector 2,100.06,41.5,0.0,9965.0,-0.5,390.36,79.42
S03,Hot afternoon running,6,22.9,520.23,Back Straight,Sector 2,85.28,0.0,91.6,8759.0,2.0,394.4,79.01
S03,Hot afternoon running,6,23.4,530.45,Back Straight,Sector 2,67.83,3.8,41.3,7335.0,-0.2,394.72,78.52
S03,Hot afternoon running,6,23.9,539.2,Back Straight,Sector 2,60.69,0.0,19.9,6752.0,-1.5,395.81,78.03
S03,Hot afternoon running,6,24.4,547.27,Back Straight,Sector 2,56.58,100.0,0.0,6417.0,0.6,386.03,77.73
S03,Hot afternoon running,6,24.9,555.31,Back Straight,Sector 2,57.87,2.3,13.9,6522.0,-2.0,394.51,77.41
S03,Hot afternoon running,6,25.4,563.26,Technical Esses,Sector 2,56.94,0.7,15.1,6446.0,6.5,395.43,77.09
S03,Hot afternoon running,6,25.9,571.13,Technical Esses,Sector 2,56.64,35.0,0.0,6422.0,22.3,392.31,76.84
S03,Hot afternoon running,6,26.4,579.03,Technical Esses,Sector 2,56.78,28.1,0.0,6433.0,37.1,392.35,76.53
S03,Hot afternoon running,6,26.9,586.9,Technical Esses,Sector 2,56.58,35.0,0.0,6417.0,53.5,391.69,76.24
S03,Hot afternoon running,6,27.4,594.79,Technical Esses,Sector 2,56.53,39.1,0.0,6413.0,63.5,392.21,75.96
S03,Hot afternoon running,6,27.9,602.67,Technical Esses,Sector 2,56.4,33.4,0.0,6402.0,71.2,391.5,75.66
S03,Hot afternoon running,6,28.4,610.56,Technical Esses,Sector 2,56.22,34.4,0.0,6388.0,82.1,392.49,75.37
S03,Hot afternoon running,6,28.9,618.46,Technical Esses,Sector 2,56.67,32.5,0.0,6424.0,87.1,392.14,75.08
S03,Hot afternoon running,6,29.4,626.35,Technical Esses,Sector 2,56.47,33.2,0.0,6408.0,89.1,392.88,74.79
S03,Hot afternoon running,6,29.9,634.23,Technical Esses,Sector 2,57.35,0.8,10.6,6480.0,90.1,395.33,74.5
S03,Hot afternoon running,6,30.4,642.12,Technical Esses,Sector 2,56.25,33.3,0.0,6390.0,87.8,391.77,74.22
S03,Hot afternoon running,6,30.9,650.01,Technical Esses,Sector 2,57.29,4.5,15.0,6475.0,79.8,394.85,73.94
S03,Hot afternoon running,6,31.4,657.88,Technical Esses,Sector 2,56.18,33.0,0.0,6384.0,72.6,393.13,73.67
S03,Hot afternoon running,6,31.9,665.76,Technical Esses,Sector 2,56.35,34.0,0.0,6398.0,62.9,392.1,73.42
S03,Hot afternoon running,6,32.4,673.67,Technical Esses,Sector 2,57.27,2.8,14.8,6473.0,52.6,394.96,73.14
S03,Hot afternoon running,6,32.9,681.54,Technical Esses,Sector 2,57.01,2.5,12.7,6452.0,37.0,394.01,72.88
S03,Hot afternoon running,6,33.4,689.43,Technical Esses,Sector 2,56.94,6.2,12.1,6447.0,19.6,394.99,72.62
S03,Hot afternoon running,6,33.9,697.33,Technical Esses,Sector 2,57.21,2.5,15.1,6468.0,0.8,394.83,72.37
S03,Hot afternoon running,6,34.4,705.49,Long Straight,Sector 3,61.96,100.0,0.0,6856.0,4.6,385.34,72.69
S03,Hot afternoon running,6,34.9,714.76,Long Straight,Sector 3,69.81,97.4,0.0,7496.0,-3.5,384.9,73.21
S03,Hot afternoon running,6,35.4,725.04,Long Straight,Sector 3,76.69,96.5,0.0,8058.0,0.2,384.68,73.8
S03,Hot afternoon running,6,35.9,736.21,Long Straight,Sector 3,82.74,99.3,0.0,8552.0,0.1,384.18,74.45
S03,Hot afternoon running,6,36.4,748.15,Long Straight,Sector 3,88.01,100.0,0.0,8982.0,-1.8,383.25,75.15
S03,Hot afternoon running,6,36.9,760.76,Long Straight,Sector 3,92.63,100.0,0.0,9358.0,-2.0,383.83,75.9
S03,Hot afternoon running,6,37.4,773.97,Long Straight,Sector 3,96.61,97.0,0.0,9683.0,0.5,383.13,76.68
S03,Hot afternoon running,6,37.9,787.68,Long Straight,Sector 3,100.07,98.1,0.0,9965.0,0.6,384.28,77.5
S03,Hot afternoon running,6,38.4,801.82,Long Straight,Sector 3,102.96,97.2,0.0,10202.0,-0.2,383.28,78.32
S03,Hot afternoon running,6,38.9,816.34,Long Straight,Sector 3,105.5,94.9,0.0,10408.0,0.5,383.18,79.17
S03,Hot afternoon running,6,39.4,831.17,Long Straight,Sector 3,107.64,100.0,0.0,10583.0,0.2,382.58,80.05
S03,Hot afternoon running,6,39.9,846.28,Long Straight,Sector 3,109.47,97.3,0.0,10733.0,1.7,382.49,80.91
S03,Hot afternoon running,6,40.4,861.61,Long Straight,Sector 3,111.05,98.0,0.0,10862.0,1.7,382.73,81.81
S03,Hot afternoon running,6,40.9,876.72,Long Straight,Sector 3,101.9,5.2,100.0,10115.0,-1.9,394.47,81.85
S03,Hot afternoon running,6,41.4,888.78,Long Straight,Sector 3,76.85,0.0,99.8,8071.0,-0.1,395.09,81.34
S03,Hot afternoon running,6,41.9,897.38,Long Straight,Sector 3,52.54,2.9,60.8,6087.0,0.0,395.24,80.83
S03,Hot afternoon running,6,42.4,903.71,Long Straight,Sector 3,42.54,0.0,19.8,5271.0,2.0,396.64,80.31
S03,Hot afternoon running,6,42.9,909.35,Long Straight,Sector 3,41.43,0.0,15.1,5181.0,1.1,395.74,79.93
S03,Hot afternoon running,6,43.4,914.97,Long Straight,Sector 3,40.82,0.3,11.5,5131.0,0.4,395.39,79.55
S03,Hot afternoon running,6,43.9,920.57,Hairpin,Sector 3,39.94,0.0,9.7,5059.0,0.9,395.26,79.17
S03,Hot afternoon running,6,44.4,926.05,Hairpin,Sector 3,39.05,29.7,0.0,4987.0,-25.2,392.61,78.79
S03,Hot afternoon running,6,44.9,931.55,Hairpin,Sector 3,39.18,29.3,0.0,4997.0,-45.4,393.05,78.4
S03,Hot afternoon running,6,45.4,937.03,Hairpin,Sector 3,39.19,28.0,0.0,4998.0,-66.7,393.08,78.01
S03,Hot afternoon running,6,45.9,942.49,Hairpin,Sector 3,39.03,32.5,0.0,4984.0,-83.8,390.5,77.65
S03,Hot afternoon running,6,46.4,947.97,Hairpin,Sector 3,39.35,31.7,0.0,5011.0,-98.7,393.04,77.29
S03,Hot afternoon running,6,46.9,953.47,Hairpin,Sector 3,39.74,0.9,15.9,5042.0,-109.9,395.4,76.9
S03,Hot afternoon running,6,47.4,958.96,Hairpin,Sector 3,39.94,0.0,15.9,5059.0,-116.8,394.73,76.54
S03,Hot afternoon running,6,47.9,964.44,Hairpin,Sector 3,40.04,3.7,17.0,5067.0,-118.0,394.31,76.19
S03,Hot afternoon running,6,48.4,969.9,Hairpin,Sector 3,38.76,31.2,0.0,4963.0,-120.2,392.17,75.86
S03,Hot afternoon running,6,48.9,975.35,Hairpin,Sector 3,38.74,27.6,0.0,4961.0,-112.4,393.45,75.51
S03,Hot afternoon running,6,49.4,980.83,Hairpin,Sector 3,38.99,33.8,0.0,4982.0,-104.5,391.84,75.17
S03,Hot afternoon running,6,49.9,986.28,Hairpin,Sector 3,39.07,27.6,0.0,4988.0,-87.0,393.17,74.84
S03,Hot afternoon running,6,50.4,991.78,Hairpin,Sector 3,39.18,32.3,0.0,4997.0,-71.5,392.76,74.5
S03,Hot afternoon running,6,50.9,997.24,Hairpin,Sector 3,38.97,30.5,0.0,4980.0,-51.5,393.41,74.16
S03,Hot afternoon running,6,51.4,1002.74,Hairpin,Sector 3,39.13,29.4,0.0,4993.0,-31.4,392.67,73.83
S03,Hot afternoon running,6,51.9,1008.2,Hairpin,Sector 3,38.95,27.6,0.0,4979.0,-11.1,391.85,73.51
S03,Hot afternoon running,6,52.4,1014.01,Final Corner,Sector 3,44.86,77.9,0.0,5460.0,9.9,387.56,73.55
S03,Hot afternoon running,6,52.9,1020.86,Final Corner,Sector 3,52.23,80.5,0.0,6062.0,19.4,388.2,73.71
S03,Hot afternoon running,6,53.4,1028.7,Final Corner,Sector 3,59.19,79.7,0.0,6630.0,31.7,387.86,73.94
S03,Hot afternoon running,6,53.9,1037.48,Final Corner,Sector 3,65.78,82.1,0.0,7168.0,43.5,386.87,74.25
S03,Hot afternoon running,6,54.4,1047.12,Final Corner,Sector 3,71.79,79.2,0.0,7658.0,50.4,386.74,74.61
S03,Hot afternoon running,6,54.9,1057.35,Final Corner,Sector 3,74.37,35.4,0.0,7868.0,53.4,391.26,74.52
S03,Hot afternoon running,6,55.4,1067.75,Final Corner,Sector 3,75.18,0.0,16.2,7934.0,44.9,395.56,74.3
S03,Hot afternoon running,6,55.9,1078.13,Final Corner,Sector 3,74.98,0.0,17.9,7918.0,39.1,395.13,74.08
S03,Hot afternoon running,6,56.4,1088.49,Final Corner,Sector 3,74.36,35.7,0.0,7868.0,23.9,391.6,73.94
S03,Hot afternoon running,6,56.9,1098.87,Final Corner,Sector 3,74.97,31.6,0.0,7917.0,3.0,391.48,73.79
S03,Hot afternoon running,7,0.4,8.71,Main Straight,Sector 1,80.27,100.0,0.0,8350.0,-0.1,383.76,74.41
S03,Hot afternoon running,7,0.9,20.34,Main Straight,Sector 1,85.93,97.5,0.0,8812.0,3.2,383.81,75.09
S03,Hot afternoon running,7,1.4,32.69,Main Straight,Sector 1,90.83,100.0,0.0,9212.0,-1.2,383.54,75.83
S03,Hot afternoon running,7,1.9,45.67,Main Straight,Sector 1,95.06,100.0,0.0,9556.0,3.1,382.91,76.6
S03,Hot afternoon running,7,2.4,59.19,Main Straight,Sector 1,98.76,95.0,0.0,9858.0,-0.9,383.3,77.4
S03,Hot afternoon running,7,2.9,73.16,Main Straight,Sector 1,101.86,99.3,0.0,10112.0,0.3,382.55,78.23
S03,Hot afternoon running,7,3.4,87.54,Main Straight,Sector 1,104.56,98.8,0.0,10332.0,-0.5,381.91,79.08
S03,Hot afternoon running,7,3.9,102.26,Main Straight,Sector 1,106.85,100.0,0.0,10519.0,-1.0,382.03,79.94
S03,Hot afternoon running,7,4.4,117.26,Main Straight,Sector 1,108.82,97.1,0.0,10680.0,4.4,382.81,80.81
S03,Hot afternoon running,7,4.9,132.52,Main Straight,Sector 1,110.48,95.9,0.0,10815.0,2.2,382.23,81.68
S03,Hot afternoon running,7,5.4,147.98,Main Straight,Sector 1,111.91,96.7,0.0,10932.0,-1.1,382.54,82.58
S03,Hot afternoon running,7,5.9,163.62,Main Straight,Sector 1,112.89,44.1,0.0,11012.0,-0.2,389.46,83.15
S03,Hot afternoon running,7,6.4,178.89,Main Straight,Sector 1,103.18,1.0,75.6,10220.0,2.4,394.25,82.85
S03,Hot afternoon running,7,6.9,191.86,Main Straight,Sector 1,88.06,0.4,42.1,8986.0,-1.7,394.72,82.31
S03,Hot afternoon running,7,7.4,203.36,Main Straight,Sector 1,80.14,0.0,24.3,8339.0,3.2,394.23,81.78
S03,Hot afternoon running,7,7.9,214.11,Main Straight,Sector 1,75.93,0.0,16.4,7996.0,-0.8,394.59,81.26
S03,Hot afternoon running,7,8.4,224.38,Turn 1 Braking Zone,Sector 1,73.32,34.1,0.0,7783.0,3.1,391.44,80.87
S03,Hot afternoon running,7,8.9,234.44,Turn 1 Braking Zone,Sector 1,70.55,0.9,16.8,7556.0,0.4,394.47,80.43
S03,Hot afternoon running,7,9.4,243.89,Turn 1 Braking Zone,Sector 1,66.4,3.6,14.9,7218.0,4.8,393.7,79.92
S03,Hot afternoon running,7,9.9,252.98,Turn 1 Braking Zone,Sector 1,64.81,76.3,0.0,7089.0,1.4,386.42,79.7
S03,Hot afternoon running,7,10.4,262.05,Turn 1 Braking Zone,Sector 1,65.04,74.7,0.0,7107.0,0.5,387.79,79.49
S03,Hot afternoon running,7,10.9,271.12,Turn 1 Braking Zone,Sector 1,64.78,78.0,0.0,7086.0,-0.5,386.62,79.27
S03,Hot afternoon running,7,11.4,280.19,Turn 1 Medium Left,Sector 1,64.93,33.8,0.0,7099.0,-1.8,391.4,78.97
S03,Hot afternoon running,7,11.9,289.22,Turn 1 Medium Left,Sector 1,64.56,36.4,0.0,7068.0,-18.5,390.94,78.66
S03,Hot afternoon running,7,12.4,298.26,Turn 1 Medium Left,Sector 1,65.46,0.9,16.2,7141.0,-33.7,394.49,78.36
S03,Hot afternoon running,7,12.9,307.27,Turn 1 Medium Left,Sector 1,65.29,2.1,17.8,7128.0,-53.7,394.17,78.07
S03,Hot afternoon running,7,13.4,316.28,Turn 1 Medium Left,Sector 1,64.98,29.1,0.0,7102.0,-61.1,392.33,77.83
S03,Hot afternoon running,7,13.9,325.3,Turn 1 Medium Left,Sector 1,64.66,30.3,0.0,7076.0,-70.9,391.15,77.53
S03,Hot afternoon running,7,14.4,334.33,Turn 1 Medium Left,Sector 1,64.66,34.4,0.0,7076.0,-71.2,391.95,77.26
S03,Hot afternoon running,7,14.9,343.39,Turn 1 Medium Left,Sector 1,64.84,36.4,0.0,7091.0,-76.0,390.03,77.01
S03,Hot afternoon running,7,15.4,352.42,Turn 1 Medium Left,Sector 1,64.82,38.8,0.0,7089.0,-60.7,390.39,76.76
S03,Hot afternoon running,7,15.9,361.43,Turn 1 Medium Left,Sector 1,64.78,36.1,0.0,7086.0,-49.5,391.39,76.47
S03,Hot afternoon running,7,16.4,370.44,Turn 1 Medium Left,Sector 1,64.77,33.9,0.0,7085.0,-34.1,391.46,76.19
S03,Hot afternoon running,7,16.9,379.44,Turn 1 Medium Left,Sector 1,64.66,35.5,0.0,7076.0,-19.4,391.2,75.91
S03,Hot afternoon running,7,17.4,388.45,Turn 1 Medium Left,Sector 1,64.62,33.8,0.0,7073.0,-3.3,391.71,75.63
S03,Hot afternoon running,7,17.9,397.91,Back Straight,Sector 2,71.13,100.0,0.0,7604.0,2.0,384.69,76.14
S03,Hot afternoon running,7,18.4,408.36,Back Straight,Sector 2,77.84,99.4,0.0,8152.0,3.4,384.23,76.71
S03,Hot afternoon running,7,18.9,419.68,Back Straight,Sector 2,83.81,100.0,0.0,8639.0,0.6,384.26,77.35
S03,Hot afternoon running,7,19.4,431.76,Back Straight,Sector 2,89.01,99.6,0.0,9063.0,-0.3,383.37,78.04
S03,Hot afternoon running,7,19.9,444.5,Back Straight,Sector 2,93.5,100.0,0.0,9430.0,-2.0,382.89,78.77
S03,Hot afternoon running,7,20.4,457.81,Back Straight,Sector 2,96.87,37.4,0.0,9705.0,-3.1,390.44,79.23
S03,Hot afternoon running,7,20.9,471.34,Back Straight,Sector 2,97.81,40.9,0.0,9781.0,2.6,389.87,79.26
S03,Hot afternoon running,7,21.4,485.0,Back Straight,Sector 2,98.74,43.1,0.0,9857.0,-0.1,388.27,79.3
S03,Hot afternoon running,7,21.9,498.79,Back Straight,Sector 2,99.66,41.1,0.0,9932.0,1.2,389.42,79.35
S03,Hot afternoon running,7,22.4,512.71,Back Straight,Sector 2,100.49,1.0,99.3,10000.0,2.2,393.99,79.29
S03,Hot afternoon running,7,22.9,524.63,Back Straight,Sector 2,76.92,0.0,61.4,8077.0,1.9,394.51,78.8
S03,Hot afternoon running,7,23.4,534.19,Back Straight,Sector 2,64.49,2.2,25.2,7063.0,-1.4,395.05,78.31
S03,Hot afternoon running,7,23.9,542.7,Back Straight,Sector 2,59.57,0.0,11.2,6661.0,1.0,395.19,77.82
S03,Hot afternoon running,7,24.4,550.77,Back Straight,Sector 2,58.65,0.0,12.8,6586.0,0.2,394.45,77.51
S03,Hot afternoon running,7,24.9,558.76,Back Straight,Sector 2,57.46,0.2,13.7,6489.0,0.9,394.15,77.2
S03,Hot afternoon running,7,25.4,566.68,Technical Esses,Sector 2,57.51,2.7,14.7,6493.0,11.8,394.45,76.9
S03,Hot afternoon running,7,25.9,574.59,Technical Esses,Sector 2,57.44,0.0,12.4,6487.0,28.5,394.65,76.58
S03,Hot afternoon running,7,26.4,582.51,Technical Esses,Sector 2,57.49,0.0,14.1,6491.0,38.9,394.68,76.29
S03,Hot afternoon running,7,26.9,590.44,Technical Esses,Sector 2,57.72,5.3,15.7,6510.0,54.9,394.86,76.01
S03,Hot afternoon running,7,27.4,598.38,Technical Esses,Sector 2,57.56,0.7,14.1,6497.0,65.7,395.1,75.71
S03,Hot afternoon running,7,27.9,606.31,Technical Esses,Sector 2,57.62,0.0,12.5,6502.0,74.7,395.1,75.42
S03,Hot afternoon running,7,28.4,614.25,Technical Esses,Sector 2,57.66,4.3,15.3,6505.0,82.0,394.17,75.15
S03,Hot afternoon running,7,28.9,622.18,Technical Esses,Sector 2,57.47,0.0,17.9,6490.0,87.2,394.65,74.85
S03,Hot afternoon running,7,29.4,630.1,Technical Esses,Sector 2,57.35,0.5,14.5,6479.0,89.1,394.42,74.57
S03,Hot afternoon running,7,29.9,638.04,Technical Esses,Sector 2,57.38,0.8,13.5,6482.0,86.1,395.03,74.29
S03,Hot afternoon running,7,30.4,645.93,Technical Esses,Sector 2,57.2,0.1,16.7,6468.0,83.5,394.72,74.01
S03,Hot afternoon running,7,30.9,653.82,Technical Esses,Sector 2,57.01,35.4,0.0,6452.0,79.5,391.33,73.8
S03,Hot afternoon running,7,31.4,661.74,Technical Esses,Sector 2,56.95,35.8,0.0,6447.0,65.9,390.24,73.53
S03,Hot afternoon running,7,31.9,669.66,Technical Esses,Sector 2,56.67,30.0,0.0,6425.0,55.7,391.78,73.25
S03,Hot afternoon running,7,32.4,677.58,Technical Esses,Sector 2,56.46,32.3,0.0,6407.0,41.8,391.66,72.99
S03,Hot afternoon running,7,32.9,685.51,Technical Esses,Sector 2,57.5,0.0,11.5,6492.0,25.7,394.44,72.71
S03,Hot afternoon running,7,33.4,693.45,Technical Esses,Sector 2,57.63,3.4,11.7,6502.0,18.7,394.36,72.46
S03,Hot afternoon running,7,33.9,701.36,Long Straight,Sector 3,56.45,95.0,0.0,6406.0,-0.7,385.83,72.31
S03,Hot afternoon running,7,34.4,709.9,Long Straight,Sector 3,64.81,98.8,0.0,7088.0,1.1,384.57,72.78
S03,Hot afternoon running,7,34.9,719.53,Long Straight,Sector 3,72.23,97.6,0.0,7694.0,2.5,383.83,73.32
S03,Hot afternoon running,7,35.4,730.11,Long Straight,Sector 3,78.74,99.7,0.0,8225.0,-0.8,384.43,73.92
S03,Hot afternoon running,7,35.9,741.54,Long Straight,Sector 3,84.56,99.4,0.0,8700.0,-1.0,383.42,74.59
S03,Hot afternoon running,7,36.4,753.72,Long Straight,Sector 3,89.65,100.0,0.0,9116.0,0.0,383.32,75.32
S03,Hot afternoon running,7,36.9,766.55,Long Straight,Sector 3,94.08,100.0,0.0,9477.0,-0.4,383.03,76.09
S03,Hot afternoon running,7,37.4,779.93,Long Straight,Sector 3,97.86,97.3,0.0,9785.0,-2.1,383.06,76.88
S03,Hot afternoon running,7,37.9,793.8,Long Straight,Sector 3,101.14,98.3,0.0,10053.0,-2.4,383.35,77.72
S03,Hot afternoon running,7,38.4,808.09,Long Straight,Sector 3,103.95,97.3,0.0,10283.0,-0.6,381.92,78.57
S03,Hot afternoon running,7,38.9,822.73,Long Straight,Sector 3,106.3,100.0,0.0,10474.0,-0.9,382.26,79.42
S03,Hot afternoon running,7,39.4,837.67,Long Straight,Sector 3,108.36,100.0,0.0,10642.0,1.5,382.9,80.3
S03,Hot afternoon running,7,39.9,852.87,Long Straight,Sector 3,110.11,100.0,0.0,10785.0,-0.3,381.46,81.2
S03,Hot afternoon running,7,40.4,868.29,Long Straight,Sector 3,111.59,100.0,0.0,10906.0,4.3,381.17,82.09
S03,Hot afternoon running,7,40.9,882.43,Long Straight,Sector 3,91.78,0.3,98.4,9289.0,-1.9,394.36,81.56
S03,Hot afternoon running,7,41.4,893.1,Long Straight,Sector 3,66.74,0.0,99.1,7246.0,-0.5,394.54,81.04
S03,Hot afternoon running,7,41.9,900.54,Long Straight,Sector 3,47.17,4.8,39.3,5649.0,-0.7,394.38,80.53
S03,Hot afternoon running,7,42.4,906.51,Long Straight,Sector 3,41.25,0.2,12.2,5166.0,-1.9,395.27,80.01
S03,Hot afternoon running,7,42.9,912.09,Long Straight,Sector 3,40.09,0.0,14.4,5072.0,-0.9,394.75,79.64
S03,Hot afternoon running,7,43.4,917.68,Long Straight,Sector 3,39.47,99.9,0.0,5021.0,-1.2,385.87,79.39
S03,Hot afternoon running,7,43.9,923.26,Hairpin,Sector 3,39.51,28.1,0.0,5024.0,-11.1,392.56,78.97
S03,Hot afternoon running,7,44.4,928.78,Hairpin,Sector 3,39.46,28.6,0.0,5020.0,-34.5,391.92,78.58
S03,Hot afternoon running,7,44.9,934.29,Hairpin,Sector 3,39.43,27.0,0.0,5018.0,-55.3,391.55,78.2
S03,Hot afternoon running,7,45.4,939.84,Hairpin,Sector 3,39.58,29.8,0.0,5030.0,-77.1,392.38,77.83
S03,Hot afternoon running,7,45.9,945.34,Hairpin,Sector 3,39.65,31.0,0.0,5035.0,-89.1,392.85,77.46
S03,Hot afternoon running,7,46.4,950.89,Hairpin,Sector 3,40.11,0.0,16.0,5073.0,-103.3,394.47,77.06
S03,Hot afternoon running,7,46.9,956.42,Hairpin,Sector 3,40.06,0.0,18.0,5069.0,-113.2,394.95,76.7
S03,Hot afternoon running,7,47.4,961.94,Hairpin,Sector 3,40.19,0.0,17.4,5079.0,-118.6,395.58,76.36
S03,Hot afternoon running,7,47.9,967.49,Hairpin,Sector 3,40.3,0.0,14.9,5088.0,-121.2,393.95,76.01
S03,Hot afternoon running,7,48.4,972.98,Hairpin,Sector 3,39.9,0.5,15.0,5056.0,-115.2,394.38,75.64
S03,Hot afternoon running,7,48.9,978.5,Hairpin,Sector 3,40.0,0.0,16.4,5064.0,-111.4,394.56,75.3
S03,Hot afternoon running,7,49.4,984.0,Hairpin,Sector 3,39.78,36.5,0.0,5046.0,-93.7,390.95,75.0
S03,Hot afternoon running,7,49.9,989.55,Hairpin,Sector 3,39.99,1.6,18.7,5063.0,-74.1,395.48,74.61
S03,Hot afternoon running,7,50.4,995.04,Hairpin,Sector 3,39.77,30.9,0.0,5045.0,-60.0,392.0,74.31
S03,Hot afternoon running,7,50.9,1000.58,Hairpin,Sector 3,39.85,26.2,0.0,5052.0,-34.1,391.56,73.98
S03,Hot afternoon running,7,51.4,1006.12,Hairpin,Sector 3,39.97,0.0,18.3,5062.0,-15.2,395.09,73.63
S03,Hot afternoon running,7,51.9,1011.65,Final Corner,Sector 3,40.87,85.2,0.0,5135.0,3.9,387.63,73.48
S03,Hot afternoon running,7,52.4,1018.01,Final Corner,Sector 3,49.01,77.1,0.0,5799.0,15.2,387.98,73.63
S03,Hot afternoon running,7,52.9,1025.41,Final Corner,Sector 3,56.04,81.1,0.0,6373.0,26.2,387.31,73.82
S03,Hot afternoon running,7,53.4,1033.77,Final Corner,Sector 3,62.77,80.6,0.0,6922.0,39.1,386.82,74.09
S03,Hot afternoon running,7,53.9,1043.0,Final Corner,Sector 3,68.86,77.8,0.0,7419.0,44.8,386.6,74.4
S03,Hot afternoon running,7,54.4,1053.01,Final Corner,Sector 3,73.77,36.8,0.0,7820.0,53.6,391.61,74.59
S03,Hot afternoon running,7,54.9,1063.42,Final Corner,Sector 3,75.63,0.8,14.1,7971.0,48.8,394.83,74.43
S03,Hot afternoon running,7,55.4,1073.88,Final Corner,Sector 3,75.5,39.6,0.0,7961.0,42.0,390.24,74.32
S03,Hot afternoon running,7,55.9,1084.35,Final Corner,Sector 3,74.97,33.4,0.0,7917.0,29.9,391.37,74.11
S03,Hot afternoon running,7,56.4,1094.83,Final Corner,Sector 3,75.75,0.0,16.4,7981.0,10.5,394.62,73.91
S03,Hot afternoon running,8,0.2,4.31,Main Straight,Sector 1,78.2,100.0,0.0,8181.0,-0.9,382.11,74.25
S03,Hot afternoon running,8,0.7,15.67,Main Straight,Sector 1,84.11,100.0,0.0,8663.0,-0.7,383.69,74.92
S03,Hot afternoon running,8,1.2,27.79,Main Straight,Sector 1,89.22,100.0,0.0,9080.0,2.7,382.73,75.63
S03,Hot afternoon running,8,1.7,40.56,Main Straight,Sector 1,93.68,98.2,0.0,9444.0,-0.4,381.86,76.38
S03,Hot afternoon running,8,2.2,53.9,Main Straight,Sector 1,97.53,100.0,0.0,9758.0,3.4,381.74,77.18
S03,Hot afternoon running,8,2.7,67.72,Main Straight,Sector 1,100.85,98.8,0.0,10030.0,0.1,382.08,78.0
S03,Hot afternoon running,8,3.2,81.97,Main Straight,Sector 1,103.66,100.0,0.0,10258.0,0.7,381.64,78.83
S03,Hot afternoon running,8,3.7,96.57,Main Straight,Sector 1,106.07,99.3,0.0,10455.0,-0.2,381.75,79.68
S03,Hot afternoon running,8,4.2,111.48,Main Straight,Sector 1,108.17,100.0,0.0,10627.0,3.3,380.95,80.57
S03,Hot afternoon running,8,4.7,126.66,Main Straight,Sector 1,109.94,99.9,0.0,10771.0,-0.8,380.93,81.45
S03,Hot afternoon running,8,5.2,142.06,Main Straight,Sector 1,111.48,99.0,0.0,10896.0,1.0,380.99,82.35
S03,Hot afternoon running,8,5.7,157.65,Main Straight,Sector 1,112.74,40.7,0.0,11000.0,-1.7,388.71,83.06
S03,Hot afternoon running,8,6.2,173.17,Main Straight,Sector 1,107.78,1.8,93.8,10595.0,-2.3,395.06,82.9
S03,Hot afternoon running,8,6.7,186.48,Main Straight,Sector 1,89.46,0.0,42.6,9100.0,2.8,394.79,82.36
S03,Hot afternoon running,8,7.2,198.1,Main Straight,Sector 1,80.71,0.8,24.6,8386.0,1.6,394.32,81.83
S03,Hot afternoon running,8,7.7,208.89,Main Straight,Sector 1,76.18,0.0,15.6,8017.0,-1.6,393.02,81.3
S03,Hot afternoon running,8,8.2,219.17,Main Straight,Sector 1,72.58,100.0,0.0,7723.0,-1.4,384.33,80.99
S03,Hot afternoon running,8,8.7,229.29,Turn 1 Braking Zone,Sector 1,72.1,33.7,0.0,7683.0,3.3,390.37,80.62
S03,Hot afternoon running,8,9.2,239.06,Turn 1 Braking Zone,Sector 1,68.39,0.0,15.5,7381.0,-0.2,395.01,80.1
S03,Hot afternoon running,8,9.7,248.21,Turn 1 Braking Zone,Sector 1,64.24,73.8,0.0,7042.0,-1.0,387.94,79.73
S03,Hot afternoon running,8,10.2,257.21,Turn 1 Braking Zone,Sector 1,64.54,0.1,14.6,7067.0,1.7,394.27,79.38
S03,Hot afternoon running,8,10.7,266.18,Turn 1 Braking Zone,Sector 1,64.41,0.0,11.9,7056.0,-1.2,395.1,79.16
S03,Hot afternoon running,8,11.2,275.12,Turn 1 Braking Zone,Sector 1,64.92,3.3,13.6,7098.0,-0.9,393.45,78.96
S03,Hot afternoon running,8,11.7,284.08,Turn 1 Medium Left,Sector 1,64.26,34.6,0.0,7043.0,-10.3,390.84,78.74
S03,Hot afternoon running,8,12.2,293.0,Turn 1 Medium Left,Sector 1,64.38,0.0,14.1,7054.0,-30.0,394.19,78.38
S03,Hot afternoon running,8,12.7,301.91,Turn 1 Medium Left,Sector 1,64.32,0.6,12.5,7049.0,-41.5,393.76,78.08
S03,Hot afternoon running,8,13.2,310.82,Turn 1 Medium Left,Sector 1,64.42,0.3,10.3,7056.0,-56.6,394.22,77.79
S03,Hot afternoon running,8,13.7,319.74,Turn 1 Medium Left,Sector 1,64.35,0.0,15.8,7051.0,-65.6,395.36,77.51
S03,Hot afternoon running,8,14.2,328.61,Turn 1 Medium Left,Sector 1,63.95,34.5,0.0,7018.0,-70.3,390.35,77.27
S03,Hot afternoon running,8,14.7,337.49,Turn 1 Medium Left,Sector 1,63.49,38.1,0.0,6981.0,-69.6,390.43,76.98
S03,Hot afternoon running,8,15.2,346.39,Turn 1 Medium Left,Sector 1,64.47,3.4,17.4,7061.0,-67.8,392.79,76.71
S03,Hot afternoon running,8,15.7,355.29,Turn 1 Medium Left,Sector 1,64.32,0.0,14.8,7048.0,-63.0,393.93,76.44
S03,Hot afternoon running,8,16.2,364.19,Turn 1 Medium Left,Sector 1,64.36,0.0,17.7,7052.0,-49.6,393.79,76.18
S03,Hot afternoon running,8,16.7,373.07,Turn 1 Medium Left,Sector 1,64.13,35.6,0.0,7033.0,-32.7,390.99,75.97
S03,Hot afternoon running,8,17.2,382.0,Turn 1 Medium Left,Sector 1,63.92,30.2,0.0,7015.0,-16.0,390.86,75.69
S03,Hot afternoon running,8,17.7,390.92,Back Straight,Sector 2,64.48,100.0,0.0,7062.0,-2.5,384.35,75.58
S03,Hot afternoon running,8,18.2,400.51,Back Straight,Sector 2,72.05,100.0,0.0,7679.0,1.5,382.97,76.1
S03,Hot afternoon running,8,18.7,411.09,Back Straight,Sector 2,78.71,100.0,0.0,8223.0,-1.1,383.56,76.68
S03,Hot afternoon running,8,19.2,422.51,Back Straight,Sector 2,84.56,100.0,0.0,8700.0,-0.9,383.25,77.33
S03,Hot afternoon running,8,19.7,434.69,Back Straight,Sector 2,89.68,95.0,0.0,9118.0,-0.2,381.66,78.02
S03,Hot afternoon running,8,20.2,447.52,Back Straight,Sector 2,94.07,93.5,0.0,9476.0,1.4,382.64,78.75
S03,Hot afternoon running,8,20.7,460.85,Back Straight,Sector 2,96.72,40.5,0.0,9693.0,0.6,389.62,79.05
S03,Hot afternoon running,8,21.2,474.37,Back Straight,Sector 2,97.78,35.3,0.0,9779.0,1.4,388.61,79.09
S03,Hot afternoon running,8,21.7,488.02,Back Straight,Sector 2,98.63,39.4,0.0,9848.0,0.3,388.99,79.11
S03,Hot afternoon running,8,22.2,501.79,Back Straight,Sector 2,99.5,42.0,0.0,9919.0,-2.0,389.79,79.15
S03,Hot afternoon running,8,22.7,515.25,Back Straight,Sector 2,90.03,2.4,98.4,9146.0,-1.1,393.96,78.87
S03,Hot afternoon running,8,23.2,525.97,Back Straight,Sector 2,70.61,0.0,46.5,7561.0,-0.4,394.01,78.38
S03,Hot afternoon running,8,23.7,534.97,Back Straight,Sector 2,61.85,0.0,16.2,6847.0,-0.2,394.27,77.9
S03,Hot afternoon running,8,24.2,543.24,Back Straight,Sector 2,57.88,1.0,11.7,6523.0,0.8,394.13,77.41
S03,Hot afternoon running,8,24.7,551.26,Back Straight,Sector 2,56.88,100.0,0.0,6441.0,-3.6,385.24,77.28
S03,Hot afternoon running,8,25.2,559.32,Back Straight,Sector 2,57.98,1.3,13.9,6531.0,-1.6,394.36,76.97
S03,Hot afternoon running,8,25.7,567.29,Technical Esses,Sector 2,57.78,1.1,17.1,6515.0,16.8,394.31,76.67
S03,Hot afternoon running,8,26.2,575.22,Technical Esses,Sector 2,57.47,3.4,14.3,6490.0,32.4,393.81,76.37
S03,Hot afternoon running,8,26.7,583.17,Technical Esses,Sector 2,57.51,4.6,15.5,6493.0,44.4,394.15,76.07
S03,Hot afternoon running,8,27.2,591.12,Technical Esses,Sector 2,57.5,3.9,17.7,6492.0,57.2,393.55,75.78
S03,Hot afternoon running,8,27.7,599.05,Technical Esses,Sector 2,57.22,36.2,0.0,6469.0,67.4,389.91,75.54
S03,Hot afternoon running,8,28.2,607.0,Technical Esses,Sector 2,57.31,32.8,0.0,6476.0,74.5,391.06,75.27
S03,Hot afternoon running,8,28.7,614.95,Technical Esses,Sector 2,57.22,33.6,0.0,6469.0,84.8,390.51,74.98
S03,Hot afternoon running,8,29.2,622.89,Technical Esses,Sector 2,57.3,34.2,0.0,6475.0,84.8,390.53,74.71
S03,Hot afternoon running,8,29.7,630.83,Technical Esses,Sector 2,57.07,28.3,0.0,6457.0,91.4,392.17,74.43
S03,Hot afternoon running,8,30.2,638.76,Technical Esses,Sector 2,57.19,29.7,0.0,6466.0,88.6,391.72,74.14
S03,Hot afternoon running,8,30.7,646.69,Technical Esses,Sector 2,56.77,34.5,0.0,6433.0,83.4,390.79,73.85
S03,Hot afternoon running,8,31.2,654.65,Technical Esses,Sector 2,56.74,30.0,0.0,6430.0,79.5,390.29,73.57
S03,Hot afternoon running,8,31.7,662.58,Technical Esses,Sector 2,56.71,33.4,0.0,6427.0,69.4,391.46,73.31
S03,Hot afternoon running,8,32.2,670.54,Technical Esses,Sector 2,56.89,30.7,0.0,6442.0,56.6,391.32,73.05
S03,Hot afternoon running,8,32.7,678.49,Technical Esses,Sector 2,56.7,32.5,0.0,6427.0,44.0,391.53,72.79
S03,Hot afternoon running,8,33.2,686.45,Technical Esses,Sector 2,57.8,0.2,17.0,6517.0,27.2,394.21,72.53
S03,Hot afternoon running,8,33.7,694.43,Technical Esses,Sector 2,57.68,0.0,19.2,6507.0,13.3,393.5,72.27
S03,Hot afternoon running,8,34.2,702.4,Long Straight,Sector 3,58.55,100.0,0.0,6578.0,1.6,384.94,72.3
S03,Hot afternoon running,8,34.7,711.23,Long Straight,Sector 3,66.78,94.4,0.0,7249.0,0.8,384.67,72.78
S03,Hot afternoon running,8,35.2,721.11,Long Straight,Sector 3,73.97,99.1,0.0,7836.0,0.6,382.54,73.35
S03,Hot afternoon running,8,35.7,731.92,Long Straight,Sector 3,80.4,100.0,0.0,8361.0,-2.0,383.41,73.98
S03,Hot afternoon running,8,36.2,743.56,Long Straight,Sector 3,85.98,100.0,0.0,8816.0,1.3,383.85,74.67
S03,Hot afternoon running,8,36.7,755.92,Long Straight,Sector 3,90.82,98.1,0.0,9211.0,2.3,383.5,75.39
S03,Hot afternoon running,8,37.2,768.89,Long Straight,Sector 3,95.06,100.0,0.0,9557.0,-0.3,382.02,76.17
S03,Hot afternoon running,8,37.7,782.41,Long Straight,Sector 3,98.74,98.9,0.0,9857.0,0.9,382.18,76.98
S03,Hot afternoon running,8,38.2,796.39,Long Straight,Sector 3,101.91,99.0,0.0,10116.0,-1.3,381.12,77.83
S03,Hot afternoon running,8,38.7,810.77,Long Straight,Sector 3,104.6,96.0,0.0,10335.0,1.2,382.48,78.67
S03,Hot afternoon running,8,39.2,825.49,Long Straight,Sector 3,106.9,100.0,0.0,10523.0,-1.3,381.52,79.55
S03,Hot afternoon running,8,39.7,840.51,Long Straight,Sector 3,108.88,100.0,0.0,10685.0,-2.5,380.94,80.45
S03,Hot afternoon running,8,40.2,855.78,Long Straight,Sector 3,110.56,98.2,0.0,10822.0,0.8,381.4,81.34
S03,Hot afternoon running,8,40.7,871.25,Long Straight,Sector 3,112.0,0.0,97.0,10939.0,-2.6,393.74,81.96
S03,Hot afternoon running,8,41.2,884.73,Long Straight,Sector 3,86.97,0.7,100.0,8897.0,1.4,394.39,81.44
S03,Hot afternoon running,8,41.7,894.71,Long Straight,Sector 3,61.83,0.0,100.0,6845.0,-1.1,395.04,80.91
S03,Hot afternoon running,8,42.2,901.71,Long Straight,Sector 3,45.12,6.6,28.9,5482.0,-1.1,393.17,80.41
S03,Hot afternoon running,8,42.7,907.5,Long Straight,Sector 3,40.09,0.0,15.5,5072.0,1.4,394.32,79.9
S03,Hot afternoon running,8,43.2,913.07,Long Straight,Sector 3,39.16,100.0,0.0,4996.0,2.3,385.34,79.65
S03,Hot afternoon running,8,43.7,918.73,Long Straight,Sector 3,41.01,0.0,11.9,5147.0,1.3,394.33,79.29
S03,Hot afternoon running,8,44.2,924.24,Hairpin,Sector 3,38.9,34.1,0.0,4974.0,-18.1,392.2,78.87
S03,Hot afternoon running,8,44.7,929.72,Hairpin,Sector 3,38.77,31.7,0.0,4963.0,-45.0,391.26,78.5
S03,Hot afternoon running,8,45.2,935.19,Hairpin,Sector 3,38.84,34.0,0.0,4969.0,-58.9,391.8,78.13
S03,Hot afternoon running,8,45.7,940.68,Hairpin,Sector 3,39.97,3.1,18.1,5061.0,-77.6,392.53,77.76
S03,Hot afternoon running,8,46.2,946.15,Hairpin,Sector 3,39.49,27.8,0.0,5022.0,-94.7,392.82,77.4
S03,Hot afternoon running,8,46.7,951.65,Hairpin,Sector 3,39.72,0.0,17.2,5041.0,-107.7,393.51,77.02
S03,Hot afternoon running,8,47.2,957.12,Hairpin,Sector 3,39.69,0.0,17.8,5039.0,-116.8,393.86,76.66
S03,Hot afternoon running,8,47.7,962.58,Hairpin,Sector 3,39.55,30.1,0.0,5027.0,-116.0,391.29,76.34
S03,Hot afternoon running,8,48.2,968.07,Hairpin,Sector 3,39.5,30.5,0.0,5023.0,-115.7,391.5,75.99
S03,Hot afternoon running,8,48.7,973.53,Hairpin,Sector 3,39.09,29.6,0.0,4989.0,-115.1,392.26,75.63
S03,Hot afternoon running,8,49.2,979.01,Hairpin,Sector 3,38.85,29.6,0.0,4970.0,-110.1,392.55,75.28
S03,Hot afternoon running,8,49.7,984.49,Hairpin,Sector 3,39.06,29.9,0.0,4987.0,-91.7,391.41,74.93
S03,Hot afternoon running,8,50.2,990.0,Hairpin,Sector 3,40.06,0.0,10.9,5069.0,-77.7,394.14,74.6
S03,Hot afternoon running,8,50.7,995.48,Hairpin,Sector 3,38.82,33.0,0.0,4968.0,-63.7,390.78,74.27
S03,Hot afternoon running,8,51.2,1000.97,Hairpin,Sector 3,39.11,30.2,0.0,4991.0,-38.2,392.74,73.94
S03,Hot afternoon running,8,51.7,1006.42,Hairpin,Sector 3,38.92,27.3,0.0,4976.0,-16.0,391.94,73.6
S03,Hot afternoon running,8,52.2,1011.93,Final Corner,Sector 3,41.04,75.8,0.0,5149.0,4.2,387.4,73.44
S03,Hot afternoon running,8,52.7,1018.27,Final Corner,Sector 3,48.69,79.9,0.0,5773.0,16.1,385.71,73.58
S03,Hot afternoon running,8,53.2,1025.65,Final Corner,Sector 3,56.02,73.4,0.0,6371.0,28.4,387.54,73.77
S03,Hot afternoon running,8,53.7,1033.97,Final Corner,Sector 3,62.6,81.5,0.0,6908.0,41.2,385.21,74.04
S03,Hot afternoon running,8,54.2,1043.2,Final Corner,Sector 3,68.9,77.3,0.0,7422.0,49.6,385.49,74.37
S03,Hot afternoon running,8,54.7,1053.16,Final Corner,Sector 3,72.86,37.5,0.0,7746.0,50.7,390.11,74.44
S03,Hot afternoon running,8,55.2,1063.44,Final Corner,Sector 3,74.87,36.2,0.0,7910.0,50.9,389.84,74.37
S03,Hot afternoon running,8,55.7,1073.85,Final Corner,Sector 3,74.58,38.4,0.0,7886.0,42.0,390.1,74.17
S03,Hot afternoon running,8,56.2,1084.26,Final Corner,Sector 3,74.42,37.2,0.0,7873.0,30.9,390.93,73.96
S03,Hot afternoon running,8,56.7,1094.67,Final Corner,Sector 3,75.27,0.0,17.8,7942.0,9.2,394.67,73.74
S04,Cooling system degraded,1,0.2,0.2,Main Straight,Sector 1,4.95,100.0,0.0,2204.0,1.8,391.67,47.1
S04,Cooling system degraded,1,0.7,1.92,Main Straight,Sector 1,17.25,100.0,0.0,3207.0,-2.0,391.56,47.39
S04,Cooling system degraded,1,1.2,5.31,Main Straight,Sector 1,29.04,100.0,0.0,4169.0,2.0,390.01,47.8
S04,Cooling system degraded,1,1.7,10.26,Main Straight,Sector 1,39.97,100.0,0.0,5062.0,-3.2,389.8,48.33
S04,Cooling system degraded,1,2.2,16.65,Main Straight,Sector 1,49.78,100.0,0.0,5862.0,-2.2,388.67,48.96
S04,Cooling system degraded,1,2.7,24.34,Main Straight,Sector 1,58.92,95.0,0.0,6608.0,-0.6,388.36,49.69
S04,Cooling system degraded,1,3.2,33.2,Main Straight,Sector 1,67.02,100.0,0.0,7269.0,-0.6,387.67,50.52
S04,Cooling system degraded,1,3.7,43.12,Main Straight,Sector 1,74.26,94.5,0.0,7859.0,2.3,388.62,51.41
S04,Cooling system degraded,1,4.2,53.96,Main Straight,Sector 1,80.57,100.0,0.0,8375.0,-1.1,387.06,52.38
S04,Cooling system degraded,1,4.7,65.63,Main Straight,Sector 1,86.17,100.0,0.0,8831.0,0.1,386.89,53.4
S04,Cooling system degraded,1,5.2,78.01,Main Straight,Sector 1,91.04,100.0,0.0,9229.0,-0.7,387.28,54.48
S04,Cooling system degraded,1,5.7,91.02,Main Straight,Sector 1,95.27,97.8,0.0,9574.0,0.6,384.88,55.6
S04,Cooling system degraded,1,6.2,104.56,Main Straight,Sector 1,98.87,100.0,0.0,9868.0,-1.5,384.91,56.75
S04,Cooling system degraded,1,6.7,118.55,Main Straight,Sector 1,101.93,98.3,0.0,10117.0,-1.7,385.55,57.91
S04,Cooling system degraded,1,7.2,132.93,Main Straight,Sector 1,104.62,100.0,0.0,10337.0,-1.4,385.6,59.12
S04,Cooling system degraded,1,7.7,147.66,Main Straight,Sector 1,106.92,98.6,0.0,10524.0,1.6,385.4,60.34
S04,Cooling system degraded,1,8.2,162.68,Main Straight,Sector 1,108.89,100.0,0.0,10685.0,-0.2,384.82,61.59
S04,Cooling system degraded,1,8.7,177.52,Main Straight,Sector 1,100.6,3.3,80.1,10009.0,-0.5,397.28,62.01
S04,Cooling system degraded,1,9.2,190.13,Main Straight,Sector 1,85.88,0.1,37.8,8808.0,-1.4,397.46,61.86
S04,Cooling system degraded,1,9.7,201.39,Main Straight,Sector 1,78.47,0.0,24.1,8203.0,0.6,398.46,61.71
S04,Cooling system degraded,1,10.2,211.88,Main Straight,Sector 1,73.87,3.5,15.4,7828.0,-1.4,397.49,61.56
S04,Cooling system degraded,1,10.7,221.97,Turn 1 Braking Zone,Sector 1,72.44,0.0,16.5,7711.0,-0.8,398.15,61.6
S04,Cooling system degraded,1,11.2,231.97,Turn 1 Braking Zone,Sector 1,72.04,0.0,25.5,7679.0,0.1,397.76,61.65
S04,Cooling system degraded,1,11.7,241.5,Turn 1 Braking Zone,Sector 1,66.85,0.7,13.9,7255.0,0.2,397.94,61.5
S04,Cooling system degraded,1,12.2,250.53,Turn 1 Braking Zone,Sector 1,65.17,0.0,15.9,7118.0,0.8,397.42,61.51
S04,Cooling system degraded,1,12.7,259.42,Turn 1 Braking Zone,Sector 1,63.28,80.1,0.0,6964.0,-2.7,389.94,61.65
S04,Cooling system degraded,1,13.2,268.32,Turn 1 Braking Zone,Sector 1,63.23,81.1,0.0,6960.0,-0.8,389.71,61.79
S04,Cooling system degraded,1,13.7,277.23,Turn 1 Braking Zone,Sector 1,63.41,79.1,0.0,6974.0,-0.6,390.43,61.92
S04,Cooling system degraded,1,14.2,286.11,Turn 1 Medium Left,Sector 1,63.28,38.9,0.0,6964.0,-10.8,393.73,61.92
S04,Cooling system degraded,1,14.7,294.97,Turn 1 Medium Left,Sector 1,63.24,34.4,0.0,6960.0,-30.0,394.44,61.94
S04,Cooling system degraded,1,15.2,303.83,Turn 1 Medium Left,Sector 1,64.17,4.4,16.4,7036.0,-42.8,397.22,61.97
S04,Cooling system degraded,1,15.7,312.68,Turn 1 Medium Left,Sector 1,63.98,0.0,13.0,7021.0,-54.4,397.2,61.99
S04,Cooling system degraded,1,16.2,321.52,Turn 1 Medium Left,Sector 1,63.74,31.6,0.0,7001.0,-65.3,394.09,62.08
S04,Cooling system degraded,1,16.7,330.38,Turn 1 Medium Left,Sector 1,63.4,34.2,0.0,6973.0,-70.2,395.92,62.13
S04,Cooling system degraded,1,17.2,339.25,Turn 1 Medium Left,Sector 1,63.26,35.4,0.0,6962.0,-68.8,395.33,62.17
S04,Cooling system degraded,1,17.7,348.12,Turn 1 Medium Left,Sector 1,64.27,0.0,15.0,7044.0,-65.5,398.97,62.2
S04,Cooling system degraded,1,18.2,357.01,Turn 1 Medium Left,Sector 1,64.31,3.1,12.3,7047.0,-59.7,398.29,62.26
S04,Cooling system degraded,1,18.7,365.87,Turn 1 Medium Left,Sector 1,64.05,0.0,16.9,7027.0,-44.4,397.7,62.28
S04,Cooling system degraded,1,19.2,374.7,Turn 1 Medium Left,Sector 1,63.65,34.2,0.0,6994.0,-30.7,394.49,62.38
S04,Cooling system degraded,1,19.7,383.55,Turn 1 Medium Left,Sector 1,63.55,40.7,0.0,6985.0,-13.3,394.28,62.42
S04,Cooling system degraded,1,20.2,392.48,Back Straight,Sector 2,65.82,99.8,0.0,7171.0,0.2,388.18,62.76
S04,Cooling system degraded,1,20.7,402.25,Back Straight,Sector 2,73.21,95.2,0.0,7774.0,-1.8,387.79,63.58
S04,Cooling system degraded,1,21.2,412.95,Back Straight,Sector 2,79.6,98.7,0.0,8295.0,-1.9,387.07,64.47
S04,Cooling system degraded,1,21.7,424.49,Back Straight,Sector 2,85.24,100.0,0.0,8755.0,-2.2,386.63,65.41
S04,Cooling system degraded,1,22.2,436.75,Back Straight,Sector 2,90.24,100.0,0.0,9163.0,2.6,387.03,66.43
S04,Cooling system degraded,1,22.7,449.65,Back Straight,Sector 2,94.53,100.0,0.0,9513.0,-0.4,385.34,67.47
S04,Cooling system degraded,1,23.2,463.01,Back Straight,Sector 2,96.75,42.7,0.0,9695.0,-2.2,393.46,67.97
S04,Cooling system degraded,1,23.7,476.54,Back Straight,Sector 2,97.79,42.3,0.0,9779.0,-2.3,392.04,68.33
S04,Cooling system degraded,1,24.2,490.2,Back Straight,Sector 2,98.7,43.1,0.0,9854.0,-0.8,393.57,68.67
S04,Cooling system degraded,1,24.7,503.98,Back Straight,Sector 2,99.66,44.7,0.0,9932.0,-1.0,392.08,69.05
S04,Cooling system degraded,1,25.2,517.47,Back Straight,Sector 2,90.3,4.3,100.0,9168.0,-1.4,398.09,69.09
S04,Cooling system degraded,1,25.7,528.14,Back Straight,Sector 2,69.87,2.4,42.2,7501.0,2.3,397.93,68.9
S04,Cooling system degraded,1,26.2,537.07,Back Straight,Sector 2,61.42,0.0,20.8,6812.0,-0.7,397.8,68.71
S04,Cooling system degraded,1,26.7,545.25,Back Straight,Sector 2,57.42,0.0,12.6,6485.0,-1.5,398.09,68.52
S04,Cooling system degraded,1,27.2,553.11,Back Straight,Sector 2,55.98,100.0,0.0,6368.0,-2.8,388.94,68.67
S04,Cooling system degraded,1,27.7,561.05,Technical Esses,Sector 2,57.0,0.0,17.4,6451.0,2.5,398.35,68.65
S04,Cooling system degraded,1,28.2,568.87,Technical Esses,Sector 2,56.78,0.0,14.2,6433.0,20.4,399.04,68.62
S04,Cooling system degraded,1,28.7,576.66,Technical Esses,Sector 2,55.76,27.7,0.0,6350.0,30.1,395.02,68.59
S04,Cooling system degraded,1,29.2,584.49,Technical Esses,Sector 2,56.86,0.0,14.6,6440.0,43.7,398.13,68.57
S04,Cooling system degraded,1,29.7,592.32,Technical Esses,Sector 2,56.74,0.0,14.6,6430.0,63.2,397.91,68.54
S04,Cooling system degraded,1,30.2,600.13,Technical Esses,Sector 2,56.66,1.2,13.1,6423.0,70.6,397.75,68.52
S04,Cooling system degraded,1,30.7,607.93,Technical Esses,Sector 2,56.59,1.4,13.8,6418.0,80.4,398.05,68.49
S04,Cooling system degraded,1,31.2,615.76,Technical Esses,Sector 2,56.67,3.6,17.3,6424.0,89.9,397.4,68.47
S04,Cooling system degraded,1,31.7,623.58,Technical Esses,Sector 2,56.51,0.0,13.4,6412.0,91.8,398.4,68.45
S04,Cooling system degraded,1,32.2,631.39,Technical Esses,Sector 2,56.51,0.7,10.9,6411.0,89.1,398.1,68.41
S04,Cooling system degraded,1,32.7,639.22,Technical Esses,Sector 2,56.65,2.9,15.8,6423.0,88.3,397.33,68.38
S04,Cooling system degraded,1,33.2,647.04,Technical Esses,Sector 2,56.5,2.8,17.6,6410.0,84.3,397.7,68.36
S04,Cooling system degraded,1,33.7,654.83,Technical Esses,Sector 2,56.18,27.3,0.0,6384.0,79.2,395.23,68.38
S04,Cooling system degraded,1,34.2,662.63,Technical Esses,Sector 2,56.74,2.6,14.4,6430.0,69.5,397.65,68.35
S04,Cooling system degraded,1,34.7,670.45,Technical Esses,Sector 2,56.8,3.2,12.5,6435.0,57.7,398.33,68.33
S04,Cooling system degraded,1,35.2,678.27,Technical Esses,Sector 2,56.81,1.7,14.6,6436.0,43.3,397.59,68.31
S04,Cooling system degraded,1,35.7,686.08,Technical Esses,Sector 2,55.9,35.9,0.0,6361.0,28.7,394.95,68.3
S04,Cooling system degraded,1,36.2,693.87,Technical Esses,Sector 2,55.88,32.1,0.0,6360.0,14.1,393.72,68.29
S04,Cooling system degraded,1,36.7,701.74,Long Straight,Sector 3,58.03,99.3,0.0,6535.0,3.3,388.83,68.54
S04,Cooling system degraded,1,37.2,710.5,Long Straight,Sector 3,66.27,93.8,0.0,7208.0,-0.9,388.11,69.25
S04,Cooling system degraded,1,37.7,720.31,Long Straight,Sector 3,73.5,99.9,0.0,7798.0,-0.7,387.23,70.05
S04,Cooling system degraded,1,38.2,731.07,Long Straight,Sector 3,79.95,100.0,0.0,8324.0,-1.2,386.39,70.92
S04,Cooling system degraded,1,38.7,742.66,Long Straight,Sector 3,85.65,96.5,0.0,8789.0,-1.4,386.77,71.85
S04,Cooling system degraded,1,39.2,754.96,Long Straight,Sector 3,90.48,99.6,0.0,9183.0,-0.8,386.57,72.81
S04,Cooling system degraded,1,39.7,767.89,Long Straight,Sector 3,94.75,100.0,0.0,9531.0,2.0,385.86,73.83
S04,Cooling system degraded,1,40.2,781.37,Long Straight,Sector 3,98.49,99.4,0.0,9837.0,-1.1,385.14,74.9
S04,Cooling system degraded,1,40.7,795.32,Long Straight,Sector 3,101.66,95.6,0.0,10096.0,1.0,385.94,75.98
S04,Cooling system degraded,1,41.2,809.66,Long Straight,Sector 3,104.35,98.1,0.0,10315.0,-0.4,385.19,77.09
S04,Cooling system degraded,1,41.7,824.36,Long Straight,Sector 3,106.71,98.0,0.0,10508.0,-1.1,384.89,78.23
S04,Cooling system degraded,1,42.2,839.35,Long Straight,Sector 3,108.69,100.0,0.0,10669.0,1.4,385.21,79.38
S04,Cooling system degraded,1,42.7,854.59,Long Straight,Sector 3,110.39,98.0,0.0,10808.0,-0.1,385.8,80.54
S04,Cooling system degraded,1,43.2,870.04,Long Straight,Sector 3,111.84,0.1,100.0,10926.0,-0.8,397.72,81.43
S04,Cooling system degraded,1,43.7,883.48,Long Straight,Sector 3,86.64,0.0,100.0,8870.0,-2.4,398.04,81.2
S04,Cooling system degraded,1,44.2,893.42,Long Straight,Sector 3,61.52,3.5,95.5,6820.0,-2.4,397.38,80.96
S04,Cooling system degraded,1,44.7,900.3,Long Straight,Sector 3,44.25,0.0,28.9,5411.0,-1.6,397.69,80.7
S04,Cooling system degraded,1,45.2,906.01,Long Straight,Sector 3,39.74,0.0,14.7,5043.0,-2.3,398.48,80.45
S04,Cooling system degraded,1,45.7,911.54,Long Straight,Sector 3,38.84,98.9,0.0,4969.0,-2.1,390.94,80.46
S04,Cooling system degraded,1,46.2,917.08,Long Straight,Sector 3,40.64,0.0,15.6,5116.0,2.0,398.44,80.34
S04,Cooling system degraded,1,46.7,922.5,Hairpin,Sector 3,39.22,0.0,16.1,5000.0,-11.8,396.95,80.17
S04,Cooling system degraded,1,47.2,927.91,Hairpin,Sector 3,39.26,0.0,16.2,5004.0,-34.1,397.2,80.03
S04,Cooling system degraded,1,47.7,933.31,Hairpin,Sector 3,39.25,1.7,14.2,5003.0,-53.0,397.82,79.9
S04,Cooling system degraded,1,48.2,938.71,Hairpin,Sector 3,39.33,1.3,14.7,5009.0,-70.7,397.86,79.78
S04,Cooling system degraded,1,48.7,944.11,Hairpin,Sector 3,39.45,0.0,13.7,5019.0,-88.2,398.12,79.64
S04,Cooling system degraded,1,49.2,949.5,Hairpin,Sector 3,38.36,35.1,0.0,4930.0,-102.0,395.88,79.52
S04,Cooling system degraded,1,49.7,954.91,Hairpin,Sector 3,38.46,31.9,0.0,4938.0,-110.8,395.38,79.39
S04,Cooling system degraded,1,50.2,960.3,Hairpin,Sector 3,38.4,26.9,0.0,4933.0,-118.5,394.52,79.25
S04,Cooling system degraded,1,50.7,965.72,Hairpin,Sector 3,39.46,0.0,18.5,5020.0,-119.1,397.41,79.12
S04,Cooling system degraded,1,51.2,971.13,Hairpin,Sector 3,39.51,0.0,15.9,5024.0,-112.9,397.58,79.0
S04,Cooling system degraded,1,51.7,976.52,Hairpin,Sector 3,39.32,1.7,13.0,5008.0,-104.1,398.97,78.88
S04,Cooling system degraded,1,52.2,981.9,Hairpin,Sector 3,38.29,29.9,0.0,4925.0,-96.3,395.98,78.75
S04,Cooling system degraded,1,52.7,987.32,Hairpin,Sector 3,39.42,0.0,14.8,5016.0,-84.0,398.27,78.62
S04,Cooling system degraded,1,53.2,992.69,Hairpin,Sector 3,39.17,3.2,16.1,4996.0,-71.8,398.12,78.49
S04,Cooling system degraded,1,53.7,998.11,Hairpin,Sector 3,39.31,0.0,14.3,5008.0,-53.3,397.57,78.38
S04,Cooling system degraded,1,54.2,1003.52,Hairpin,Sector 3,39.27,3.5,19.7,5005.0,-26.5,397.96,78.25
S04,Cooling system degraded,1,54.7,1008.9,Hairpin,Sector 3,38.94,30.6,0.0,4977.0,-8.1,395.95,78.16
S04,Cooling system degraded,1,55.2,1014.58,Final Corner,Sector 3,43.66,81.0,0.0,5362.0,9.9,390.98,78.36
S04,Cooling system degraded,1,55.7,1021.31,Final Corner,Sector 3,51.52,78.9,0.0,6004.0,18.6,390.3,78.74
S04,Cooling system degraded,1,56.2,1029.06,Final Corner,Sector 3,58.62,82.1,0.0,6583.0,32.1,390.92,79.18
S04,Cooling system degraded,1,56.7,1037.75,Final Corner,Sector 3,65.15,79.3,0.0,7116.0,46.8,389.51,79.66
S04,Cooling system degraded,1,57.2,1047.3,Final Corner,Sector 3,71.05,34.9,0.0,7598.0,50.4,393.6,80.11
S04,Cooling system degraded,1,57.7,1057.33,Final Corner,Sector 3,73.04,34.7,0.0,7760.0,52.5,393.88,80.23
S04,Cooling system degraded,1,58.2,1067.57,Final Corner,Sector 3,73.9,37.3,0.0,7831.0,49.2,393.37,80.3
S04,Cooling system degraded,1,58.7,1077.84,Final Corner,Sector 3,73.56,38.3,0.0,7803.0,41.8,392.67,80.27
S04,Cooling system degraded,1,59.2,1088.06,Final Corner,Sector 3,73.23,38.3,0.0,7775.0,20.1,394.62,80.24
S04,Cooling system degraded,1,59.7,1098.29,Final Corner,Sector 3,73.97,2.0,18.3,7836.0,2.1,397.29,80.23
S04,Cooling system degraded,2,0.4,8.48,Main Straight,Sector 1,78.22,98.8,0.0,8183.0,1.7,387.14,81.01
S04,Cooling system degraded,2,0.9,19.85,Main Straight,Sector 1,84.12,100.0,0.0,8664.0,0.7,386.62,81.88
S04,Cooling system degraded,2,1.4,31.97,Main Straight,Sector 1,89.3,100.0,0.0,9087.0,2.5,386.15,82.8
S04,Cooling system degraded,2,1.9,44.75,Main Straight,Sector 1,93.72,100.0,0.0,9448.0,-0.4,384.77,83.76
S04,Cooling system degraded,2,2.4,58.09,Main Straight,Sector 1,97.56,97.9,0.0,9761.0,1.3,384.92,84.75
S04,Cooling system degraded,2,2.9,71.92,Main Straight,Sector 1,100.86,100.0,0.0,10030.0,1.3,384.41,85.79
S04,Cooling system degraded,2,3.4,86.17,Main Straight,Sector 1,103.68,96.5,0.0,10260.0,1.6,385.72,86.83
S04,Cooling system degraded,2,3.9,100.77,Main Straight,Sector 1,106.05,100.0,0.0,10454.0,2.9,385.44,87.89
S04,Cooling system degraded,2,4.4,115.68,Main Straight,Sector 1,108.12,100.0,0.0,10623.0,0.7,383.51,88.98
S04,Cooling system degraded,2,4.9,130.85,Main Straight,Sector 1,109.92,100.0,0.0,10769.0,-0.6,385.06,90.1
S04,Cooling system degraded,2,5.4,146.25,Main Straight,Sector 1,111.45,96.9,0.0,10894.0,-0.2,384.42,91.22
S04,Cooling system degraded,2,5.9,161.83,Main Straight,Sector 1,112.71,37.4,0.0,10997.0,-2.3,391.98,92.16
S04,Cooling system degraded,2,6.4,177.1,Main Straight,Sector 1,103.03,1.4,81.1,10207.0,1.4,396.39,92.28
S04,Cooling system degraded,2,6.9,189.94,Main Straight,Sector 1,86.79,0.0,45.3,8882.0,1.0,398.19,91.99
S04,Cooling system degraded,2,7.4,201.23,Main Straight,Sector 1,78.52,0.0,19.1,8207.0,-0.8,397.81,91.7
S04,Cooling system degraded,2,7.9,211.78,Main Straight,Sector 1,74.44,5.4,12.6,7874.0,0.8,397.17,91.4
S04,Cooling system degraded,2,8.4,221.9,Turn 1 Braking Zone,Sector 1,73.21,0.0,12.2,7774.0,0.2,398.06,91.3
S04,Cooling system degraded,2,8.9,231.94,Turn 1 Braking Zone,Sector 1,72.33,0.0,29.5,7702.0,3.2,397.26,91.14
S04,Cooling system degraded,2,9.4,241.49,Turn 1 Braking Zone,Sector 1,66.84,0.0,13.9,7254.0,0.4,397.06,90.84
S04,Cooling system degraded,2,9.9,250.47,Turn 1 Braking Zone,Sector 1,63.31,77.5,0.0,6966.0,1.3,389.67,90.69
S04,Cooling system degraded,2,10.4,259.36,Turn 1 Braking Zone,Sector 1,63.21,77.1,0.0,6958.0,0.4,389.4,90.68
S04,Cooling system degraded,2,10.9,268.25,Turn 1 Braking Zone,Sector 1,63.45,79.0,0.0,6977.0,-1.6,389.8,90.69
S04,Cooling system degraded,2,11.4,277.14,Turn 1 Braking Zone,Sector 1,63.75,77.3,0.0,7002.0,0.6,390.85,90.67
S04,Cooling system degraded,2,11.9,286.06,Turn 1 Medium Left,Sector 1,63.7,39.6,0.0,6998.0,-11.0,392.99,90.53
S04,Cooling system degraded,2,12.4,294.91,Turn 1 Medium Left,Sector 1,63.59,32.7,0.0,6989.0,-29.5,394.37,90.4
S04,Cooling system degraded,2,12.9,303.77,Turn 1 Medium Left,Sector 1,63.43,44.0,0.0,6976.0,-43.7,393.25,90.32
S04,Cooling system degraded,2,13.4,312.61,Turn 1 Medium Left,Sector 1,63.79,31.3,0.0,7005.0,-57.7,394.76,90.21
S04,Cooling system degraded,2,13.9,321.45,Turn 1 Medium Left,Sector 1,63.44,34.7,0.0,6977.0,-66.8,394.28,90.09
S04,Cooling system degraded,2,14.4,330.29,Turn 1 Medium Left,Sector 1,63.43,33.5,0.0,6976.0,-69.0,394.15,89.98
S04,Cooling system degraded,2,14.9,339.12,Turn 1 Medium Left,Sector 1,64.15,0.0,11.9,7035.0,-72.1,398.56,89.87
S04,Cooling system degraded,2,15.4,347.97,Turn 1 Medium Left,Sector 1,64.11,1.5,14.2,7032.0,-63.8,398.05,89.76
S04,Cooling system degraded,2,15.9,356.83,Turn 1 Medium Left,Sector 1,64.04,1.7,15.3,7026.0,-59.6,398.09,89.65
S04,Cooling system degraded,2,16.4,365.66,Turn 1 Medium Left,Sector 1,63.49,36.4,0.0,6981.0,-43.5,393.43,89.6
S04,Cooling system degraded,2,16.9,374.48,Turn 1 Medium Left,Sector 1,63.12,27.2,0.0,6950.0,-28.5,395.1,89.49
S04,Cooling system degraded,2,17.4,383.31,Turn 1 Medium Left,Sector 1,64.05,1.8,16.2,7026.0,-12.5,397.49,89.39
S04,Cooling system degraded,2,17.9,392.18,Back Straight,Sector 2,64.96,97.4,0.0,7101.0,-2.7,387.66,89.59
S04,Cooling system degraded,2,18.4,401.83,Back Straight,Sector 2,72.38,99.1,0.0,7706.0,-0.2,385.92,90.28
S04,Cooling system degraded,2,18.9,412.43,Back Straight,Sector 2,78.93,99.9,0.0,8240.0,1.0,386.34,91.03
S04,Cooling system degraded,2,19.4,423.88,Back Straight,Sector 2,84.72,100.0,0.0,8713.0,0.9,385.02,91.85
S04,Cooling system degraded,2,19.9,436.08,Back Straight,Sector 2,89.79,100.0,0.0,9127.0,-0.4,386.01,92.72
S04,Cooling system degraded,2,20.4,448.92,Back Straight,Sector 2,94.19,99.3,0.0,9486.0,1.2,384.52,93.64
S04,Cooling system degraded,2,20.9,462.28,Back Straight,Sector 2,96.95,48.5,0.0,9711.0,-1.5,392.34,94.17
S04,Cooling system degraded,2,21.4,475.84,Back Straight,Sector 2,97.92,44.6,0.0,9790.0,1.3,391.24,94.37
S04,Cooling system degraded,2,21.9,489.52,Back Straight,Sector 2,98.89,45.5,0.0,9870.0,0.7,391.84,94.61
S04,Cooling system degraded,2,22.4,503.34,Back Straight,Sector 2,99.89,43.4,0.0,9951.0,0.6,392.52,94.87
S04,Cooling system degraded,2,22.9,516.86,Back Straight,Sector 2,90.54,0.0,99.5,9188.0,1.4,396.67,94.79
S04,Cooling system degraded,2,23.4,527.59,Back Straight,Sector 2,70.43,0.0,48.7,7547.0,2.0,398.24,94.47
S04,Cooling system degraded,2,23.9,536.56,Back Straight,Sector 2,61.87,0.0,19.8,6849.0,-0.1,398.6,94.16
S04,Cooling system degraded,2,24.4,544.79,Back Straight,Sector 2,57.65,5.6,14.8,6504.0,-1.5,395.74,93.85
S04,Cooling system degraded,2,24.9,552.68,Back Straight,Sector 2,56.14,100.0,0.0,6381.0,0.0,387.92,93.88
S04,Cooling system degraded,2,25.4,560.62,Technical Esses,Sector 2,57.08,0.0,19.0,6458.0,2.3,397.13,93.73
S04,Cooling system degraded,2,25.9,568.43,Technical Esses,Sector 2,56.62,29.6,0.0,6420.0,17.0,394.25,93.63
S04,Cooling system degraded,2,26.4,576.29,Technical Esses,Sector 2,56.65,0.0,16.2,6423.0,33.6,396.73,93.43
S04,Cooling system degraded,2,26.9,584.11,Technical Esses,Sector 2,56.51,33.5,0.0,6411.0,46.2,394.37,93.34
S04,Cooling system degraded,2,27.4,591.97,Technical Esses,Sector 2,56.13,32.2,0.0,6381.0,58.0,394.01,93.2
S04,Cooling system degraded,2,27.9,599.84,Technical Esses,Sector 2,56.3,41.4,0.0,6394.0,65.7,394.08,93.07
S04,Cooling system degraded,2,28.4,607.67,Technical Esses,Sector 2,56.14,31.8,0.0,6381.0,80.5,393.79,92.91
S04,Cooling system degraded,2,28.9,615.53,Technical Esses,Sector 2,56.11,35.7,0.0,6379.0,83.2,393.03,92.78
S04,Cooling system degraded,2,29.4,623.38,Technical Esses,Sector 2,56.35,35.7,0.0,6398.0,88.2,393.36,92.67
S04,Cooling system degraded,2,29.9,631.22,Technical Esses,Sector 2,56.54,30.9,0.0,6414.0,89.3,395.09,92.54
S04,Cooling system degraded,2,30.4,639.07,Technical Esses,Sector 2,56.54,32.2,0.0,6414.0,87.0,394.05,92.4
S04,Cooling system degraded,2,30.9,646.91,Technical Esses,Sector 2,56.46,35.8,0.0,6407.0,86.2,393.81,92.26
S04,Cooling system degraded,2,31.4,654.77,Technical Esses,Sector 2,56.16,35.9,0.0,6383.0,76.9,394.53,92.12
S04,Cooling system degraded,2,31.9,662.6,Technical Esses,Sector 2,55.92,31.4,0.0,6363.0,64.2,394.85,91.99
S04,Cooling system degraded,2,32.4,670.44,Technical Esses,Sector 2,56.75,0.0,13.9,6431.0,57.6,397.15,91.84
S04,Cooling system degraded,2,32.9,678.29,Technical Esses,Sector 2,56.7,0.3,12.3,6427.0,40.7,397.37,91.7
S04,Cooling system degraded,2,33.4,686.14,Technical Esses,Sector 2,56.81,1.0,12.6,6436.0,23.9,396.95,91.56
S04,Cooling system degraded,2,33.9,694.0,Technical Esses,Sector 2,56.62,29.2,0.0,6420.0,9.2,394.62,91.46
S04,Cooling system degraded,2,34.4,701.88,Long Straight,Sector 3,57.77,100.0,0.0,6514.0,1.4,388.08,91.56
S04,Cooling system degraded,2,34.9,710.59,Long Straight,Sector 3,65.9,99.6,0.0,7178.0,0.3,388.75,92.15
S04,Cooling system degraded,2,35.4,720.37,Long Straight,Sector 3,73.23,98.7,0.0,7775.0,0.8,387.33,92.82
S04,Cooling system degraded,2,35.9,731.09,Long Straight,Sector 3,79.76,100.0,0.0,8308.0,0.8,386.68,93.59
S04,Cooling system degraded,2,36.4,742.65,Long Straight,Sector 3,85.4,100.0,0.0,8769.0,-0.4,386.24,94.39
S04,Cooling system degraded,2,36.9,754.94,Long Straight,Sector 3,90.41,100.0,0.0,9178.0,-1.5,386.11,95.27
S04,Cooling system degraded,2,37.4,767.86,Long Straight,Sector 3,94.7,95.5,0.0,9527.0,-1.8,386.71,96.17
S04,Cooling system degraded,2,37.9,781.33,Long Straight,Sector 3,98.41,96.1,0.0,9830.0,-0.1,385.35,97.12
S04,Cooling system degraded,2,38.4,795.26,Long Straight,Sector 3,101.54,98.4,0.0,10085.0,2.4,385.84,98.08
S04,Cooling system degraded,2,38.9,809.59,Long Straight,Sector 3,104.3,95.8,0.0,10311.0,0.3,386.82,99.08
S04,Cooling system degraded,2,39.4,824.28,Long Straight,Sector 3,106.64,100.0,0.0,10501.0,0.0,384.68,100.12
S04,Cooling system degraded,2,39.9,839.26,Long Straight,Sector 3,108.67,100.0,0.0,10667.0,-1.9,385.43,101.18
S04,Cooling system degraded,2,40.4,854.5,Long Straight,Sector 3,110.36,99.4,0.0,10806.0,0.6,384.94,102.23
S04,Cooling system degraded,2,40.9,869.95,Long Straight,Sector 3,111.82,99.0,0.0,10925.0,-1.4,384.01,103.3
S04,Cooling system degraded,2,41.4,884.14,Long Straight,Sector 3,92.19,4.8,100.0,9322.0,-0.7,396.89,102.96
S04,Cooling system degraded,2,41.9,894.85,Long Straight,Sector 3,67.01,0.0,95.7,7268.0,2.8,398.42,102.6
S04,Cooling system degraded,2,42.4,902.3,Long Straight,Sector 3,46.87,0.0,41.7,5625.0,3.5,396.97,102.25
S04,Cooling system degraded,2,42.9,908.19,Long Straight,Sector 3,40.7,1.6,14.2,5121.0,2.8,398.43,101.9
S04,Cooling system degraded,2,43.4,913.76,Long Straight,Sector 3,39.53,0.0,19.4,5026.0,-2.0,397.93,101.68
S04,Cooling system degraded,2,43.9,919.3,Long Straight,Sector 3,41.19,0.0,15.3,5161.0,-0.9,398.66,101.58
S04,Cooling system degraded,2,44.4,924.77,Hairpin,Sector 3,38.5,30.7,0.0,4942.0,-16.5,395.6,101.3
S04,Cooling system degraded,2,44.9,930.21,Hairpin,Sector 3,38.72,33.0,0.0,4960.0,-40.4,395.21,101.07
S04,Cooling system degraded,2,45.4,935.64,Hairpin,Sector 3,39.04,27.0,0.0,4986.0,-61.7,395.88,100.84
S04,Cooling system degraded,2,45.9,941.06,Hairpin,Sector 3,38.9,35.2,0.0,4974.0,-81.5,394.52,100.61
S04,Cooling system degraded,2,46.4,946.52,Hairpin,Sector 3,39.12,33.4,0.0,4993.0,-97.4,394.95,100.38
S04,Cooling system degraded,2,46.9,951.96,Hairpin,Sector 3,39.21,32.9,0.0,4999.0,-109.6,393.76,100.16
S04,Cooling system degraded,2,47.4,957.42,Hairpin,Sector 3,39.3,32.4,0.0,5007.0,-117.6,395.0,99.93
S04,Cooling system degraded,2,47.9,962.88,Hairpin,Sector 3,39.21,31.8,0.0,5000.0,-119.1,394.43,99.69
S04,Cooling system degraded,2,48.4,968.33,Hairpin,Sector 3,39.26,27.2,0.0,5004.0,-116.6,394.43,99.47
S04,Cooling system degraded,2,48.9,973.77,Hairpin,Sector 3,39.08,32.3,0.0,4989.0,-115.4,394.95,99.24
S04,Cooling system degraded,2,49.4,979.21,Hairpin,Sector 3,39.18,32.7,0.0,4997.0,-104.8,394.95,99.02
S04,Cooling system degraded,2,49.9,984.66,Hairpin,Sector 3,39.12,35.6,0.0,4992.0,-93.7,394.57,98.8
S04,Cooling system degraded,2,50.4,990.14,Hairpin,Sector 3,39.65,0.0,12.7,5035.0,-75.2,398.44,98.53
S04,Cooling system degraded,2,50.9,995.57,Hairpin,Sector 3,38.71,29.6,0.0,4959.0,-59.6,395.13,98.31
S04,Cooling system degraded,2,51.4,1001.01,Hairpin,Sector 3,38.52,27.5,0.0,4943.0,-33.2,395.29,98.08
S04,Cooling system degraded,2,51.9,1006.43,Hairpin,Sector 3,38.62,23.8,0.0,4952.0,-14.7,395.6,97.85
S04,Cooling system degraded,2,52.4,1011.92,Final Corner,Sector 3,40.89,79.8,0.0,5137.0,0.6,390.91,97.81
S04,Cooling system degraded,2,52.9,1018.26,Final Corner,Sector 3,48.73,82.0,0.0,5776.0,16.2,391.38,98.06
S04,Cooling system degraded,2,53.4,1025.66,Final Corner,Sector 3,56.21,80.2,0.0,6387.0,27.2,389.72,98.38
S04,Cooling system degraded,2,53.9,1034.03,Final Corner,Sector 3,62.9,73.1,0.0,6933.0,36.6,390.21,98.74
S04,Cooling system degraded,2,54.4,1043.28,Final Corner,Sector 3,69.02,84.7,0.0,7432.0,48.0,388.03,99.19
S04,Cooling system degraded,2,54.9,1053.29,Final Corner,Sector 3,73.34,39.3,0.0,7784.0,55.8,393.18,99.41
S04,Cooling system degraded,2,55.4,1063.58,Final Corner,Sector 3,74.28,36.4,0.0,7861.0,55.5,393.28,99.37
S04,Cooling system degraded,2,55.9,1073.9,Final Corner,Sector 3,74.07,37.3,0.0,7844.0,41.9,394.08,99.25
S04,Cooling system degraded,2,56.4,1084.21,Final Corner,Sector 3,74.71,1.0,13.9,7896.0,26.4,397.78,99.14
S04,Cooling system degraded,2,56.9,1094.54,Final Corner,Sector 3,74.53,2.2,14.2,7882.0,6.9,397.04,99.02
S04,Cooling system degraded,3,0.2,4.25,Main Straight,Sector 1,77.18,99.3,0.0,8098.0,-1.0,386.37,99.46
S04,Cooling system degraded,3,0.7,15.48,Main Straight,Sector 1,83.17,100.0,0.0,8586.0,4.6,385.44,100.22
S04,Cooling system degraded,3,1.2,27.47,Main Straight,Sector 1,88.39,97.0,0.0,9012.0,1.4,385.64,101.02
S04,Cooling system degraded,3,1.7,40.14,Main Straight,Sector 1,92.96,99.1,0.0,9386.0,0.4,384.23,101.89
S04,Cooling system degraded,3,2.2,53.38,Main Straight,Sector 1,96.94,100.0,0.0,9710.0,3.0,385.49,102.8
S04,Cooling system degraded,3,2.7,67.14,Main Straight,Sector 1,100.31,98.0,0.0,9985.0,-0.2,385.04,103.72
S04,Cooling system degraded,3,3.2,81.31,Main Straight,Sector 1,103.2,97.8,0.0,10221.0,-0.9,385.08,104.68
S04,Cooling system degraded,3,3.7,95.86,Main Straight,Sector 1,105.7,96.7,0.0,10425.0,-2.1,384.22,105.66
S04,Cooling system degraded,3,4.2,110.72,Main Straight,Sector 1,107.85,100.0,0.0,10600.0,1.4,383.38,106.68
S04,Cooling system degraded,3,4.7,125.86,Main Straight,Sector 1,109.68,100.0,0.0,10750.0,1.0,383.47,107.71
S04,Cooling system degraded,3,5.2,141.23,Main Straight,Sector 1,111.26,100.0,0.0,10879.0,2.3,383.89,108.76
S04,Cooling system degraded,3,5.7,156.79,Main Straight,Sector 1,112.56,100.0,0.0,10985.0,0.0,382.99,109.8
S04,Cooling system degraded,3,6.2,172.05,Main Straight,Sector 1,102.91,2.3,90.8,10197.0,-0.5,396.03,109.64
S04,Cooling system degraded,3,6.7,184.78,Main Straight,Sector 1,85.87,0.0,44.3,8807.0,0.1,397.1,109.25
S04,Cooling system degraded,3,7.2,195.96,Main Straight,Sector 1,77.47,5.3,17.2,8122.0,-1.0,397.37,108.87
S04,Cooling system degraded,3,7.7,206.37,Main Straight,Sector 1,73.41,0.0,11.2,7791.0,-0.3,397.04,108.49
S04,Cooling system degraded,3,8.2,216.34,Main Straight,Sector 1,72.01,6.2,16.8,7676.0,-1.2,396.41,108.31
S04,Cooling system degraded,3,8.7,226.16,Turn 1 Braking Zone,Sector 1,70.41,0.0,27.3,7545.0,2.0,396.93,108.06
S04,Cooling system degraded,3,9.2,235.51,Turn 1 Braking Zone,Sector 1,65.75,0.0,16.0,7165.0,0.0,397.68,107.68
S04,Cooling system degraded,3,9.7,244.36,Turn 1 Braking Zone,Sector 1,63.92,0.0,13.4,7016.0,2.5,397.15,107.45
S04,Cooling system degraded,3,10.2,253.1,Turn 1 Braking Zone,Sector 1,62.1,78.3,0.0,6867.0,0.3,388.7,107.35
S04,Cooling system degraded,3,10.7,261.84,Turn 1 Braking Zone,Sector 1,62.23,79.2,0.0,6878.0,2.3,387.99,107.26
S04,Cooling system degraded,3,11.2,270.58,Turn 1 Braking Zone,Sector 1,62.58,77.6,0.0,6907.0,1.7,388.97,107.16
S04,Cooling system degraded,3,11.7,279.37,Turn 1 Braking Zone,Sector 1,63.01,0.0,16.1,6942.0,2.5,396.78,106.91
S04,Cooling system degraded,3,12.2,288.06,Turn 1 Medium Left,Sector 1,62.58,35.7,0.0,6906.0,-14.3,393.81,106.78
S04,Cooling system degraded,3,12.7,296.76,Turn 1 Medium Left,Sector 1,62.37,31.6,0.0,6889.0,-32.1,393.68,106.58
S04,Cooling system degraded,3,13.2,305.45,Turn 1 Medium Left,Sector 1,62.23,33.4,0.0,6878.0,-47.7,393.17,106.39
S04,Cooling system degraded,3,13.7,314.16,Turn 1 Medium Left,Sector 1,62.16,35.2,0.0,6872.0,-59.4,393.15,106.2
S04,Cooling system degraded,3,14.2,322.86,Turn 1 Medium Left,Sector 1,62.96,0.0,13.0,6937.0,-68.1,397.82,106.0
S04,Cooling system degraded,3,14.7,331.53,Turn 1 Medium Left,Sector 1,62.82,0.0,15.7,6926.0,-74.2,397.12,105.8
S04,Cooling system degraded,3,15.2,340.2,Turn 1 Medium Left,Sector 1,62.53,36.5,0.0,6902.0,-70.4,393.25,105.67
S04,Cooling system degraded,3,15.7,348.9,Turn 1 Medium Left,Sector 1,62.26,38.8,0.0,6880.0,-69.6,392.85,105.5
S04,Cooling system degraded,3,16.2,357.57,Turn 1 Medium Left,Sector 1,62.1,37.2,0.0,6867.0,-55.2,393.66,105.32
S04,Cooling system degraded,3,16.7,366.28,Turn 1 Medium Left,Sector 1,62.07,34.4,0.0,6865.0,-44.7,393.94,105.16
S04,Cooling system degraded,3,17.2,374.98,Turn 1 Medium Left,Sector 1,63.02,1.4,12.7,6943.0,-34.2,395.9,104.98
S04,Cooling system degraded,3,17.7,383.67,Turn 1 Medium Left,Sector 1,62.99,0.5,12.7,6940.0,-8.6,396.29,104.79
S04,Cooling system degraded,3,18.2,392.39,Back Straight,Sector 2,64.16,100.0,0.0,7035.0,2.4,387.23,104.91
S04,Cooling system degraded,3,18.7,401.94,Back Straight,Sector 2,71.65,98.8,0.0,7647.0,1.3,386.3,105.5
S04,Cooling system degraded,3,19.2,412.46,Back Straight,Sector 2,78.38,98.9,0.0,8195.0,-0.4,385.63,106.18
S04,Cooling system degraded,3,19.7,423.84,Back Straight,Sector 2,84.21,100.0,0.0,8672.0,-0.7,384.75,106.92
S04,Cooling system degraded,3,20.2,435.97,Back Straight,Sector 2,89.31,97.6,0.0,9087.0,2.1,386.06,107.7
S04,Cooling system degraded,3,20.7,448.75,Back Straight,Sector 2,93.71,100.0,0.0,9447.0,2.2,385.38,108.54
S04,Cooling system degraded,3,21.2,462.05,Back Straight,Sector 2,96.51,46.5,0.0,9675.0,-3.6,390.46,108.98
S04,Cooling system degraded,3,21.7,475.55,Back Straight,Sector 2,97.57,37.7,0.0,9761.0,3.7,390.71,109.11
S04,Cooling system degraded,3,22.2,489.17,Back Straight,Sector 2,98.5,44.4,0.0,9837.0,-0.2,391.76,109.27
S04,Cooling system degraded,3,22.7,502.93,Back Straight,Sector 2,99.35,45.7,0.0,9907.0,-3.2,392.1,109.41
S04,Cooling system degraded,3,23.2,516.37,Back Straight,Sector 2,89.84,2.9,100.0,9131.0,-2.1,395.8,109.25
S04,Cooling system degraded,3,23.7,527.02,Back Straight,Sector 2,69.79,3.2,48.6,7495.0,-0.7,396.22,108.87
S04,Cooling system degraded,3,24.2,535.9,Back Straight,Sector 2,61.22,0.2,18.5,6796.0,0.6,396.84,108.48
S04,Cooling system degraded,3,24.7,544.06,Back Straight,Sector 2,57.31,0.0,14.3,6476.0,-0.2,396.1,108.1
S04,Cooling system degraded,3,25.2,551.92,Back Straight,Sector 2,56.1,100.0,0.0,6378.0,0.5,387.48,108.05
S04,Cooling system degraded,3,25.7,559.88,Back Straight,Sector 2,57.21,0.7,13.9,6468.0,-0.7,396.49,107.83
S04,Cooling system degraded,3,26.2,567.69,Technical Esses,Sector 2,55.98,34.2,0.0,6368.0,18.0,393.65,107.62
S04,Cooling system degraded,3,26.7,575.48,Technical Esses,Sector 2,55.7,29.0,0.0,6346.0,32.1,395.15,107.39
S04,Cooling system degraded,3,27.2,583.29,Technical Esses,Sector 2,56.64,1.0,16.6,6422.0,45.1,397.4,107.16
S04,Cooling system degraded,3,27.7,591.11,Technical Esses,Sector 2,56.42,1.5,11.6,6404.0,59.1,397.5,106.94
S04,Cooling system degraded,3,28.2,598.9,Technical Esses,Sector 2,56.12,35.3,0.0,6379.0,70.4,394.36,106.76
S04,Cooling system degraded,3,28.7,606.69,Technical Esses,Sector 2,56.05,29.0,0.0,6374.0,77.1,394.42,106.55
S04,Cooling system degraded,3,29.2,614.5,Technical Esses,Sector 2,55.95,32.7,0.0,6365.0,88.2,393.69,106.33
S04,Cooling system degraded,3,29.7,622.31,Technical Esses,Sector 2,56.02,31.9,0.0,6371.0,89.4,394.3,106.12
S04,Cooling system degraded,3,30.2,630.11,Technical Esses,Sector 2,55.87,39.5,0.0,6359.0,93.0,392.86,105.94
S04,Cooling system degraded,3,30.7,637.93,Technical Esses,Sector 2,56.12,36.5,0.0,6380.0,90.3,393.59,105.74
S04,Cooling system degraded,3,31.2,645.73,Technical Esses,Sector 2,56.15,28.4,0.0,6382.0,84.1,393.74,105.51
S04,Cooling system degraded,3,31.7,653.54,Technical Esses,Sector 2,55.85,32.4,0.0,6357.0,79.0,393.84,105.31
S04,Cooling system degraded,3,32.2,661.34,Technical Esses,Sector 2,55.52,29.7,0.0,6330.0,68.0,393.78,105.09
S04,Cooling system degraded,3,32.7,669.15,Technical Esses,Sector 2,56.65,2.0,12.2,6423.0,55.9,397.56,104.89
S04,Cooling system degraded,3,33.2,676.97,Technical Esses,Sector 2,56.85,0.0,14.7,6439.0,45.7,397.29,104.7
S04,Cooling system degraded,3,33.7,684.79,Technical Esses,Sector 2,56.7,0.0,19.0,6426.0,29.2,397.3,104.5
S04,Cooling system degraded,3,34.2,692.6,Technical Esses,Sector 2,56.57,1.0,14.6,6416.0,8.5,396.22,104.29
S04,Cooling system degraded,3,34.7,700.41,Long Straight,Sector 3,56.36,98.2,0.0,6399.0,0.2,387.85,104.25
S04,Cooling system degraded,3,35.2,708.95,Long Straight,Sector 3,64.75,97.7,0.0,7084.0,-1.1,387.86,104.77
S04,Cooling system degraded,3,35.7,718.57,Long Straight,Sector 3,72.24,98.3,0.0,7695.0,-0.7,385.82,105.39
S04,Cooling system degraded,3,36.2,729.17,Long Straight,Sector 3,78.86,96.8,0.0,8235.0,-1.5,386.35,106.06
S04,Cooling system degraded,3,36.7,740.6,Long Straight,Sector 3,84.57,100.0,0.0,8701.0,-0.4,385.5,106.8
S04,Cooling system degraded,3,37.2,752.78,Long Straight,Sector 3,89.67,99.7,0.0,9117.0,1.0,385.92,107.6
S04,Cooling system degraded,3,37.7,765.61,Long Straight,Sector 3,94.08,100.0,0.0,9477.0,-1.2,385.04,108.45
S04,Cooling system degraded,3,38.2,779.0,Long Straight,Sector 3,97.87,100.0,0.0,9786.0,0.4,384.24,109.33
S04,Cooling system degraded,3,38.7,792.87,Long Straight,Sector 3,101.11,98.7,0.0,10051.0,-0.3,384.41,110.23
S04,Cooling system degraded,3,39.2,807.15,Long Straight,Sector 3,103.9,97.2,0.0,10278.0,1.1,385.02,111.16
S04,Cooling system degraded,3,39.7,821.79,Long Straight,Sector 3,106.32,100.0,0.0,10475.0,2.0,384.8,112.14
S04,Cooling system degraded,3,40.2,836.73,Long Straight,Sector 3,108.38,97.4,0.0,10644.0,0.4,384.47,113.12
S04,Cooling system degraded,3,40.7,851.93,Long Straight,Sector 3,110.13,100.0,0.0,10786.0,-3.4,383.78,114.12
S04,Cooling system degraded,3,41.2,867.35,Long Straight,Sector 3,111.64,100.0,0.0,10910.0,4.0,383.14,115.15
S04,Cooling system degraded,3,41.7,881.5,Long Straight,Sector 3,91.76,1.9,100.0,9287.0,-0.7,397.0,114.73
S04,Cooling system degraded,3,42.2,892.15,Long Straight,Sector 3,66.72,0.0,100.0,7244.0,-1.6,396.69,114.31
S04,Cooling system degraded,3,42.7,899.55,Long Straight,Sector 3,46.45,0.0,40.0,5590.0,0.7,396.48,113.89
S04,Cooling system degraded,3,43.2,905.39,Long Straight,Sector 3,40.05,0.0,16.9,5068.0,1.7,396.65,113.47
S04,Cooling system degraded,3,43.7,910.88,Long Straight,Sector 3,39.15,0.0,14.0,4994.0,-0.6,397.28,113.19
S04,Cooling system degraded,3,44.2,916.41,Long Straight,Sector 3,41.13,0.0,15.2,5156.0,-0.1,397.52,113.03
S04,Cooling system degraded,3,44.7,921.96,Hairpin,Sector 3,39.83,0.0,16.8,5050.0,-6.2,397.58,112.75
S04,Cooling system degraded,3,45.2,927.38,Hairpin,Sector 3,38.67,27.9,0.0,4955.0,-29.8,394.73,112.46
S04,Cooling system degraded,3,45.7,932.77,Hairpin,Sector 3,38.5,29.6,0.0,4942.0,-49.5,394.84,112.16
S04,Cooling system degraded,3,46.2,938.19,Hairpin,Sector 3,38.46,32.5,0.0,4939.0,-68.5,394.53,111.87
S04,Cooling system degraded,3,46.7,943.62,Hairpin,Sector 3,38.55,28.7,0.0,4946.0,-86.5,393.54,111.58
S04,Cooling system degraded,3,47.2,949.07,Hairpin,Sector 3,38.88,27.2,0.0,4973.0,-105.4,394.91,111.3
S04,Cooling system degraded,3,47.7,954.48,Hairpin,Sector 3,38.66,31.9,0.0,4955.0,-113.6,393.59,111.02
S04,Cooling system degraded,3,48.2,959.87,Hairpin,Sector 3,38.77,29.4,0.0,4964.0,-118.5,394.94,110.73
S04,Cooling system degraded,3,48.7,965.27,Hairpin,Sector 3,38.63,29.8,0.0,4953.0,-124.3,394.66,110.45
S04,Cooling system degraded,3,49.2,970.68,Hairpin,Sector 3,38.7,28.5,0.0,4958.0,-115.4,395.07,110.17
S04,Cooling system degraded,3,49.7,976.08,Hairpin,Sector 3,38.63,27.0,0.0,4952.0,-112.2,394.56,109.89
S04,Cooling system degraded,3,50.2,981.46,Hairpin,Sector 3,38.42,36.1,0.0,4935.0,-100.5,392.61,109.61
S04,Cooling system degraded,3,50.7,986.85,Hairpin,Sector 3,38.57,29.6,0.0,4947.0,-88.5,394.14,109.34
S04,Cooling system degraded,3,51.2,992.23,Hairpin,Sector 3,38.4,27.9,0.0,4933.0,-66.0,395.04,109.05
S04,Cooling system degraded,3,51.7,997.65,Hairpin,Sector 3,39.47,0.0,19.3,5020.0,-53.0,397.01,108.76
S04,Cooling system degraded,3,52.2,1003.05,Hairpin,Sector 3,39.43,0.0,12.2,5017.0,-25.0,397.32,108.5
S04,Cooling system degraded,3,52.7,1008.47,Hairpin,Sector 3,39.61,5.6,13.3,5032.0,-5.9,396.13,108.24
S04,Cooling system degraded,3,53.2,1014.22,Final Corner,Sector 3,44.46,81.2,0.0,5428.0,6.2,389.49,108.35
S04,Cooling system degraded,3,53.7,1021.05,Final Corner,Sector 3,52.14,75.8,0.0,6055.0,21.6,390.75,108.57
S04,Cooling system degraded,3,54.2,1028.89,Final Corner,Sector 3,59.3,76.5,0.0,6639.0,30.3,390.24,108.87
S04,Cooling system degraded,3,54.7,1037.66,Final Corner,Sector 3,65.7,78.4,0.0,7161.0,44.8,389.05,109.22
S04,Cooling system degraded,3,55.2,1047.27,Final Corner,Sector 3,71.48,36.7,0.0,7633.0,49.3,393.17,109.52
S04,Cooling system degraded,3,55.7,1057.38,Final Corner,Sector 3,73.64,36.7,0.0,7809.0,56.8,392.02,109.52
S04,Cooling system degraded,3,56.2,1067.61,Final Corner,Sector 3,73.36,38.0,0.0,7786.0,49.6,392.23,109.37
S04,Cooling system degraded,3,56.7,1077.86,Final Corner,Sector 3,74.02,32.1,0.0,7840.0,43.7,394.15,109.26
S04,Cooling system degraded,3,57.2,1088.13,Final Corner,Sector 3,73.57,41.8,0.0,7803.0,20.8,391.56,109.12
S04,Cooling system degraded,3,57.7,1098.36,Final Corner,Sector 3,73.34,36.9,0.0,7785.0,1.5,393.16,108.96
S04,Cooling system degraded,4,0.4,8.56,Main Straight,Sector 1,79.0,97.5,0.0,8246.0,-0.5,386.63,109.63
S04,Cooling system degraded,4,0.9,20.02,Main Straight,Sector 1,84.78,100.0,0.0,8718.0,1.5,384.63,110.36
S04,Cooling system degraded,4,1.4,32.22,Main Straight,Sector 1,89.79,98.3,0.0,9127.0,-0.6,385.04,111.13
S04,Cooling system degraded,4,1.9,45.06,Main Straight,Sector 1,94.15,98.4,0.0,9483.0,0.1,384.2,111.95
S04,Cooling system degraded,4,2.4,58.46,Main Straight,Sector 1,97.95,100.0,0.0,9792.0,1.1,382.46,112.82
S04,Cooling system degraded,4,2.9,72.34,Main Straight,Sector 1,101.22,99.5,0.0,10059.0,1.3,384.02,113.73
S04,Cooling system degraded,4,3.4,86.63,Main Straight,Sector 1,103.97,99.8,0.0,10284.0,1.1,384.7,114.64
S04,Cooling system degraded,4,3.9,101.28,Main Straight,Sector 1,106.38,100.0,0.0,10480.0,1.1,383.37,115.59
S04,Cooling system degraded,4,4.4,116.23,Main Straight,Sector 1,108.43,100.0,0.0,10648.0,-0.5,383.48,116.56
S04,Cooling system degraded,4,4.9,131.44,Main Straight,Sector 1,110.19,100.0,0.0,10791.0,1.3,383.21,117.55
S04,Cooling system degraded,4,5.4,146.87,Main Straight,Sector 1,111.67,99.9,0.0,10912.0,3.4,382.7,118.54
S04,Cooling system degraded,4,5.9,162.48,Main Straight,Sector 1,112.71,43.8,0.0,10997.0,-2.3,391.29,119.23
S04,Cooling system degraded,4,6.4,177.73,Main Straight,Sector 1,103.18,0.1,80.0,10219.0,3.0,396.27,119.02
S04,Cooling system degraded,4,6.9,190.66,Main Straight,Sector 1,87.79,2.9,41.3,8964.0,-0.6,395.94,118.59
S04,Cooling system degraded,4,7.4,202.13,Main Straight,Sector 1,79.88,0.0,22.2,8318.0,1.2,396.47,118.15
S04,Cooling system degraded,4,7.9,212.83,Main Straight,Sector 1,75.34,2.2,12.3,7948.0,2.2,395.52,117.72
S04,Cooling system degraded,4,8.4,223.02,Turn 1 Braking Zone,Sector 1,72.66,38.1,0.0,7729.0,-3.2,391.76,117.43
S04,Cooling system degraded,4,8.9,233.09,Turn 1 Braking Zone,Sector 1,71.77,6.1,21.9,7657.0,-1.7,395.26,117.18
S04,Cooling system degraded,4,9.4,242.64,Turn 1 Braking Zone,Sector 1,67.07,1.9,13.7,7273.0,2.3,395.53,116.75
S04,Cooling system degraded,4,9.9,251.72,Turn 1 Braking Zone,Sector 1,65.56,0.0,11.8,7149.0,3.0,396.04,116.47
S04,Cooling system degraded,4,10.4,260.69,Turn 1 Braking Zone,Sector 1,63.72,74.8,0.0,7000.0,-4.2,388.58,116.34
S04,Cooling system degraded,4,10.9,269.69,Turn 1 Braking Zone,Sector 1,65.61,0.0,16.8,7154.0,-1.0,396.68,116.21
S04,Cooling system degraded,4,11.4,278.63,Turn 1 Braking Zone,Sector 1,63.72,75.2,0.0,6999.0,0.6,389.89,116.06
S04,Cooling system degraded,4,11.9,287.56,Turn 1 Medium Left,Sector 1,64.04,36.2,0.0,7026.0,-14.5,393.06,115.83
S04,Cooling system degraded,4,12.4,296.46,Turn 1 Medium Left,Sector 1,63.74,38.6,0.0,7001.0,-35.2,393.51,115.61
S04,Cooling system degraded,4,12.9,305.41,Turn 1 Medium Left,Sector 1,64.84,0.0,16.5,7091.0,-49.3,396.18,115.38
S04,Cooling system degraded,4,13.4,314.35,Turn 1 Medium Left,Sector 1,64.42,35.4,0.0,7056.0,-62.9,392.62,115.2
S04,Cooling system degraded,4,13.9,323.29,Turn 1 Medium Left,Sector 1,64.3,36.6,0.0,7047.0,-63.2,392.78,114.98
S04,Cooling system degraded,4,14.4,332.2,Turn 1 Medium Left,Sector 1,64.05,34.6,0.0,7027.0,-71.3,392.78,114.75
S04,Cooling system degraded,4,14.9,341.12,Turn 1 Medium Left,Sector 1,64.83,0.0,14.4,7090.0,-73.4,397.12,114.52
S04,Cooling system degraded,4,15.4,350.05,Turn 1 Medium Left,Sector 1,64.79,2.5,15.4,7087.0,-68.2,396.2,114.32
S04,Cooling system degraded,4,15.9,358.97,Turn 1 Medium Left,Sector 1,64.64,0.0,17.9,7075.0,-53.2,395.49,114.11
S04,Cooling system degraded,4,16.4,367.89,Turn 1 Medium Left,Sector 1,64.47,0.0,13.0,7061.0,-44.8,395.09,113.89
S04,Cooling system degraded,4,16.9,376.8,Turn 1 Medium Left,Sector 1,64.23,36.0,0.0,7041.0,-27.6,393.21,113.73
S04,Cooling system degraded,4,17.4,385.73,Turn 1 Medium Left,Sector 1,63.84,33.1,0.0,7009.0,-10.2,392.43,113.5
S04,Cooling system degraded,4,17.9,394.79,Back Straight,Sector 2,67.34,100.0,0.0,7295.0,-0.3,386.59,113.72
S04,Cooling system degraded,4,18.4,404.76,Back Straight,Sector 2,74.55,100.0,0.0,7883.0,1.5,385.96,114.32
S04,Cooling system degraded,4,18.9,415.65,Back Straight,Sector 2,80.89,97.6,0.0,8401.0,0.8,386.69,114.97
S04,Cooling system degraded,4,19.4,427.35,Back Straight,Sector 2,86.43,100.0,0.0,8852.0,-2.4,385.38,115.7
S04,Cooling system degraded,4,19.9,439.77,Back Straight,Sector 2,91.27,99.3,0.0,9247.0,1.7,383.93,116.47
S04,Cooling system degraded,4,20.4,452.8,Back Straight,Sector 2,95.44,98.7,0.0,9588.0,-1.5,383.54,117.28
S04,Cooling system degraded,4,20.9,466.22,Back Straight,Sector 2,97.02,41.8,0.0,9717.0,-0.1,391.16,117.38
S04,Cooling system degraded,4,21.4,479.78,Back Straight,Sector 2,98.08,39.2,0.0,9803.0,-0.8,392.09,117.5
S04,Cooling system degraded,4,21.9,493.48,Back Straight,Sector 2,98.97,40.9,0.0,9876.0,-1.1,391.88,117.6
S04,Cooling system degraded,4,22.4,507.3,Back Straight,Sector 2,99.94,43.3,0.0,9955.0,-0.9,390.93,117.76
S04,Cooling system degraded,4,22.9,519.82,Back Straight,Sector 2,80.2,1.4,82.4,8345.0,-0.7,396.51,117.33
S04,Cooling system degraded,4,23.4,529.57,Back Straight,Sector 2,65.39,0.0,36.3,7136.0,0.1,396.44,116.89
S04,Cooling system degraded,4,23.9,538.08,Back Straight,Sector 2,59.45,1.2,15.2,6651.0,-0.4,397.34,116.47
S04,Cooling system degraded,4,24.4,546.08,Back Straight,Sector 2,58.01,0.0,11.5,6533.0,-1.9,396.43,116.21
S04,Cooling system degraded,4,24.9,553.97,Back Straight,Sector 2,56.78,0.0,18.4,6433.0,0.0,397.7,115.95
S04,Cooling system degraded,4,25.4,561.83,Technical Esses,Sector 2,56.5,0.0,14.1,6410.0,4.5,396.46,115.75
S04,Cooling system degraded,4,25.9,569.64,Technical Esses,Sector 2,56.54,0.0,16.5,6414.0,15.8,395.8,115.49
S04,Cooling system degraded,4,26.4,577.46,Technical Esses,Sector 2,56.66,2.2,17.3,6424.0,36.3,396.77,115.24
S04,Cooling system degraded,4,26.9,585.25,Technical Esses,Sector 2,56.13,29.8,0.0,6380.0,47.5,393.98,115.02
S04,Cooling system degraded,4,27.4,593.08,Technical Esses,Sector 2,56.25,29.2,0.0,6390.0,57.9,393.96,114.75
S04,Cooling system degraded,4,27.9,600.89,Technical Esses,Sector 2,55.86,25.2,0.0,6358.0,69.4,394.03,114.48
S04,Cooling system degraded,4,28.4,608.72,Technical Esses,Sector 2,56.81,2.6,15.1,6435.0,76.1,396.11,114.23
S04,Cooling system degraded,4,28.9,616.52,Technical Esses,Sector 2,55.76,31.6,0.0,6350.0,85.3,392.88,113.98
S04,Cooling system degraded,4,29.4,624.35,Technical Esses,Sector 2,56.74,0.0,15.9,6430.0,88.2,396.1,113.72
S04,Cooling system degraded,4,29.9,632.14,Technical Esses,Sector 2,56.56,0.0,19.0,6416.0,88.5,396.08,113.48
S04,Cooling system degraded,4,30.4,639.94,Technical Esses,Sector 2,56.3,31.8,0.0,6394.0,87.4,393.57,113.29
S04,Cooling system degraded,4,30.9,647.75,Technical Esses,Sector 2,56.22,32.5,0.0,6387.0,84.7,393.8,113.04
S04,Cooling system degraded,4,31.4,655.58,Technical Esses,Sector 2,56.19,34.5,0.0,6385.0,73.9,393.89,112.8
S04,Cooling system degraded,4,31.9,663.42,Technical Esses,Sector 2,56.05,32.7,0.0,6374.0,64.1,393.89,112.55
S04,Cooling system degraded,4,32.4,671.22,Technical Esses,Sector 2,55.89,33.8,0.0,6361.0,56.4,393.24,112.31
S04,Cooling system degraded,4,32.9,679.04,Technical Esses,Sector 2,55.92,37.2,0.0,6363.0,41.8,393.38,112.08
S04,Cooling system degraded,4,33.4,686.87,Technical Esses,Sector 2,56.05,35.2,0.0,6373.0,25.2,393.53,111.86
S04,Cooling system degraded,4,33.9,694.68,Technical Esses,Sector 2,55.94,31.5,0.0,6365.0,8.2,394.06,111.6
S04,Cooling system degraded,4,34.4,702.59,Long Straight,Sector 3,58.56,99.4,0.0,6579.0,-2.0,387.15,111.66
S04,Cooling system degraded,4,34.9,711.42,Long Straight,Sector 3,66.77,100.0,0.0,7248.0,-3.5,387.24,112.18
S04,Cooling system degraded,4,35.4,721.31,Long Straight,Sector 3,74.07,98.0,0.0,7844.0,3.3,385.46,112.77
S04,Cooling system degraded,4,35.9,732.14,Long Straight,Sector 3,80.39,100.0,0.0,8360.0,2.4,386.35,113.43
S04,Cooling system degraded,4,36.4,743.78,Long Straight,Sector 3,86.02,95.8,0.0,8819.0,-0.3,384.63,114.14
S04,Cooling system degraded,4,36.9,756.14,Long Straight,Sector 3,90.86,100.0,0.0,9214.0,-1.0,384.45,114.92
S04,Cooling system degraded,4,37.4,769.12,Long Straight,Sector 3,95.13,98.2,0.0,9562.0,0.8,384.7,115.74
S04,Cooling system degraded,4,37.9,782.64,Long Straight,Sector 3,98.78,98.0,0.0,9861.0,0.3,383.75,116.6
S04,Cooling system degraded,4,38.4,796.63,Long Straight,Sector 3,101.92,100.0,0.0,10117.0,-0.2,384.22,117.49
S04,Cooling system degraded,4,38.9,811.01,Long Straight,Sector 3,104.59,100.0,0.0,10335.0,-2.8,383.98,118.4
S04,Cooling system degraded,4,39.4,825.73,Long Straight,Sector 3,106.9,98.8,0.0,10523.0,-1.5,382.85,119.33
S04,Cooling system degraded,4,39.9,840.75,Long Straight,Sector 3,108.86,97.0,0.0,10683.0,2.3,383.41,120.27
S04,Cooling system degraded,4,40.4,856.01,Long Straight,Sector 3,110.53,100.0,0.0,10819.0,0.5,383.57,121.24
S04,Cooling system degraded,4,40.9,871.04,Long Straight,Sector 3,101.35,1.7,100.0,10070.0,-1.2,396.69,121.36
S04,Cooling system degraded,4,41.4,883.03,Long Straight,Sector 3,76.37,0.7,98.7,8031.0,1.0,396.67,120.91
S04,Cooling system degraded,4,41.9,891.57,Long Straight,Sector 3,51.93,0.0,72.7,6038.0,3.4,396.66,120.47
S04,Cooling system degraded,4,42.4,897.72,Long Straight,Sector 3,41.32,0.0,13.9,5172.0,1.3,397.22,120.02
S04,Cooling system degraded,4,42.9,903.22,Long Straight,Sector 3,40.3,0.0,14.9,5089.0,-1.2,396.77,119.7
S04,Cooling system degraded,4,43.4,908.66,Long Straight,Sector 3,39.44,0.0,18.4,5018.0,-1.2,395.43,119.39
S04,Cooling system degraded,4,43.9,914.14,Long Straight,Sector 3,38.75,1.3,14.3,4962.0,-0.6,395.55,119.08
S04,Cooling system degraded,4,44.4,919.61,Long Straight,Sector 3,40.71,3.4,17.4,5122.0,2.9,396.96,118.91
S04,Cooling system degraded,4,44.9,925.03,Hairpin,Sector 3,38.46,32.3,0.0,4938.0,-19.5,394.08,118.55
S04,Cooling system degraded,4,45.4,930.39,Hairpin,Sector 3,38.69,0.0,16.7,4957.0,-44.7,396.73,118.19
S04,Cooling system degraded,4,45.9,935.69,Hairpin,Sector 3,38.33,30.6,0.0,4928.0,-61.2,392.94,117.9
S04,Cooling system degraded,4,46.4,941.04,Hairpin,Sector 3,38.19,30.8,0.0,4916.0,-78.4,394.0,117.58
S04,Cooling system degraded,4,46.9,946.37,Hairpin,Sector 3,38.19,30.3,0.0,4917.0,-93.7,393.5,117.25
S04,Cooling system degraded,4,47.4,951.72,Hairpin,Sector 3,38.17,32.7,0.0,4915.0,-112.5,393.47,116.94
S04,Cooling system degraded,4,47.9,957.08,Hairpin,Sector 3,38.57,31.7,0.0,4947.0,-115.2,393.88,116.62
S04,Cooling system degraded,4,48.4,962.43,Hairpin,Sector 3,38.53,31.7,0.0,4944.0,-117.2,393.41,116.31
S04,Cooling system degraded,4,48.9,967.79,Hairpin,Sector 3,38.55,26.1,0.0,4946.0,-122.0,394.52,115.99
S04,Cooling system degraded,4,49.4,973.15,Hairpin,Sector 3,38.57,30.4,0.0,4947.0,-113.2,394.38,115.68
S04,Cooling system degraded,4,49.9,978.52,Hairpin,Sector 3,38.8,0.0,14.2,4966.0,-106.7,396.34,115.34
S04,Cooling system degraded,4,50.4,983.89,Hairpin,Sector 3,38.81,0.0,16.0,4967.0,-95.7,396.0,115.02
S04,Cooling system degraded,4,50.9,989.25,Hairpin,Sector 3,38.99,0.0,14.0,4981.0,-79.9,396.52,114.72
S04,Cooling system degraded,4,51.4,994.6,Hairpin,Sector 3,39.04,0.0,17.5,4985.0,-61.2,396.63,114.41
S04,Cooling system degraded,4,51.9,999.96,Hairpin,Sector 3,38.65,27.7,0.0,4954.0,-41.0,393.75,114.13
S04,Cooling system degraded,4,52.4,1005.32,Hairpin,Sector 3,38.52,34.2,0.0,4943.0,-17.6,392.82,113.83
S04,Cooling system degraded,4,52.9,1010.68,Final Corner,Sector 3,38.59,84.9,0.0,4949.0,2.7,390.19,113.6
S04,Cooling system degraded,4,53.4,1016.72,Final Corner,Sector 3,46.46,77.9,0.0,5591.0,12.4,389.08,113.73
S04,Cooling system degraded,4,53.9,1023.79,Final Corner,Sector 3,53.78,78.5,0.0,6189.0,27.4,389.11,113.93
S04,Cooling system degraded,4,54.4,1031.83,Final Corner,Sector 3,60.54,76.6,0.0,6740.0,35.5,388.87,114.19
S04,Cooling system degraded,4,54.9,1040.76,Final Corner,Sector 3,66.78,74.5,0.0,7249.0,47.6,389.08,114.51
S04,Cooling system degraded,4,55.4,1050.48,Final Corner,Sector 3,71.72,32.6,0.0,7652.0,52.3,392.79,114.7
S04,Cooling system degraded,4,55.9,1060.59,Final Corner,Sector 3,73.6,2.2,15.1,7806.0,50.2,396.21,114.57
S04,Cooling system degraded,4,56.4,1070.77,Final Corner,Sector 3,73.38,0.0,16.6,7788.0,46.5,396.59,114.39
S04,Cooling system degraded,4,56.9,1080.88,Final Corner,Sector 3,72.72,36.7,0.0,7734.0,30.4,392.2,114.27
S04,Cooling system degraded,4,57.4,1091.03,Final Corner,Sector 3,72.65,34.7,0.0,7728.0,15.1,393.76,114.08
S04,Cooling system degraded,5,0.0,0.0,Main Straight,Sector 1,73.58,100.0,0.0,7804.0,0.7,384.59,114.11
S04,Cooling system degraded,5,0.5,10.77,Main Straight,Sector 1,80.06,100.0,0.0,8333.0,1.6,384.3,114.77
S04,Cooling system degraded,5,1.0,22.37,Main Straight,Sector 1,85.76,100.0,0.0,8798.0,-0.6,384.67,115.49
S04,Cooling system degraded,5,1.5,34.7,Main Straight,Sector 1,90.65,97.4,0.0,9197.0,-1.0,384.37,116.25
S04,Cooling system degraded,5,2.0,47.65,Main Straight,Sector 1,94.87,99.1,0.0,9541.0,-1.3,383.55,117.05
S04,Cooling system degraded,5,2.5,61.14,Main Straight,Sector 1,98.55,99.9,0.0,9841.0,-0.8,383.3,117.9
S04,Cooling system degraded,5,3.0,75.09,Main Straight,Sector 1,101.68,100.0,0.0,10097.0,0.1,384.07,118.76
S04,Cooling system degraded,5,3.5,89.45,Main Straight,Sector 1,104.42,100.0,0.0,10321.0,-1.2,382.6,119.67
S04,Cooling system degraded,5,4.0,104.15,Main Straight,Sector 1,106.77,100.0,0.0,10513.0,0.2,382.78,120.61
S04,Cooling system degraded,5,4.5,119.15,Main Straight,Sector 1,108.76,100.0,0.0,10675.0,-1.3,383.28,121.55
S04,Cooling system degraded,5,5.0,134.4,Main Straight,Sector 1,110.47,100.0,0.0,10814.0,-1.0,382.47,122.52
S04,Cooling system degraded,5,5.5,149.87,Main Straight,Sector 1,111.91,99.1,0.0,10932.0,-0.5,383.09,123.5
S04,Cooling system degraded,5,6.0,165.51,Main Straight,Sector 1,112.85,49.0,0.0,11009.0,0.8,389.75,124.13
S04,Cooling system degraded,5,6.5,180.37,Main Straight,Sector 1,98.55,0.7,75.9,9842.0,1.0,394.94,123.79
S04,Cooling system degraded,5,7.0,192.76,Main Straight,Sector 1,84.41,1.5,35.3,8688.0,-0.8,395.84,123.33
S04,Cooling system degraded,5,7.5,203.84,Main Straight,Sector 1,77.39,0.0,19.2,8115.0,-1.9,396.73,122.87
S04,Cooling system degraded,5,8.0,214.22,Main Straight,Sector 1,73.23,2.6,13.8,7775.0,0.1,394.98,122.42
S04,Cooling system degraded,5,8.5,224.27,Turn 1 Braking Zone,Sector 1,71.73,38.6,0.0,7654.0,-1.3,392.75,122.24
S04,Cooling system degraded,5,9.0,234.12,Turn 1 Braking Zone,Sector 1,69.23,5.5,17.5,7449.0,0.4,395.61,121.86
S04,Cooling system degraded,5,9.5,243.42,Turn 1 Braking Zone,Sector 1,65.56,0.0,17.6,7150.0,-0.3,395.32,121.41
S04,Cooling system degraded,5,10.0,252.29,Turn 1 Braking Zone,Sector 1,63.52,81.0,0.0,6983.0,2.0,387.84,121.25
S04,Cooling system degraded,5,10.5,261.18,Turn 1 Braking Zone,Sector 1,63.63,77.8,0.0,6992.0,-0.3,388.86,121.08
S04,Cooling system degraded,5,11.0,270.08,Turn 1 Braking Zone,Sector 1,63.69,81.3,0.0,6997.0,1.5,387.69,120.92
S04,Cooling system degraded,5,11.5,279.0,Turn 1 Braking Zone,Sector 1,64.03,1.3,15.1,7024.0,-1.0,395.71,120.62
S04,Cooling system degraded,5,12.0,287.85,Turn 1 Medium Left,Sector 1,63.81,36.8,0.0,7007.0,-14.1,392.51,120.43
S04,Cooling system degraded,5,12.5,296.7,Turn 1 Medium Left,Sector 1,63.74,36.6,0.0,7001.0,-30.1,391.59,120.18
S04,Cooling system degraded,5,13.0,305.55,Turn 1 Medium Left,Sector 1,63.68,34.4,0.0,6997.0,-46.6,392.63,119.93
S04,Cooling system degraded,5,13.5,314.38,Turn 1 Medium Left,Sector 1,63.5,34.2,0.0,6981.0,-60.0,392.56,119.68
S04,Cooling system degraded,5,14.0,323.21,Turn 1 Medium Left,Sector 1,63.23,29.8,0.0,6960.0,-66.5,392.59,119.4
S04,Cooling system degraded,5,14.5,332.06,Turn 1 Medium Left,Sector 1,64.11,0.0,13.4,7032.0,-72.5,395.97,119.15
S04,Cooling system degraded,5,15.0,340.91,Turn 1 Medium Left,Sector 1,64.2,0.0,13.7,7039.0,-75.2,395.76,118.91
S04,Cooling system degraded,5,15.5,349.74,Turn 1 Medium Left,Sector 1,63.97,0.0,15.4,7020.0,-61.1,395.69,118.67
S04,Cooling system degraded,5,16.0,358.57,Turn 1 Medium Left,Sector 1,63.64,33.3,0.0,6993.0,-54.9,392.9,118.48
S04,Cooling system degraded,5,16.5,367.41,Turn 1 Medium Left,Sector 1,63.49,36.1,0.0,6981.0,-41.1,391.39,118.23
S04,Cooling system degraded,5,17.0,376.26,Turn 1 Medium Left,Sector 1,63.53,31.8,0.0,6984.0,-27.1,392.53,117.99
S04,Cooling system degraded,5,17.5,385.07,Turn 1 Medium Left,Sector 1,63.02,29.6,0.0,6942.0,-10.5,392.76,117.73
S04,Cooling system degraded,5,18.0,394.09,Back Straight,Sector 2,67.37,100.0,0.0,7297.0,1.5,386.02,117.99
S04,Cooling system degraded,5,18.5,404.05,Back Straight,Sector 2,74.58,100.0,0.0,7885.0,0.3,385.56,118.56
S04,Cooling system degraded,5,19.0,414.95,Back Straight,Sector 2,80.92,99.2,0.0,8403.0,0.2,385.8,119.2
S04,Cooling system degraded,5,19.5,426.66,Back Straight,Sector 2,86.45,100.0,0.0,8854.0,-0.2,384.74,119.9
S04,Cooling system degraded,5,20.0,439.08,Back Straight,Sector 2,91.31,100.0,0.0,9251.0,2.3,384.17,120.66
S04,Cooling system degraded,5,20.5,452.11,Back Straight,Sector 2,95.43,95.0,0.0,9587.0,-0.3,384.78,121.43
S04,Cooling system degraded,5,21.0,465.52,Back Straight,Sector 2,96.95,43.2,0.0,9711.0,-1.6,390.08,121.5
S04,Cooling system degraded,5,21.5,479.08,Back Straight,Sector 2,98.01,39.3,0.0,9798.0,-0.6,390.88,121.6
S04,Cooling system degraded,5,22.0,492.76,Back Straight,Sector 2,98.91,45.5,0.0,9871.0,0.6,389.94,121.69
S04,Cooling system degraded,5,22.5,506.59,Back Straight,Sector 2,99.85,38.4,0.0,9948.0,-0.2,391.37,121.79
S04,Cooling system degraded,5,23.0,519.67,Back Straight,Sector 2,85.29,0.0,95.6,8759.0,-0.3,395.83,121.45
S04,Cooling system degraded,5,23.5,529.9,Back Straight,Sector 2,68.23,0.0,41.2,7367.0,3.5,396.56,121.03
S04,Cooling system degraded,5,24.0,538.68,Back Straight,Sector 2,60.76,0.2,18.0,6758.0,1.7,396.83,120.58
S04,Cooling system degraded,5,24.5,546.81,Back Straight,Sector 2,57.08,0.0,15.4,6458.0,-0.3,396.72,120.14
S04,Cooling system degraded,5,25.0,554.77,Back Straight,Sector 2,58.35,0.0,18.2,6561.0,-1.5,395.28,120.03
S04,Cooling system degraded,5,25.5,562.74,Technical Esses,Sector 2,56.97,0.0,18.5,6448.0,8.8,395.44,119.75
S04,Cooling system degraded,5,26.0,570.6,Technical Esses,Sector 2,56.8,32.4,0.0,6435.0,22.4,393.13,119.55
S04,Cooling system degraded,5,26.5,578.49,Technical Esses,Sector 2,56.81,31.4,0.0,6436.0,36.5,392.97,119.27
S04,Cooling system degraded,5,27.0,586.37,Technical Esses,Sector 2,56.31,37.0,0.0,6395.0,50.1,391.97,118.99
S04,Cooling system degraded,5,27.5,594.28,Technical Esses,Sector 2,56.49,31.4,0.0,6410.0,64.3,393.41,118.72
S04,Cooling system degraded,5,28.0,602.14,Technical Esses,Sector 2,56.48,33.4,0.0,6409.0,72.6,392.19,118.44
S04,Cooling system degraded,5,28.5,610.02,Technical Esses,Sector 2,56.47,32.8,0.0,6408.0,81.7,392.13,118.18
S04,Cooling system degraded,5,29.0,617.88,Technical Esses,Sector 2,56.24,37.2,0.0,6389.0,86.1,392.06,117.91
S04,Cooling system degraded,5,29.5,625.79,Technical Esses,Sector 2,57.41,0.0,13.8,6485.0,87.5,395.97,117.63
S04,Cooling system degraded,5,30.0,633.69,Technical Esses,Sector 2,57.28,2.5,14.1,6474.0,90.9,395.29,117.37
S04,Cooling system degraded,5,30.5,641.57,Technical Esses,Sector 2,57.26,0.0,16.4,6472.0,87.7,396.84,117.11
S04,Cooling system degraded,5,31.0,649.48,Technical Esses,Sector 2,57.3,0.0,16.8,6475.0,83.9,396.88,116.85
S04,Cooling system degraded,5,31.5,657.34,Technical Esses,Sector 2,57.01,7.2,13.1,6452.0,69.3,395.21,116.59
S04,Cooling system degraded,5,32.0,665.24,Technical Esses,Sector 2,57.07,0.3,15.0,6457.0,61.6,396.25,116.33
S04,Cooling system degraded,5,32.5,673.11,Technical Esses,Sector 2,56.74,32.3,0.0,6430.0,51.5,393.59,116.12
S04,Cooling system degraded,5,33.0,681.0,Technical Esses,Sector 2,56.41,32.0,0.0,6403.0,36.2,392.2,115.86
S04,Cooling system degraded,5,33.5,688.91,Technical Esses,Sector 2,56.5,31.0,0.0,6411.0,22.9,392.8,115.61
S04,Cooling system degraded,5,34.0,696.77,Technical Esses,Sector 2,56.23,34.7,0.0,6389.0,3.9,391.89,115.36
S04,Cooling system degraded,5,34.5,704.79,Long Straight,Sector 3,59.94,100.0,0.0,6691.0,0.0,385.0,115.5
S04,Cooling system degraded,5,35.0,713.79,Long Straight,Sector 3,67.93,97.0,0.0,7343.0,-0.2,385.57,116.0
S04,Cooling system degraded,5,35.5,723.82,Long Straight,Sector 3,74.92,97.1,0.0,7913.0,1.1,386.2,116.57
S04,Cooling system degraded,5,36.0,734.75,Long Straight,Sector 3,81.13,96.6,0.0,8421.0,1.7,384.83,117.21
S04,Cooling system degraded,5,36.5,746.48,Long Straight,Sector 3,86.6,99.6,0.0,8867.0,0.5,384.4,117.92
S04,Cooling system degraded,5,37.0,758.92,Long Straight,Sector 3,91.43,100.0,0.0,9261.0,1.7,384.4,118.69
S04,Cooling system degraded,5,37.5,771.97,Long Straight,Sector 3,95.58,94.7,0.0,9599.0,-3.1,383.51,119.48
S04,Cooling system degraded,5,38.0,785.55,Long Straight,Sector 3,99.12,100.0,0.0,9888.0,2.7,383.66,120.32
S04,Cooling system degraded,5,38.5,799.58,Long Straight,Sector 3,102.23,99.1,0.0,10142.0,1.4,383.35,121.19
S04,Cooling system degraded,5,39.0,814.0,Long Straight,Sector 3,104.9,94.9,0.0,10360.0,0.2,383.77,122.09
S04,Cooling system degraded,5,39.5,828.76,Long Straight,Sector 3,107.14,100.0,0.0,10542.0,-3.3,383.57,123.01
S04,Cooling system degraded,5,40.0,843.8,Long Straight,Sector 3,109.05,100.0,0.0,10699.0,-0.4,382.86,123.94
S04,Cooling system degraded,5,40.5,859.09,Long Straight,Sector 3,110.69,100.0,0.0,10832.0,1.2,383.52,124.89
S04,Cooling system degraded,5,41.0,874.44,Long Straight,Sector 3,106.81,0.1,100.0,10516.0,-0.6,395.22,125.29
S04,Cooling system degraded,5,41.5,887.19,Long Straight,Sector 3,81.96,0.4,99.0,8488.0,0.1,396.02,124.84
S04,Cooling system degraded,5,42.0,896.48,Long Straight,Sector 3,56.83,0.0,88.8,6437.0,0.7,396.39,124.38
S04,Cooling system degraded,5,42.5,903.0,Long Straight,Sector 3,43.02,0.0,20.7,5311.0,2.1,396.37,123.91
S04,Cooling system degraded,5,43.0,908.6,Long Straight,Sector 3,38.69,99.0,0.0,4957.0,2.6,387.43,123.58
S04,Cooling system degraded,5,43.5,914.13,Long Straight,Sector 3,40.64,0.0,12.7,5116.0,3.5,395.09,123.25
S04,Cooling system degraded,5,44.0,919.65,Long Straight,Sector 3,39.95,3.1,17.7,5060.0,1.9,395.41,122.92
S04,Cooling system degraded,5,44.5,925.06,Hairpin,Sector 3,38.79,30.1,0.0,4965.0,-23.8,393.02,122.58
S04,Cooling system degraded,5,45.0,930.47,Hairpin,Sector 3,38.71,33.0,0.0,4959.0,-37.0,392.53,122.24
S04,Cooling system degraded,5,45.5,935.87,Hairpin,Sector 3,38.63,27.5,0.0,4953.0,-66.6,395.29,121.89
S04,Cooling system degraded,5,46.0,941.23,Hairpin,Sector 3,38.58,28.1,0.0,4949.0,-80.6,393.41,121.55
S04,Cooling system degraded,5,46.5,946.63,Hairpin,Sector 3,38.75,28.2,0.0,4962.0,-96.5,393.41,121.23
S04,Cooling system degraded,5,47.0,952.04,Hairpin,Sector 3,38.77,32.4,0.0,4963.0,-109.8,394.66,120.89
S04,Cooling system degraded,5,47.5,957.44,Hairpin,Sector 3,38.99,0.0,12.0,4982.0,-117.8,396.56,120.52
S04,Cooling system degraded,5,48.0,962.83,Hairpin,Sector 3,38.94,29.8,0.0,4977.0,-120.6,392.65,120.22
S04,Cooling system degraded,5,48.5,968.25,Hairpin,Sector 3,39.06,0.0,15.1,4987.0,-122.5,395.81,119.86
S04,Cooling system degraded,5,49.0,973.66,Hairpin,Sector 3,39.32,0.0,13.4,5009.0,-114.3,395.87,119.54
S04,Cooling system degraded,5,49.5,979.05,Hairpin,Sector 3,39.19,0.0,16.7,4998.0,-106.7,396.92,119.21
S04,Cooling system degraded,5,50.0,984.45,Hairpin,Sector 3,39.08,5.8,12.0,4989.0,-92.1,394.95,118.89
S04,Cooling system degraded,5,50.5,989.85,Hairpin,Sector 3,39.49,0.0,17.1,5022.0,-75.5,395.76,118.57
S04,Cooling system degraded,5,51.0,995.23,Hairpin,Sector 3,39.16,0.0,13.5,4995.0,-60.3,395.83,118.24
S04,Cooling system degraded,5,51.5,1000.63,Hairpin,Sector 3,39.42,4.9,19.5,5016.0,-35.4,395.26,117.93
S04,Cooling system degraded,5,52.0,1006.05,Hairpin,Sector 3,39.39,1.0,19.3,5014.0,-16.1,395.57,117.61
S04,Cooling system degraded,5,52.5,1011.49,Final Corner,Sector 3,40.77,79.3,0.0,5127.0,0.3,389.26,117.48
S04,Cooling system degraded,5,53.0,1017.83,Final Corner,Sector 3,48.72,76.6,0.0,5776.0,12.5,388.44,117.63
S04,Cooling system degraded,5,53.5,1025.18,Final Corner,Sector 3,55.7,88.3,0.0,6345.0,26.3,387.13,117.84
S04,Cooling system degraded,5,54.0,1033.51,Final Corner,Sector 3,62.65,79.4,0.0,6912.0,41.0,386.91,118.12
S04,Cooling system degraded,5,54.5,1042.73,Final Corner,Sector 3,68.82,81.2,0.0,7415.0,54.7,386.62,118.45
S04,Cooling system degraded,5,55.0,1052.66,Final Corner,Sector 3,72.47,33.8,0.0,7714.0,54.5,391.63,118.48
S04,Cooling system degraded,5,55.5,1062.86,Final Corner,Sector 3,73.46,37.3,0.0,7794.0,50.7,392.34,118.36
S04,Cooling system degraded,5,56.0,1073.07,Final Corner,Sector 3,74.02,0.1,18.3,7840.0,45.3,395.18,118.14
S04,Cooling system degraded,5,56.5,1083.28,Final Corner,Sector 3,73.74,39.4,0.0,7817.0,29.2,392.71,118.01
S04,Cooling system degraded,5,57.0,1093.54,Final Corner,Sector 3,73.45,36.6,0.0,7793.0,11.6,391.96,117.79
S04,Cooling system degraded,6,0.1,2.09,Main Straight,Sector 1,75.3,95.0,0.0,7945.0,-0.1,385.03,117.92
S04,Cooling system degraded,6,0.6,13.07,Main Straight,Sector 1,81.48,96.8,0.0,8449.0,-2.5,383.5,118.56
S04,Cooling system degraded,6,1.1,24.84,Main Straight,Sector 1,86.85,100.0,0.0,8887.0,-3.5,383.55,119.25
S04,Cooling system degraded,6,1.6,37.31,Main Straight,Sector 1,91.66,98.2,0.0,9280.0,2.0,383.69,120.02
S04,Cooling system degraded,6,2.1,50.39,Main Straight,Sector 1,95.72,98.7,0.0,9611.0,2.1,382.6,120.8
S04,Cooling system degraded,6,2.6,63.99,Main Straight,Sector 1,99.28,97.8,0.0,9901.0,0.7,381.97,121.63
S04,Cooling system degraded,6,3.1,78.04,Main Straight,Sector 1,102.34,100.0,0.0,10151.0,0.0,383.1,122.5
S04,Cooling system degraded,6,3.6,92.47,Main Straight,Sector 1,104.92,95.9,0.0,10362.0,0.3,383.77,123.37
S04,Cooling system degraded,6,4.1,107.24,Main Straight,Sector 1,107.17,98.5,0.0,10545.0,0.5,383.16,124.28
S04,Cooling system degraded,6,4.6,122.28,Main Straight,Sector 1,109.06,100.0,0.0,10700.0,0.6,382.47,125.2
S04,Cooling system degraded,6,5.1,137.57,Main Straight,Sector 1,110.73,100.0,0.0,10835.0,0.1,382.92,126.15
S04,Cooling system degraded,6,5.6,153.07,Main Straight,Sector 1,112.15,96.7,0.0,10952.0,2.2,382.51,127.11
S04,Cooling system degraded,6,6.1,168.73,Main Straight,Sector 1,112.86,42.8,0.0,11009.0,0.7,389.2,127.57
S04,Cooling system degraded,6,6.6,183.13,Main Straight,Sector 1,95.38,0.0,62.9,9583.0,0.7,394.73,127.09
S04,Cooling system degraded,6,7.1,195.3,Main Straight,Sector 1,83.65,0.0,28.6,8626.0,1.8,395.58,126.61
S04,Cooling system degraded,6,7.6,206.38,Main Straight,Sector 1,77.74,2.5,20.3,8144.0,-1.6,394.41,126.15
S04,Cooling system degraded,6,8.1,216.82,Main Straight,Sector 1,73.62,0.0,16.5,7808.0,1.5,394.28,125.68
S04,Cooling system degraded,6,8.6,226.84,Turn 1 Braking Zone,Sector 1,71.94,33.9,0.0,7670.0,-2.7,391.94,125.43
S04,Cooling system degraded,6,9.1,236.69,Turn 1 Braking Zone,Sector 1,68.9,0.0,12.1,7422.0,-2.1,394.67,125.03
S04,Cooling system degraded,6,9.6,245.99,Turn 1 Braking Zone,Sector 1,65.53,0.0,20.3,7147.0,-2.1,394.98,124.58
S04,Cooling system degraded,6,10.1,254.93,Turn 1 Braking Zone,Sector 1,64.05,0.0,14.1,7026.0,5.0,395.7,124.25
S04,Cooling system degraded,6,10.6,263.84,Turn 1 Braking Zone,Sector 1,64.28,2.1,12.7,7045.0,-3.0,394.05,124.08
S04,Cooling system degraded,6,11.1,272.76,Turn 1 Braking Zone,Sector 1,64.74,0.0,10.0,7083.0,-0.3,395.07,123.9
S04,Cooling system degraded,6,11.6,281.68,Turn 1 Medium Left,Sector 1,65.05,0.0,15.8,7108.0,-1.2,395.81,123.73
S04,Cooling system degraded,6,12.1,290.56,Turn 1 Medium Left,Sector 1,63.66,34.1,0.0,6995.0,-19.9,391.54,123.44
S04,Cooling system degraded,6,12.6,299.41,Turn 1 Medium Left,Sector 1,63.52,32.5,0.0,6983.0,-37.8,391.66,123.16
S04,Cooling system degraded,6,13.1,308.3,Turn 1 Medium Left,Sector 1,63.47,32.5,0.0,6979.0,-49.7,392.42,122.89
S04,Cooling system degraded,6,13.6,317.18,Turn 1 Medium Left,Sector 1,64.25,0.0,13.2,7043.0,-65.3,395.86,122.61
S04,Cooling system degraded,6,14.1,326.06,Turn 1 Medium Left,Sector 1,64.05,2.8,13.2,7026.0,-64.7,394.89,122.35
S04,Cooling system degraded,6,14.6,334.93,Turn 1 Medium Left,Sector 1,64.1,3.1,19.2,7031.0,-73.3,394.14,122.09
S04,Cooling system degraded,6,15.1,343.78,Turn 1 Medium Left,Sector 1,63.6,31.0,0.0,6990.0,-73.1,391.83,121.88
S04,Cooling system degraded,6,15.6,352.65,Turn 1 Medium Left,Sector 1,63.19,31.2,0.0,6957.0,-63.6,392.47,121.59
S04,Cooling system degraded,6,16.1,361.53,Turn 1 Medium Left,Sector 1,64.08,0.0,10.8,7029.0,-54.2,395.42,121.33
S04,Cooling system degraded,6,16.6,370.39,Turn 1 Medium Left,Sector 1,64.17,1.8,14.6,7036.0,-38.7,393.9,121.08
S04,Cooling system degraded,6,17.1,379.25,Turn 1 Medium Left,Sector 1,63.93,35.2,0.0,7016.0,-20.9,392.58,120.89
S04,Cooling system degraded,6,17.6,388.11,Turn 1 Medium Left,Sector 1,63.58,31.5,0.0,6988.0,-1.6,391.75,120.63
S04,Cooling system degraded,6,18.1,397.31,Back Straight,Sector 2,69.13,100.0,0.0,7441.0,0.7,385.0,121.02
S04,Cooling system degraded,6,18.6,407.5,Back Straight,Sector 2,76.06,97.7,0.0,8006.0,3.0,384.66,121.58
S04,Cooling system degraded,6,19.1,418.57,Back Straight,Sector 2,82.14,100.0,0.0,8502.0,-0.2,384.7,122.22
S04,Cooling system degraded,6,19.6,430.44,Back Straight,Sector 2,87.56,97.2,0.0,8945.0,0.6,383.51,122.91
S04,Cooling system degraded,6,20.1,443.0,Back Straight,Sector 2,92.25,93.6,0.0,9327.0,-0.4,384.24,123.65
S04,Cooling system degraded,6,20.6,456.14,Back Straight,Sector 2,96.25,40.4,0.0,9654.0,0.5,390.02,124.29
S04,Cooling system degraded,6,21.1,469.59,Back Straight,Sector 2,97.23,40.4,0.0,9734.0,-0.3,390.51,124.34
S04,Cooling system degraded,6,21.6,483.18,Back Straight,Sector 2,98.18,45.8,0.0,9811.0,2.1,389.94,124.42
S04,Cooling system degraded,6,22.1,496.9,Back Straight,Sector 2,99.14,38.7,0.0,9890.0,2.7,391.44,124.49
S04,Cooling system degraded,6,22.6,510.73,Back Straight,Sector 2,99.9,0.0,100.0,9951.0,0.5,395.02,124.44
S04,Cooling system degraded,6,23.1,522.57,Back Straight,Sector 2,76.33,0.0,63.5,8028.0,1.1,394.24,123.98
S04,Cooling system degraded,6,23.6,532.04,Back Straight,Sector 2,64.16,0.0,26.2,7035.0,1.3,394.8,123.52
S04,Cooling system degraded,6,24.1,540.5,Back Straight,Sector 2,59.16,0.0,12.6,6628.0,-1.3,394.67,123.06
S04,Cooling system degraded,6,24.6,548.5,Back Straight,Sector 2,58.09,0.0,16.3,6540.0,0.9,395.43,122.77
S04,Cooling system degraded,6,25.1,556.45,Back Straight,Sector 2,56.49,100.0,0.0,6410.0,-1.4,385.58,122.65
S04,Cooling system degraded,6,25.6,564.41,Technical Esses,Sector 2,56.73,35.4,0.0,6430.0,8.8,391.92,122.31
S04,Cooling system degraded,6,26.1,572.29,Technical Esses,Sector 2,56.69,28.4,0.0,6426.0,25.5,393.22,122.01
S04,Cooling system degraded,6,26.6,580.19,Technical Esses,Sector 2,56.62,33.9,0.0,6420.0,37.0,392.0,121.72
S04,Cooling system degraded,6,27.1,588.09,Technical Esses,Sector 2,56.6,33.1,0.0,6419.0,55.8,391.75,121.44
S04,Cooling system degraded,6,27.6,595.99,Technical Esses,Sector 2,56.61,28.4,0.0,6419.0,63.9,392.83,121.14
S04,Cooling system degraded,6,28.1,603.86,Technical Esses,Sector 2,56.41,30.8,0.0,6403.0,74.5,392.77,120.86
S04,Cooling system degraded,6,28.6,611.76,Technical Esses,Sector 2,56.35,36.6,0.0,6398.0,85.7,393.23,120.59
S04,Cooling system degraded,6,29.1,619.67,Technical Esses,Sector 2,56.63,33.1,0.0,6421.0,89.5,392.33,120.32
S04,Cooling system degraded,6,29.6,627.57,Technical Esses,Sector 2,56.62,35.9,0.0,6420.0,89.5,392.53,120.05
S04,Cooling system degraded,6,30.1,635.47,Technical Esses,Sector 2,56.64,32.6,0.0,6422.0,90.8,391.94,119.78
S04,Cooling system degraded,6,30.6,643.36,Technical Esses,Sector 2,56.78,33.0,0.0,6433.0,87.0,391.11,119.5
S04,Cooling system degraded,6,31.1,651.23,Technical Esses,Sector 2,56.62,36.8,0.0,6420.0,82.0,391.66,119.23
S04,Cooling system degraded,6,31.6,659.11,Technical Esses,Sector 2,56.15,29.1,0.0,6382.0,68.8,392.4,118.95
S04,Cooling system degraded,6,32.1,666.98,Technical Esses,Sector 2,57.14,1.0,18.2,6463.0,63.1,395.14,118.67
S04,Cooling system degraded,6,32.6,674.85,Technical Esses,Sector 2,56.85,40.9,0.0,6439.0,51.5,391.69,118.47
S04,Cooling system degraded,6,33.1,682.75,Technical Esses,Sector 2,56.85,30.6,0.0,6439.0,34.1,392.85,118.21
S04,Cooling system degraded,6,33.6,690.62,Technical Esses,Sector 2,56.6,37.6,0.0,6419.0,13.4,390.91,117.95
S04,Cooling system degraded,6,34.1,698.51,Technical Esses,Sector 2,56.38,32.3,0.0,6401.0,0.3,392.45,117.68
S04,Cooling system degraded,6,34.6,706.87,Long Straight,Sector 3,63.52,100.0,0.0,6984.0,0.2,385.67,118.12
S04,Cooling system degraded,6,35.1,716.33,Long Straight,Sector 3,71.09,100.0,0.0,7601.0,-1.1,384.75,118.65
S04,Cooling system degraded,6,35.6,726.77,Long Straight,Sector 3,77.79,100.0,0.0,8148.0,1.0,383.78,119.24
S04,Cooling system degraded,6,36.1,738.08,Long Straight,Sector 3,83.73,100.0,0.0,8633.0,3.4,384.41,119.91
S04,Cooling system degraded,6,36.6,750.15,Long Straight,Sector 3,88.91,100.0,0.0,9055.0,1.5,383.54,120.64
S04,Cooling system degraded,6,37.1,762.89,Long Straight,Sector 3,93.43,98.7,0.0,9424.0,-1.2,383.23,121.41
S04,Cooling system degraded,6,37.6,776.19,Long Straight,Sector 3,97.3,100.0,0.0,9740.0,1.1,383.03,122.22
S04,Cooling system degraded,6,38.1,789.99,Long Straight,Sector 3,100.66,100.0,0.0,10014.0,4.4,383.7,123.07
S04,Cooling system degraded,6,38.6,804.22,Long Straight,Sector 3,103.52,100.0,0.0,10247.0,-0.1,382.19,123.94
S04,Cooling system degraded,6,39.1,818.8,Long Straight,Sector 3,105.99,100.0,0.0,10449.0,-2.5,382.29,124.84
S04,Cooling system degraded,6,39.6,833.71,Long Straight,Sector 3,108.1,100.0,0.0,10621.0,-1.8,381.52,125.76
S04,Cooling system degraded,6,40.1,848.87,Long Straight,Sector 3,109.9,100.0,0.0,10767.0,-2.7,382.36,126.7
S04,Cooling system degraded,6,40.6,864.27,Long Straight,Sector 3,111.42,100.0,0.0,10892.0,0.3,382.61,127.64
S04,Cooling system degraded,6,41.1,878.97,Long Straight,Sector 3,96.89,2.5,98.9,9706.0,0.4,394.72,127.46
S04,Cooling system degraded,6,41.6,890.36,Long Straight,Sector 3,72.03,0.0,99.2,7677.0,-1.5,394.73,126.97
S04,Cooling system degraded,6,42.1,898.34,Long Straight,Sector 3,48.92,0.0,50.0,5792.0,0.5,396.16,126.51
S04,Cooling system degraded,6,42.6,904.36,Long Straight,Sector 3,40.98,0.7,11.7,5144.0,-1.0,393.88,126.04
S04,Cooling system degraded,6,43.1,909.91,Long Straight,Sector 3,40.17,0.0,15.4,5078.0,0.7,395.31,125.69
S04,Cooling system degraded,6,43.6,915.42,Long Straight,Sector 3,39.33,0.0,16.2,5010.0,2.4,395.62,125.35
S04,Cooling system degraded,6,44.1,920.94,Hairpin,Sector 3,41.1,0.0,16.8,5154.0,-5.5,395.19,125.13
S04,Cooling system degraded,6,44.6,926.39,Hairpin,Sector 3,39.14,4.8,16.5,4994.0,-26.5,394.81,124.74
S04,Cooling system degraded,6,45.1,931.79,Hairpin,Sector 3,39.41,0.0,15.9,5016.0,-46.1,394.64,124.4
S04,Cooling system degraded,6,45.6,937.24,Hairpin,Sector 3,39.55,0.0,12.7,5027.0,-66.7,394.62,124.05
S04,Cooling system degraded,6,46.1,942.64,Hairpin,Sector 3,38.52,28.1,0.0,4943.0,-87.5,391.76,123.7
S04,Cooling system degraded,6,46.6,948.07,Hairpin,Sector 3,39.61,0.0,13.6,5032.0,-97.1,396.21,123.35
S04,Cooling system degraded,6,47.1,953.48,Hairpin,Sector 3,38.49,25.0,0.0,4941.0,-108.5,392.66,123.0
S04,Cooling system degraded,6,47.6,958.89,Hairpin,Sector 3,38.53,24.0,0.0,4944.0,-117.0,392.61,122.64
S04,Cooling system degraded,6,48.1,964.32,Hairpin,Sector 3,39.51,0.0,15.4,5024.0,-118.2,395.7,122.3
S04,Cooling system degraded,6,48.6,969.74,Hairpin,Sector 3,39.46,1.7,15.4,5020.0,-116.9,395.0,121.95
S04,Cooling system degraded,6,49.1,975.15,Hairpin,Sector 3,39.44,1.9,13.6,5019.0,-108.8,394.64,121.6
S04,Cooling system degraded,6,49.6,980.58,Hairpin,Sector 3,39.61,4.1,14.1,5032.0,-100.8,395.34,121.28
S04,Cooling system degraded,6,50.1,985.99,Hairpin,Sector 3,39.5,2.2,13.7,5024.0,-88.9,394.69,120.95
S04,Cooling system degraded,6,50.6,991.39,Hairpin,Sector 3,38.3,30.9,0.0,4925.0,-71.1,392.96,120.62
S04,Cooling system degraded,6,51.1,996.81,Hairpin,Sector 3,39.5,0.0,13.7,5024.0,-53.0,394.48,120.29
S04,Cooling system degraded,6,51.6,1002.22,Hairpin,Sector 3,38.43,30.8,0.0,4936.0,-34.4,391.73,119.96
S04,Cooling system degraded,6,52.1,1007.63,Hairpin,Sector 3,38.68,34.2,0.0,4956.0,-6.8,393.06,119.64
S04,Cooling system degraded,6,52.6,1013.19,Final Corner,Sector 3,42.35,78.9,0.0,5256.0,4.3,388.97,119.56
S04,Cooling system degraded,6,53.1,1019.73,Final Corner,Sector 3,50.06,76.1,0.0,5885.0,18.8,388.81,119.7
S04,Cooling system degraded,6,53.6,1027.29,Final Corner,Sector 3,57.38,83.1,0.0,6482.0,31.8,388.27,119.94
S04,Cooling system degraded,6,54.1,1035.82,Final Corner,Sector 3,64.03,77.7,0.0,7025.0,37.5,386.84,120.21
S04,Cooling system degraded,6,54.6,1045.21,Final Corner,Sector 3,69.96,79.8,0.0,7509.0,49.3,387.69,120.54
S04,Cooling system degraded,6,55.1,1055.28,Final Corner,Sector 3,73.44,38.5,0.0,7792.0,56.0,391.57,120.56
S04,Cooling system degraded,6,55.6,1065.53,Final Corner,Sector 3,74.0,30.6,0.0,7838.0,50.8,392.26,120.4
S04,Cooling system degraded,6,56.1,1075.8,Final Corner,Sector 3,74.38,0.0,14.0,7870.0,39.1,395.29,120.19
S04,Cooling system degraded,6,56.6,1086.07,Final Corner,Sector 3,74.03,35.7,0.0,7841.0,26.9,391.78,120.05
S04,Cooling system degraded,6,57.1,1096.35,Final Corner,Sector 3,73.65,33.3,0.0,7810.0,4.4,391.65,119.82
S04,Cooling system degraded,7,0.3,6.42,Main Straight,Sector 1,78.34,96.4,0.0,8192.0,-2.3,384.97,120.29
S04,Cooling system degraded,7,0.8,17.79,Main Straight,Sector 1,84.17,99.3,0.0,8669.0,-0.3,383.52,120.96
S04,Cooling system degraded,7,1.3,29.92,Main Straight,Sector 1,89.32,100.0,0.0,9088.0,-1.2,383.25,121.69
S04,Cooling system degraded,7,1.8,42.71,Main Straight,Sector 1,93.8,100.0,0.0,9454.0,0.6,382.39,122.47
S04,Cooling system degraded,7,2.3,56.06,Main Straight,Sector 1,97.63,99.9,0.0,9766.0,-1.6,383.48,123.28
S04,Cooling system degraded,7,2.8,69.91,Main Straight,Sector 1,100.96,100.0,0.0,10039.0,1.8,383.31,124.14
S04,Cooling system degraded,7,3.3,84.17,Main Straight,Sector 1,103.79,100.0,0.0,10269.0,-0.1,382.16,125.01
S04,Cooling system degraded,7,3.8,98.79,Main Straight,Sector 1,106.22,100.0,0.0,10467.0,-1.2,382.0,125.9
S04,Cooling system degraded,7,4.3,113.72,Main Straight,Sector 1,108.31,96.0,0.0,10638.0,0.6,382.7,126.82
S04,Cooling system degraded,7,4.8,128.91,Main Straight,Sector 1,110.02,100.0,0.0,10777.0,-2.2,381.66,127.73
S04,Cooling system degraded,7,5.3,144.32,Main Straight,Sector 1,111.52,99.6,0.0,10900.0,-2.3,382.09,128.67
S04,Cooling system degraded,7,5.8,159.92,Main Straight,Sector 1,112.82,43.5,0.0,11006.0,-0.3,388.69,129.46
S04,Cooling system degraded,7,6.3,175.45,Main Straight,Sector 1,107.76,4.2,91.9,10594.0,-1.5,394.11,129.34
S04,Cooling system degraded,7,6.8,188.79,Main Straight,Sector 1,89.92,3.2,49.1,9137.0,-2.6,393.64,128.86
S04,Cooling system degraded,7,7.3,200.42,Main Straight,Sector 1,80.45,0.0,25.5,8365.0,3.4,394.42,128.38
S04,Cooling system degraded,7,7.8,211.15,Main Straight,Sector 1,75.49,2.7,18.8,7960.0,2.1,394.41,127.9
S04,Cooling system degraded,7,8.3,221.3,Turn 1 Braking Zone,Sector 1,71.55,38.0,0.0,7638.0,-1.0,391.14,127.5
S04,Cooling system degraded,7,8.8,231.33,Turn 1 Braking Zone,Sector 1,72.32,1.6,23.7,7701.0,0.7,394.97,127.24
S04,Cooling system degraded,7,9.3,240.91,Turn 1 Braking Zone,Sector 1,67.26,0.5,15.6,7288.0,0.7,394.14,126.77
S04,Cooling system degraded,7,9.8,249.96,Turn 1 Braking Zone,Sector 1,63.81,77.5,0.0,7007.0,-0.1,387.47,126.44
S04,Cooling system degraded,7,10.3,258.9,Turn 1 Braking Zone,Sector 1,64.1,76.6,0.0,7030.0,0.3,386.85,126.26
S04,Cooling system degraded,7,10.8,267.86,Turn 1 Braking Zone,Sector 1,64.04,81.7,0.0,7026.0,-2.5,386.62,126.08
S04,Cooling system degraded,7,11.3,276.83,Turn 1 Braking Zone,Sector 1,64.19,5.0,13.2,7038.0,2.5,393.52,125.75
S04,Cooling system degraded,7,11.8,285.73,Turn 1 Medium Left,Sector 1,63.58,35.9,0.0,6988.0,-11.8,390.98,125.54
S04,Cooling system degraded,7,12.3,294.62,Turn 1 Medium Left,Sector 1,63.69,35.9,0.0,6997.0,-28.5,391.36,125.28
S04,Cooling system degraded,7,12.8,303.49,Turn 1 Medium Left,Sector 1,63.5,32.1,0.0,6982.0,-47.7,391.36,125.0
S04,Cooling system degraded,7,13.3,312.37,Turn 1 Medium Left,Sector 1,64.29,0.0,11.9,7046.0,-59.4,394.92,124.71
S04,Cooling system degraded,7,13.8,321.25,Turn 1 Medium Left,Sector 1,64.32,0.6,19.1,7049.0,-59.4,394.9,124.44
S04,Cooling system degraded,7,14.3,330.11,Turn 1 Medium Left,Sector 1,63.95,42.6,0.0,7019.0,-67.4,390.03,124.25
S04,Cooling system degraded,7,14.8,339.0,Turn 1 Medium Left,Sector 1,63.87,35.3,0.0,7012.0,-70.2,391.45,123.98
S04,Cooling system degraded,7,15.3,347.89,Turn 1 Medium Left,Sector 1,63.73,31.9,0.0,7000.0,-70.7,392.46,123.7
S04,Cooling system degraded,7,15.8,356.78,Turn 1 Medium Left,Sector 1,63.76,39.3,0.0,7003.0,-56.9,390.2,123.46
S04,Cooling system degraded,7,16.3,365.67,Turn 1 Medium Left,Sector 1,63.74,34.7,0.0,7001.0,-47.4,391.17,123.18
S04,Cooling system degraded,7,16.8,374.54,Turn 1 Medium Left,Sector 1,63.52,35.7,0.0,6983.0,-30.3,391.0,122.9
S04,Cooling system degraded,7,17.3,383.43,Turn 1 Medium Left,Sector 1,63.46,32.4,0.0,6978.0,-9.6,391.46,122.63
S04,Cooling system degraded,7,17.8,392.36,Back Straight,Sector 2,65.77,98.4,0.0,7167.0,0.3,383.9,122.68
S04,Cooling system degraded,7,18.3,402.12,Back Straight,Sector 2,73.09,98.5,0.0,7764.0,-0.4,383.04,123.21
S04,Cooling system degraded,7,18.8,412.82,Back Straight,Sector 2,79.59,99.1,0.0,8295.0,-0.5,383.86,123.81
S04,Cooling system degraded,7,19.3,424.35,Back Straight,Sector 2,85.21,99.6,0.0,8753.0,1.3,383.05,124.46
S04,Cooling system degraded,7,19.8,436.6,Back Straight,Sector 2,90.08,100.0,0.0,9150.0,0.9,383.24,125.15
S04,Cooling system degraded,7,20.3,449.48,Back Straight,Sector 2,94.39,97.6,0.0,9503.0,2.2,383.4,125.89
S04,Cooling system degraded,7,20.8,462.87,Back Straight,Sector 2,97.15,41.5,0.0,9727.0,-0.3,389.71,126.26
S04,Cooling system degraded,7,21.3,476.44,Back Straight,Sector 2,98.14,41.8,0.0,9808.0,-1.6,390.06,126.32
S04,Cooling system degraded,7,21.8,490.15,Back Straight,Sector 2,99.03,40.9,0.0,9881.0,0.2,390.2,126.38
S04,Cooling system degraded,7,22.3,503.97,Back Straight,Sector 2,99.86,45.0,0.0,9949.0,1.3,388.36,126.45
S04,Cooling system degraded,7,22.8,517.48,Back Straight,Sector 2,90.27,0.0,100.0,9166.0,-0.6,393.63,126.18
S04,Cooling system degraded,7,23.3,528.2,Back Straight,Sector 2,70.53,1.0,46.9,7555.0,1.9,395.17,125.7
S04,Cooling system degraded,7,23.8,537.21,Back Straight,Sector 2,62.15,0.0,20.6,6871.0,-2.7,394.92,125.24
S04,Cooling system degraded,7,24.3,545.46,Back Straight,Sector 2,57.64,0.0,14.0,6503.0,0.5,394.78,124.77
S04,Cooling system degraded,7,24.8,553.51,Back Straight,Sector 2,58.97,4.1,16.2,6612.0,0.3,393.87,124.64
S04,Cooling system degraded,7,25.3,561.52,Technical Esses,Sector 2,57.61,3.3,16.8,6501.0,4.4,394.04,124.35
S04,Cooling system degraded,7,25.8,569.44,Technical Esses,Sector 2,57.49,1.7,14.7,6491.0,18.3,393.94,124.06
S04,Cooling system degraded,7,26.3,577.38,Technical Esses,Sector 2,57.25,34.0,0.0,6472.0,32.9,392.45,123.8
S04,Cooling system degraded,7,26.8,585.31,Technical Esses,Sector 2,57.06,30.4,0.0,6456.0,49.6,393.06,123.49
S04,Cooling system degraded,7,27.3,593.25,Technical Esses,Sector 2,56.87,28.8,0.0,6440.0,60.9,392.42,123.18
S04,Cooling system degraded,7,27.8,601.21,Technical Esses,Sector 2,57.68,0.0,16.0,6506.0,70.7,394.5,122.87
S04,Cooling system degraded,7,28.3,609.15,Technical Esses,Sector 2,57.33,0.0,13.5,6478.0,83.0,395.86,122.57
S04,Cooling system degraded,7,28.8,617.08,Technical Esses,Sector 2,57.19,37.1,0.0,6467.0,85.4,391.28,122.33
S04,Cooling system degraded,7,29.3,625.01,Technical Esses,Sector 2,57.05,33.4,0.0,6455.0,87.5,391.4,122.06
S04,Cooling system degraded,7,29.8,632.94,Technical Esses,Sector 2,56.68,29.7,0.0,6425.0,90.5,392.01,121.75
S04,Cooling system degraded,7,30.3,640.89,Technical Esses,Sector 2,57.65,1.6,15.7,6504.0,92.4,394.66,121.47
S04,Cooling system degraded,7,30.8,648.81,Technical Esses,Sector 2,57.46,1.7,7.5,6489.0,83.1,394.93,121.19
S04,Cooling system degraded,7,31.3,656.77,Technical Esses,Sector 2,57.68,0.0,15.5,6507.0,76.2,394.73,120.91
S04,Cooling system degraded,7,31.8,664.71,Technical Esses,Sector 2,57.73,0.6,16.6,6511.0,64.5,395.63,120.64
S04,Cooling system degraded,7,32.3,672.64,Technical Esses,Sector 2,57.56,0.0,16.1,6497.0,53.0,394.33,120.36
S04,Cooling system degraded,7,32.8,680.59,Technical Esses,Sector 2,57.59,0.0,18.4,6499.0,41.2,394.58,120.08
S04,Cooling system degraded,7,33.3,688.52,Technical Esses,Sector 2,57.38,0.2,16.6,6483.0,23.6,394.58,119.8
S04,Cooling system degraded,7,33.8,696.44,Technical Esses,Sector 2,57.23,32.0,0.0,6470.0,11.7,392.19,119.59
S04,Cooling system degraded,7,34.3,704.55,Long Straight,Sector 3,60.83,100.0,0.0,6764.0,2.7,385.59,119.73
S04,Cooling system degraded,7,34.8,713.67,Long Straight,Sector 3,68.78,96.7,0.0,7413.0,-4.7,385.31,120.22
S04,Cooling system degraded,7,35.3,723.81,Long Straight,Sector 3,75.76,100.0,0.0,7982.0,-0.2,383.24,120.79
S04,Cooling system degraded,7,35.8,734.86,Long Straight,Sector 3,81.93,100.0,0.0,8485.0,-2.4,383.37,121.43
S04,Cooling system degraded,7,36.3,746.7,Long Straight,Sector 3,87.38,100.0,0.0,8930.0,0.8,382.95,122.14
S04,Cooling system degraded,7,36.8,759.24,Long Straight,Sector 3,92.1,100.0,0.0,9316.0,-0.3,383.58,122.89
S04,Cooling system degraded,7,37.3,772.38,Long Straight,Sector 3,96.19,100.0,0.0,9649.0,2.6,382.86,123.69
S04,Cooling system degraded,7,37.8,786.03,Long Straight,Sector 3,99.63,97.2,0.0,9930.0,-2.0,382.89,124.49
S04,Cooling system degraded,7,38.3,800.12,Long Straight,Sector 3,102.61,99.7,0.0,10173.0,0.0,381.44,125.34
S04,Cooling system degraded,7,38.8,814.59,Long Straight,Sector 3,105.19,100.0,0.0,10384.0,1.2,382.62,126.21
S04,Cooling system degraded,7,39.3,829.39,Long Straight,Sector 3,107.42,98.2,0.0,10565.0,0.4,380.67,127.12
S04,Cooling system degraded,7,39.8,844.47,Long Straight,Sector 3,109.3,96.6,0.0,10719.0,0.9,382.19,128.03
S04,Cooling system degraded,7,40.3,859.79,Long Straight,Sector 3,110.92,100.0,0.0,10851.0,-1.7,381.57,128.97
S04,Cooling system degraded,7,40.8,875.17,Long Straight,Sector 3,107.01,0.0,100.0,10532.0,0.6,393.66,129.35
S04,Cooling system degraded,7,41.3,887.94,Long Straight,Sector 3,81.95,0.0,100.0,8487.0,-1.7,395.09,128.86
S04,Cooling system degraded,7,41.8,897.22,Long Straight,Sector 3,56.84,4.8,87.9,6438.0,0.5,393.81,128.39
S04,Cooling system degraded,7,42.3,903.79,Long Straight,Sector 3,43.32,0.8,19.7,5335.0,1.2,394.64,127.92
S04,Cooling system degraded,7,42.8,909.42,Long Straight,Sector 3,38.84,97.1,0.0,4970.0,0.9,387.23,127.56
S04,Cooling system degraded,7,43.3,914.99,Long Straight,Sector 3,40.91,0.0,14.9,5138.0,-3.9,395.11,127.2
S04,Cooling system degraded,7,43.8,920.49,Hairpin,Sector 3,39.8,0.0,13.2,5047.0,-1.2,394.67,126.86
S04,Cooling system degraded,7,44.3,925.91,Hairpin,Sector 3,38.44,22.3,0.0,4937.0,-29.5,393.67,126.49
S04,Cooling system degraded,7,44.8,931.33,Hairpin,Sector 3,39.41,0.0,15.4,5016.0,-48.6,395.14,126.12
S04,Cooling system degraded,7,45.3,936.76,Hairpin,Sector 3,39.35,0.2,11.3,5011.0,-67.8,395.23,125.76
S04,Cooling system degraded,7,45.8,942.19,Hairpin,Sector 3,39.72,0.0,14.6,5041.0,-85.5,394.63,125.4
S04,Cooling system degraded,7,46.3,947.63,Hairpin,Sector 3,39.58,2.6,15.2,5030.0,-98.8,394.54,125.06
S04,Cooling system degraded,7,46.8,953.07,Hairpin,Sector 3,39.78,0.0,13.9,5046.0,-108.1,394.29,124.7
S04,Cooling system degraded,7,47.3,958.49,Hairpin,Sector 3,38.55,32.7,0.0,4945.0,-115.2,391.91,124.35
S04,Cooling system degraded,7,47.8,963.93,Hairpin,Sector 3,38.72,27.2,0.0,4960.0,-119.4,391.5,124.0
S04,Cooling system degraded,7,48.3,969.38,Hairpin,Sector 3,39.63,0.0,12.8,5034.0,-121.9,394.97,123.64
S04,Cooling system degraded,7,48.8,974.8,Hairpin,Sector 3,38.74,29.4,0.0,4961.0,-110.6,391.88,123.29
S04,Cooling system degraded,7,49.3,980.21,Hairpin,Sector 3,38.52,26.3,0.0,4943.0,-105.1,391.7,122.93
S04,Cooling system degraded,7,49.8,985.64,Hairpin,Sector 3,39.54,0.0,16.8,5026.0,-91.1,394.87,122.58
S04,Cooling system degraded,7,50.3,991.08,Hairpin,Sector 3,39.52,0.0,14.8,5025.0,-75.0,394.39,122.23
S04,Cooling system degraded,7,50.8,996.49,Hairpin,Sector 3,39.38,0.0,12.6,5013.0,-56.8,394.67,121.88
S04,Cooling system degraded,7,51.3,1001.92,Hairpin,Sector 3,39.5,0.1,15.0,5023.0,-29.4,394.51,121.54
S04,Cooling system degraded,7,51.8,1007.33,Hairpin,Sector 3,39.45,0.0,17.2,5019.0,-12.2,394.31,121.2
S04,Cooling system degraded,7,52.3,1012.93,Final Corner,Sector 3,42.86,76.4,0.0,5297.0,3.0,388.56,121.15
S04,Cooling system degraded,7,52.8,1019.52,Final Corner,Sector 3,50.58,81.3,0.0,5927.0,19.9,387.49,121.3
S04,Cooling system degraded,7,53.3,1027.14,Final Corner,Sector 3,57.58,78.4,0.0,6498.0,31.7,387.08,121.5
S04,Cooling system degraded,7,53.8,1035.68,Final Corner,Sector 3,64.09,82.0,0.0,7030.0,43.3,387.05,121.76
S04,Cooling system degraded,7,54.3,1045.09,Final Corner,Sector 3,70.09,82.3,0.0,7519.0,48.2,386.52,122.09
S04,Cooling system degraded,7,54.8,1055.18,Final Corner,Sector 3,73.63,35.6,0.0,7809.0,56.9,390.57,122.1
S04,Cooling system degraded,7,55.3,1065.46,Final Corner,Sector 3,74.25,35.7,0.0,7859.0,49.8,391.35,121.94
S04,Cooling system degraded,7,55.8,1075.78,Final Corner,Sector 3,73.78,39.1,0.0,7821.0,43.5,390.67,121.72
S04,Cooling system degraded,7,56.3,1086.07,Final Corner,Sector 3,73.55,39.1,0.0,7802.0,26.3,391.07,121.51
S04,Cooling system degraded,7,56.8,1096.37,Final Corner,Sector 3,74.48,4.2,17.9,7878.0,7.3,393.85,121.3
S04,Cooling system degraded,8,0.3,6.38,Main Straight,Sector 1,77.92,100.0,0.0,8158.0,0.6,383.52,121.76
S04,Cooling system degraded,8,0.8,17.71,Main Straight,Sector 1,83.89,93.7,0.0,8646.0,-1.4,384.25,122.42
S04,Cooling system degraded,8,1.3,29.79,Main Straight,Sector 1,88.92,96.4,0.0,9056.0,0.0,382.82,123.11
S04,Cooling system degraded,8,1.8,42.51,Main Straight,Sector 1,93.38,98.9,0.0,9420.0,1.8,381.44,123.86
S04,Cooling system degraded,8,2.3,55.81,Main Straight,Sector 1,97.22,96.9,0.0,9733.0,0.5,382.07,124.64
S04,Cooling system degraded,8,2.8,69.59,Main Straight,Sector 1,100.58,100.0,0.0,10008.0,-0.4,382.38,125.48
S04,Cooling system degraded,8,3.3,83.81,Main Straight,Sector 1,103.45,96.8,0.0,10241.0,-0.2,382.17,126.33
S04,Cooling system degraded,8,3.8,98.38,Main Straight,Sector 1,105.91,100.0,0.0,10442.0,-1.9,381.99,127.22
S04,Cooling system degraded,8,4.3,113.27,Main Straight,Sector 1,107.98,94.3,0.0,10611.0,-0.5,382.27,128.08
S04,Cooling system degraded,8,4.8,128.42,Main Straight,Sector 1,109.77,100.0,0.0,10757.0,-2.9,381.43,129.01
S04,Cooling system degraded,8,5.3,143.79,Main Straight,Sector 1,111.3,98.5,0.0,10882.0,0.1,380.23,129.93
S04,Cooling system degraded,8,5.8,159.36,Main Straight,Sector 1,112.62,100.0,0.0,10989.0,1.4,380.9,130.88
S04,Cooling system degraded,8,6.3,174.9,Main Straight,Sector 1,107.95,5.7,96.0,10609.0,-1.1,392.86,130.76
S04,Cooling system degraded,8,6.8,188.21,Main Straight,Sector 1,89.43,0.0,47.3,9098.0,-2.9,393.0,130.28
S04,Cooling system degraded,8,7.3,199.79,Main Straight,Sector 1,80.08,0.1,24.1,8334.0,-0.6,394.58,129.78
S04,Cooling system degraded,8,7.8,210.46,Main Straight,Sector 1,75.36,1.2,14.6,7950.0,-0.1,393.85,129.29
S04,Cooling system degraded,8,8.3,220.62,Turn 1 Braking Zone,Sector 1,71.56,34.0,0.0,7639.0,0.2,390.85,128.87
S04,Cooling system degraded,8,8.8,230.56,Turn 1 Braking Zone,Sector 1,71.22,5.5,21.1,7612.0,1.1,393.23,128.52
S04,Cooling system degraded,8,9.3,240.05,Turn 1 Braking Zone,Sector 1,66.59,0.0,13.5,7234.0,-1.4,394.5,128.04
S04,Cooling system degraded,8,9.8,249.04,Turn 1 Braking Zone,Sector 1,64.66,0.0,13.4,7077.0,-2.2,394.33,127.69
S04,Cooling system degraded,8,10.3,257.89,Turn 1 Braking Zone,Sector 1,62.93,75.7,0.0,6935.0,3.9,385.2,127.49
S04,Cooling system degraded,8,10.8,266.75,Turn 1 Braking Zone,Sector 1,62.84,77.9,0.0,6928.0,0.9,386.72,127.29
S04,Cooling system degraded,8,11.3,275.6,Turn 1 Braking Zone,Sector 1,62.99,79.5,0.0,6940.0,2.1,386.77,127.1
S04,Cooling system degraded,8,11.8,284.44,Turn 1 Medium Left,Sector 1,63.97,0.0,13.2,7020.0,-12.1,394.36,126.76
S04,Cooling system degraded,8,12.3,293.25,Turn 1 Medium Left,Sector 1,63.88,0.0,16.7,7013.0,-27.1,394.47,126.48
S04,Cooling system degraded,8,12.8,302.07,Turn 1 Medium Left,Sector 1,63.53,35.6,0.0,6984.0,-45.4,390.81,126.27
S04,Cooling system degraded,8,13.3,310.88,Turn 1 Medium Left,Sector 1,63.34,37.7,0.0,6969.0,-54.4,390.08,125.99
S04,Cooling system degraded,8,13.8,319.71,Turn 1 Medium Left,Sector 1,63.29,34.3,0.0,6964.0,-65.7,391.72,125.71
S04,Cooling system degraded,8,14.3,328.52,Turn 1 Medium Left,Sector 1,63.13,39.2,0.0,6951.0,-69.2,390.78,125.44
S04,Cooling system degraded,8,14.8,337.31,Turn 1 Medium Left,Sector 1,63.01,37.2,0.0,6942.0,-72.4,389.73,125.16
S04,Cooling system degraded,8,15.3,346.12,Turn 1 Medium Left,Sector 1,63.04,35.1,0.0,6944.0,-69.0,391.4,124.89
S04,Cooling system degraded,8,15.8,354.96,Turn 1 Medium Left,Sector 1,64.05,0.0,15.1,7026.0,-62.4,394.36,124.61
S04,Cooling system degraded,8,16.3,363.76,Turn 1 Medium Left,Sector 1,63.7,0.2,13.5,6998.0,-48.1,393.55,124.33
S04,Cooling system degraded,8,16.8,372.58,Turn 1 Medium Left,Sector 1,63.79,3.1,12.7,7006.0,-35.0,394.43,124.07
S04,Cooling system degraded,8,17.3,381.39,Turn 1 Medium Left,Sector 1,63.87,1.3,17.2,7012.0,-21.1,394.86,123.8
S04,Cooling system degraded,8,17.8,390.21,Back Straight,Sector 2,63.86,100.0,0.0,7011.0,-2.0,384.63,123.71
S04,Cooling system degraded,8,18.3,399.73,Back Straight,Sector 2,71.47,100.0,0.0,7632.0,-3.5,383.52,124.22
S04,Cooling system degraded,8,18.8,410.22,Back Straight,Sector 2,78.15,100.0,0.0,8177.0,1.1,382.97,124.8
S04,Cooling system degraded,8,19.3,421.58,Back Straight,Sector 2,84.0,100.0,0.0,8654.0,1.3,382.75,125.43
S04,Cooling system degraded,8,19.8,433.68,Back Straight,Sector 2,89.15,100.0,0.0,9075.0,0.8,382.37,126.13
S04,Cooling system degraded,8,20.3,446.44,Back Straight,Sector 2,93.58,100.0,0.0,9436.0,-1.2,381.52,126.87
S04,Cooling system degraded,8,20.8,459.75,Back Straight,Sector 2,96.89,41.0,0.0,9707.0,-1.1,389.18,127.35
S04,Cooling system degraded,8,21.3,473.29,Back Straight,Sector 2,97.93,39.8,0.0,9791.0,-1.7,389.19,127.41
S04,Cooling system degraded,8,21.8,486.97,Back Straight,Sector 2,98.79,41.6,0.0,9861.0,-0.5,387.99,127.46
S04,Cooling system degraded,8,22.3,500.76,Back Straight,Sector 2,99.59,47.0,0.0,9927.0,0.4,388.43,127.51
S04,Cooling system degraded,8,22.8,514.52,Back Straight,Sector 2,95.3,0.0,100.0,9576.0,-0.6,393.38,127.36
S04,Cooling system degraded,8,23.3,525.79,Back Straight,Sector 2,72.97,5.9,55.3,7754.0,-1.3,393.2,126.9
S04,Cooling system degraded,8,23.8,534.99,Back Straight,Sector 2,62.92,0.0,23.5,6934.0,4.1,393.91,126.42
S04,Cooling system degraded,8,24.3,543.33,Back Straight,Sector 2,58.46,3.6,13.6,6570.0,0.0,394.93,125.95
S04,Cooling system degraded,8,24.8,551.3,Back Straight,Sector 2,57.28,0.0,13.8,6474.0,-0.3,393.5,125.64
S04,Cooling system degraded,8,25.3,559.29,Back Straight,Sector 2,58.58,3.3,17.6,6580.0,-1.3,394.39,125.51
S04,Cooling system degraded,8,25.8,567.2,Technical Esses,Sector 2,57.07,3.4,19.7,6457.0,13.1,392.95,125.15
S04,Cooling system degraded,8,26.3,575.06,Technical Esses,Sector 2,56.97,29.4,0.0,6449.0,29.5,390.92,124.91
S04,Cooling system degraded,8,26.8,582.98,Technical Esses,Sector 2,56.98,34.9,0.0,6450.0,42.3,389.95,124.62
S04,Cooling system degraded,8,27.3,590.9,Technical Esses,Sector 2,57.09,1.9,17.2,6459.0,62.7,394.05,124.26
S04,Cooling system degraded,8,27.8,598.75,Technical Esses,Sector 2,56.64,29.1,0.0,6422.0,67.1,391.16,123.99
S04,Cooling system degraded,8,28.3,606.61,Technical Esses,Sector 2,56.22,33.4,0.0,6387.0,78.7,391.31,123.71
S04,Cooling system degraded,8,28.8,614.51,Technical Esses,Sector 2,57.34,0.8,17.0,6479.0,83.3,394.81,123.4
S04,Cooling system degraded,8,29.3,622.41,Technical Esses,Sector 2,56.99,35.0,0.0,6450.0,90.1,391.15,123.16
S04,Cooling system degraded,8,29.8,630.3,Technical Esses,Sector 2,56.71,30.0,0.0,6428.0,88.6,390.54,122.88
S04,Cooling system degraded,8,30.3,638.17,Technical Esses,Sector 2,56.45,34.4,0.0,6406.0,89.5,391.75,122.58
S04,Cooling system degraded,8,30.8,646.08,Technical Esses,Sector 2,56.36,39.1,0.0,6399.0,80.7,390.93,122.29
S04,Cooling system degraded,8,31.3,654.0,Technical Esses,Sector 2,56.66,30.4,0.0,6424.0,74.6,391.81,122.0
S04,Cooling system degraded,8,31.8,661.87,Technical Esses,Sector 2,56.32,31.7,0.0,6396.0,67.9,390.52,121.72
S04,Cooling system degraded,8,32.3,669.78,Technical Esses,Sector 2,57.35,0.0,17.1,6480.0,58.4,394.17,121.43
S04,Cooling system degraded,8,32.8,677.68,Technical Esses,Sector 2,57.06,0.0,16.4,6456.0,43.9,393.79,121.13
S04,Cooling system degraded,8,33.3,685.55,Technical Esses,Sector 2,56.92,36.7,0.0,6444.0,29.2,390.71,120.92
S04,Cooling system degraded,8,33.8,693.49,Technical Esses,Sector 2,57.21,0.0,15.2,6468.0,14.2,394.29,120.58
S04,Cooling system degraded,8,34.3,701.38,Long Straight,Sector 3,57.04,100.0,0.0,6454.0,0.5,385.92,120.47
S04,Cooling system degraded,8,34.8,710.0,Long Straight,Sector 3,65.27,100.0,0.0,7126.0,0.9,384.82,120.91
S04,Cooling system degraded,8,35.3,719.7,Long Straight,Sector 3,72.74,100.0,0.0,7735.0,-0.6,384.33,121.45
S04,Cooling system degraded,8,35.8,730.36,Long Straight,Sector 3,79.23,100.0,0.0,8266.0,-0.7,382.33,122.05
S04,Cooling system degraded,8,36.3,741.85,Long Straight,Sector 3,84.96,94.1,0.0,8733.0,-1.6,383.13,122.7
S04,Cooling system degraded,8,36.8,754.07,Long Straight,Sector 3,89.96,100.0,0.0,9141.0,2.2,382.31,123.43
S04,Cooling system degraded,8,37.3,766.93,Long Straight,Sector 3,94.3,100.0,0.0,9495.0,-0.5,381.15,124.2
S04,Cooling system degraded,8,37.8,780.35,Long Straight,Sector 3,98.03,99.6,0.0,9799.0,1.3,381.57,124.99
S04,Cooling system degraded,8,38.3,794.24,Long Straight,Sector 3,101.28,97.4,0.0,10065.0,-0.6,382.71,125.83
S04,Cooling system degraded,8,38.8,808.54,Long Straight,Sector 3,104.07,96.4,0.0,10292.0,-0.8,382.35,126.69
S04,Cooling system degraded,8,39.3,823.2,Long Straight,Sector 3,106.41,100.0,0.0,10483.0,2.8,380.52,127.57
S04,Cooling system degraded,8,39.8,838.15,Long Straight,Sector 3,108.43,100.0,0.0,10648.0,-0.6,380.7,128.47
S04,Cooling system degraded,8,40.3,853.36,Long Straight,Sector 3,110.16,100.0,0.0,10789.0,-0.2,380.63,129.39
S04,Cooling system degraded,8,40.8,868.78,Long Straight,Sector 3,111.65,96.8,0.0,10911.0,-1.7,381.36,130.32
S04,Cooling system degraded,8,41.3,882.93,Long Straight,Sector 3,91.78,6.2,99.1,9289.0,-2.7,393.64,129.84
S04,Cooling system degraded,8,41.8,893.61,Long Straight,Sector 3,67.11,1.5,100.0,7276.0,-0.5,394.01,129.35
S04,Cooling system degraded,8,42.3,901.05,Long Straight,Sector 3,46.54,0.0,41.0,5597.0,-0.7,394.0,128.85
S04,Cooling system degraded,8,42.8,906.91,Long Straight,Sector 3,40.43,0.0,14.6,5099.0,5.3,394.61,128.38
S04,Cooling system degraded,8,43.3,912.41,Long Straight,Sector 3,39.22,0.8,15.3,5000.0,-1.0,393.72,128.02
S04,Cooling system degraded,8,43.8,917.94,Long Straight,Sector 3,41.06,0.0,14.4,5150.0,-2.0,394.18,127.79
S04,Cooling system degraded,8,44.3,923.4,Hairpin,Sector 3,38.59,30.0,0.0,4949.0,-16.7,390.89,127.38
S04,Cooling system degraded,8,44.8,928.85,Hairpin,Sector 3,38.82,36.5,0.0,4968.0,-37.8,391.93,127.02
S04,Cooling system degraded,8,45.3,934.26,Hairpin,Sector 3,38.94,36.8,0.0,4978.0,-60.1,390.92,126.66
S04,Cooling system degraded,8,45.8,939.7,Hairpin,Sector 3,39.07,31.7,0.0,4988.0,-74.1,390.53,126.3
S04,Cooling system degraded,8,46.3,945.14,Hairpin,Sector 3,39.3,0.0,15.5,5007.0,-98.2,393.86,125.91
S04,Cooling system degraded,8,46.8,950.55,Hairpin,Sector 3,39.31,0.0,13.0,5008.0,-108.4,393.66,125.55
S04,Cooling system degraded,8,47.3,956.0,Hairpin,Sector 3,39.56,0.0,18.1,5028.0,-116.3,394.41,125.19
S04,Cooling system degraded,8,47.8,961.39,Hairpin,Sector 3,39.19,1.5,19.6,4998.0,-118.8,393.87,124.84
S04,Cooling system degraded,8,48.3,966.76,Hairpin,Sector 3,38.99,29.9,0.0,4982.0,-116.8,392.23,124.52
S04,Cooling system degraded,8,48.8,972.19,Hairpin,Sector 3,38.66,31.3,0.0,4954.0,-116.6,391.3,124.17
S04,Cooling system degraded,8,49.3,977.6,Hairpin,Sector 3,38.7,26.4,0.0,4958.0,-108.2,390.46,123.82
S04,Cooling system degraded,8,49.8,983.04,Hairpin,Sector 3,38.85,25.8,0.0,4970.0,-94.6,393.07,123.46
S04,Cooling system degraded,8,50.3,988.46,Hairpin,Sector 3,38.73,27.1,0.0,4960.0,-79.7,391.6,123.11
S04,Cooling system degraded,8,50.8,993.87,Hairpin,Sector 3,38.87,30.1,0.0,4971.0,-63.0,392.0,122.77
S04,Cooling system degraded,8,51.3,999.31,Hairpin,Sector 3,38.91,30.8,0.0,4975.0,-41.9,392.04,122.43
S04,Cooling system degraded,8,51.8,1004.73,Hairpin,Sector 3,38.77,25.8,0.0,4963.0,-20.7,392.01,122.08
S04,Cooling system degraded,8,52.3,1010.11,Final Corner,Sector 3,38.44,77.9,0.0,4937.0,-0.2,387.57,121.8
S04,Cooling system degraded,8,52.8,1016.11,Final Corner,Sector 3,46.31,79.1,0.0,5579.0,8.9,387.15,121.9
S04,Cooling system degraded,8,53.3,1023.17,Final Corner,Sector 3,53.71,79.0,0.0,6183.0,25.7,387.02,122.07
S04,Cooling system degraded,8,53.8,1031.22,Final Corner,Sector 3,60.72,78.5,0.0,6755.0,37.6,386.55,122.31
S04,Cooling system degraded,8,54.3,1040.18,Final Corner,Sector 3,67.02,82.9,0.0,7269.0,47.1,386.26,122.61
S04,Cooling system degraded,8,54.8,1049.96,Final Corner,Sector 3,72.11,33.8,0.0,7684.0,52.3,389.95,122.77
S04,Cooling system degraded,8,55.3,1060.14,Final Corner,Sector 3,74.06,38.5,0.0,7843.0,50.0,390.25,122.69
S04,Cooling system degraded,8,55.8,1070.43,Final Corner,Sector 3,73.64,35.6,0.0,7809.0,46.9,390.58,122.45
S04,Cooling system degraded,8,56.3,1080.7,Final Corner,Sector 3,74.22,1.1,13.9,7856.0,34.2,394.34,122.22
S04,Cooling system degraded,8,56.8,1090.96,Final Corner,Sector 3,73.91,33.0,0.0,7831.0,17.4,390.74,122.06
S05,Push session,1,0.0,0.0,Main Straight,Sector 1,0.0,100.0,0.0,1800.0,-3.4,393.09,42.01
S05,Push session,1,0.5,1.03,Main Straight,Sector 1,12.38,97.5,0.0,2810.0,-1.2,392.0,42.13
S05,Push session,1,1.0,3.75,Main Straight,Sector 1,24.37,100.0,0.0,3789.0,-1.7,391.38,42.38
S05,Push session,1,1.5,8.09,Main Straight,Sector 1,35.67,100.0,0.0,4710.0,0.2,389.52,42.75
S05,Push session,1,2.0,13.92,Main Straight,Sector 1,46.12,100.0,0.0,5564.0,-0.5,388.62,43.24
S05,Push session,1,2.5,21.13,Main Straight,Sector 1,55.64,100.0,0.0,6340.0,0.0,389.21,43.83
S05,Push session,1,3.0,29.58,Main Straight,Sector 1,64.15,99.2,0.0,7035.0,2.3,387.98,44.51
S05,Push session,1,3.5,39.13,Main Straight,Sector 1,71.69,100.0,0.0,7650.0,-1.0,387.5,45.26
S05,Push session,1,4.0,49.65,Main Straight,Sector 1,78.29,100.0,0.0,8188.0,-3.6,386.86,46.06
S05,Push session,1,4.5,61.02,Main Straight,Sector 1,84.18,100.0,0.0,8669.0,-1.1,387.03,46.94
S05,Push session,1,5.0,73.15,Main Straight,Sector 1,89.26,99.3,0.0,9084.0,0.6,386.74,47.85
S05,Push session,1,5.5,85.93,Main Straight,Sector 1,93.74,100.0,0.0,9449.0,-1.4,385.6,48.83
S05,Push session,1,6.0,99.27,Main Straight,Sector 1,97.56,99.2,0.0,9761.0,0.3,385.5,49.82
S05,Push session,1,6.5,113.1,Main Straight,Sector 1,100.89,100.0,0.0,10033.0,3.8,384.32,50.85
S05,Push session,1,7.0,127.36,Main Straight,Sector 1,103.74,99.2,0.0,10265.0,1.9,385.27,51.89
S05,Push session,1,7.5,141.97,Main Straight,Sector 1,106.14,99.2,0.0,10461.0,0.4,385.42,52.94
S05,Push session,1,8.0,156.89,Main Straight,Sector 1,108.21,100.0,0.0,10630.0,3.3,384.39,54.01
S05,Push session,1,8.5,172.07,Main Straight,Sector 1,109.99,0.0,88.7,10775.0,-0.9,397.8,54.8
S05,Push session,1,9.0,185.8,Main Straight,Sector 1,93.05,0.0,43.0,9393.0,1.0,398.28,54.5
S05,Push session,1,9.5,197.94,Main Straight,Sector 1,84.42,0.0,23.7,8689.0,2.5,397.97,54.18
S05,Push session,1,10.0,209.27,Main Straight,Sector 1,80.01,0.0,13.0,8329.0,-1.7,397.69,53.86
S05,Push session,1,10.5,220.08,Turn 1 Braking Zone,Sector 1,76.25,0.0,18.1,8022.0,-0.8,397.64,53.54
S05,Push session,1,11.0,230.59,Turn 1 Braking Zone,Sector 1,75.74,2.7,25.4,7981.0,2.2,398.08,53.45
S05,Push session,1,11.5,240.66,Turn 1 Braking Zone,Sector 1,70.58,0.0,10.2,7560.0,1.3,398.47,53.14
S05,Push session,1,12.0,250.15,Turn 1 Braking Zone,Sector 1,66.7,78.9,0.0,7243.0,1.7,389.76,52.98
S05,Push session,1,12.5,259.56,Turn 1 Braking Zone,Sector 1,67.1,77.3,0.0,7275.0,-3.0,389.48,52.97
S05,Push session,1,13.0,268.92,Turn 1 Braking Zone,Sector 1,67.07,71.4,0.0,7273.0,-0.6,390.75,52.95
S05,Push session,1,13.5,278.27,Turn 1 Braking Zone,Sector 1,66.98,76.3,0.0,7266.0,1.0,389.84,52.93
S05,Push session,1,14.0,287.62,Turn 1 Medium Left,Sector 1,67.47,0.4,13.8,7305.0,-16.5,398.16,52.77
S05,Push session,1,14.5,296.95,Turn 1 Medium Left,Sector 1,67.37,3.1,19.2,7298.0,-30.9,398.45,52.68
S05,Push session,1,15.0,306.26,Turn 1 Medium Left,Sector 1,66.81,33.7,0.0,7251.0,-50.4,394.62,52.63
S05,Push session,1,15.5,315.61,Turn 1 Medium Left,Sector 1,67.68,0.0,14.2,7322.0,-59.5,397.02,52.52
S05,Push session,1,16.0,324.92,Turn 1 Medium Left,Sector 1,67.34,1.7,10.7,7295.0,-68.8,398.1,52.4
S05,Push session,1,16.5,334.26,Turn 1 Medium Left,Sector 1,67.33,0.0,14.4,7294.0,-71.4,396.93,52.29
S05,Push session,1,17.0,343.55,Turn 1 Medium Left,Sector 1,67.01,34.1,0.0,7268.0,-68.2,394.06,52.24
S05,Push session,1,17.5,352.87,Turn 1 Medium Left,Sector 1,66.71,33.8,0.0,7244.0,-63.1,395.08,52.14
S05,Push session,1,18.0,362.21,Turn 1 Medium Left,Sector 1,67.59,0.0,17.9,7315.0,-48.4,397.87,52.04
S05,Push session,1,18.5,371.52,Turn 1 Medium Left,Sector 1,67.06,37.0,0.0,7272.0,-39.0,393.33,52.0
S05,Push session,1,19.0,380.82,Turn 1 Medium Left,Sector 1,66.5,34.8,0.0,7226.0,-16.1,394.63,51.9
S05,Push session,1,19.5,390.13,Back Straight,Sector 2,67.3,100.0,0.0,7291.0,1.0,387.59,51.99
S05,Push session,1,20.0,400.09,Back Straight,Sector 2,74.53,100.0,0.0,7881.0,1.0,386.72,52.7
S05,Push session,1,20.5,410.98,Back Straight,Sector 2,80.89,97.3,0.0,8400.0,-1.1,387.88,53.46
S05,Push session,1,21.0,422.68,Back Straight,Sector 2,86.4,98.5,0.0,8850.0,1.1,386.92,54.28
S05,Push session,1,21.5,435.08,Back Straight,Sector 2,91.18,100.0,0.0,9240.0,0.3,386.32,55.13
S05,Push session,1,22.0,448.1,Back Straight,Sector 2,95.35,100.0,0.0,9581.0,2.9,385.65,56.03
S05,Push session,1,22.5,461.52,Back Straight,Sector 2,96.95,42.8,0.0,9711.0,1.3,392.54,56.21
S05,Push session,1,23.0,475.06,Back Straight,Sector 2,97.89,45.0,0.0,9788.0,-4.3,393.36,56.39
S05,Push session,1,23.5,488.74,Back Straight,Sector 2,98.88,37.8,0.0,9869.0,0.1,393.36,56.58
S05,Push session,1,24.0,502.55,Back Straight,Sector 2,99.79,40.7,0.0,9943.0,-3.7,393.63,56.79
S05,Push session,1,24.5,516.05,Back Straight,Sector 2,90.39,1.1,100.0,9176.0,1.8,397.72,56.65
S05,Push session,1,25.0,526.9,Back Straight,Sector 2,71.99,0.0,41.2,7674.0,0.4,398.32,56.29
S05,Push session,1,25.5,536.2,Back Straight,Sector 2,64.53,2.1,18.9,7066.0,-0.5,398.6,55.95
S05,Push session,1,26.0,544.83,Back Straight,Sector 2,60.57,0.0,14.2,6742.0,0.0,398.33,55.6
S05,Push session,1,26.5,553.15,Back Straight,Sector 2,59.36,100.0,0.0,6644.0,0.9,388.95,55.62
S05,Push session,1,27.0,561.54,Technical Esses,Sector 2,60.22,1.0,16.0,6714.0,5.0,396.57,55.44
S05,Push session,1,27.5,569.79,Technical Esses,Sector 2,58.91,35.7,0.0,6607.0,20.9,394.6,55.28
S05,Push session,1,28.0,578.03,Technical Esses,Sector 2,58.75,30.3,0.0,6594.0,32.9,395.83,55.11
S05,Push session,1,28.5,586.27,Technical Esses,Sector 2,59.62,2.1,15.7,6665.0,46.3,397.61,54.93
S05,Push session,1,29.0,594.5,Technical Esses,Sector 2,59.5,38.1,0.0,6656.0,62.1,394.34,54.84
S05,Push session,1,29.5,602.77,Technical Esses,Sector 2,59.47,28.7,0.0,6652.0,71.1,395.74,54.67
S05,Push session,1,30.0,611.0,Technical Esses,Sector 2,59.11,37.8,0.0,6623.0,82.3,393.77,54.52
S05,Push session,1,30.5,619.23,Technical Esses,Sector 2,58.84,31.8,0.0,6602.0,88.2,395.07,54.36
S05,Push session,1,31.0,627.49,Technical Esses,Sector 2,59.93,0.0,14.8,6690.0,87.2,397.93,54.21
S05,Push session,1,31.5,635.74,Technical Esses,Sector 2,59.94,0.0,18.3,6691.0,90.5,397.66,54.05
S05,Push session,1,32.0,644.0,Technical Esses,Sector 2,59.56,0.0,17.3,6660.0,85.7,397.72,53.9
S05,Push session,1,32.5,652.2,Technical Esses,Sector 2,59.12,32.7,0.0,6624.0,79.6,394.67,53.81
S05,Push session,1,33.0,660.43,Technical Esses,Sector 2,58.85,35.4,0.0,6602.0,72.4,394.28,53.66
S05,Push session,1,33.5,668.69,Technical Esses,Sector 2,59.93,0.0,15.6,6690.0,55.1,397.66,53.51
S05,Push session,1,34.0,676.94,Technical Esses,Sector 2,59.8,0.0,12.4,6680.0,44.7,396.81,53.36
S05,Push session,1,34.5,685.19,Technical Esses,Sector 2,59.93,0.4,18.3,6690.0,25.8,398.62,53.23
S05,Push session,1,35.0,693.44,Technical Esses,Sector 2,59.59,0.0,14.1,6662.0,14.0,398.33,53.09
S05,Push session,1,35.5,701.73,Long Straight,Sector 3,60.94,100.0,0.0,6772.0,-0.1,388.04,53.25
S05,Push session,1,36.0,710.87,Long Straight,Sector 3,68.86,99.9,0.0,7419.0,3.1,387.32,53.88
S05,Push session,1,36.5,721.02,Long Straight,Sector 3,75.84,100.0,0.0,7989.0,-2.0,387.58,54.57
S05,Push session,1,37.0,732.08,Long Straight,Sector 3,82.05,100.0,0.0,8495.0,2.3,386.81,55.33
S05,Push session,1,37.5,743.93,Long Straight,Sector 3,87.42,98.3,0.0,8934.0,0.9,386.87,56.13
S05,Push session,1,38.0,756.48,Long Straight,Sector 3,92.15,100.0,0.0,9319.0,0.3,386.41,57.0
S05,Push session,1,38.5,769.62,Long Straight,Sector 3,96.25,95.7,0.0,9654.0,-1.1,386.14,57.89
S05,Push session,1,39.0,783.28,Long Straight,Sector 3,99.69,100.0,0.0,9934.0,0.8,385.4,58.8
S05,Push session,1,39.5,797.38,Long Straight,Sector 3,102.7,100.0,0.0,10180.0,1.2,384.94,59.75
S05,Push session,1,40.0,811.87,Long Straight,Sector 3,105.27,96.1,0.0,10390.0,1.7,385.76,60.7
S05,Push session,1,40.5,826.67,Long Straight,Sector 3,107.46,100.0,0.0,10569.0,-0.7,384.31,61.68
S05,Push session,1,41.0,841.76,Long Straight,Sector 3,109.37,100.0,0.0,10724.0,-1.3,385.21,62.68
S05,Push session,1,41.5,857.09,Long Straight,Sector 3,110.95,97.9,0.0,10854.0,-2.1,385.03,63.66
S05,Push session,1,42.0,872.61,Long Straight,Sector 3,112.32,0.0,100.0,10965.0,1.7,398.76,64.38
S05,Push session,1,42.5,886.12,Long Straight,Sector 3,87.27,0.0,100.0,8922.0,-1.0,399.16,63.94
S05,Push session,1,43.0,896.15,Long Straight,Sector 3,62.21,0.0,98.2,6876.0,-2.3,398.05,63.51
S05,Push session,1,43.5,903.25,Long Straight,Sector 3,46.4,0.0,23.2,5586.0,0.0,398.58,63.08
S05,Push session,1,44.0,909.28,Long Straight,Sector 3,41.76,2.7,12.5,5208.0,1.1,398.26,62.66
S05,Push session,1,44.5,915.01,Long Straight,Sector 3,40.84,96.9,0.0,5133.0,-1.5,390.53,62.52
S05,Push session,1,45.0,920.87,Hairpin,Sector 3,42.23,1.4,18.9,5246.0,-4.8,398.39,62.23
S05,Push session,1,45.5,926.53,Hairpin,Sector 3,40.81,32.1,0.0,5130.0,-25.3,395.33,61.94
S05,Push session,1,46.0,932.22,Hairpin,Sector 3,40.97,0.0,15.2,5143.0,-50.3,397.9,61.62
S05,Push session,1,46.5,937.86,Hairpin,Sector 3,40.78,25.3,0.0,5128.0,-71.8,395.62,61.36
S05,Push session,1,47.0,943.54,Hairpin,Sector 3,40.56,31.2,0.0,5110.0,-87.4,394.52,61.08
S05,Push session,1,47.5,949.2,Hairpin,Sector 3,40.54,27.9,0.0,5108.0,-101.9,394.8,60.8
S05,Push session,1,48.0,954.84,Hairpin,Sector 3,40.38,29.0,0.0,5095.0,-113.1,396.65,60.51
S05,Push session,1,48.5,960.52,Hairpin,Sector 3,40.35,28.5,0.0,5092.0,-116.6,396.2,60.24
S05,Push session,1,49.0,966.19,Hairpin,Sector 3,40.35,30.6,0.0,5093.0,-120.7,395.2,59.97
S05,Push session,1,49.5,971.87,Hairpin,Sector 3,40.39,34.3,0.0,5096.0,-116.9,394.64,59.7
S05,Push session,1,50.0,977.51,Hairpin,Sector 3,40.22,31.9,0.0,5082.0,-108.6,394.55,59.44
S05,Push session,1,50.5,983.17,Hairpin,Sector 3,40.17,28.1,0.0,5078.0,-97.6,395.36,59.17
S05,Push session,1,51.0,988.82,Hairpin,Sector 3,40.38,29.8,0.0,5095.0,-83.0,395.47,58.92
S05,Push session,1,51.5,994.49,Hairpin,Sector 3,40.27,30.3,0.0,5086.0,-60.0,395.3,58.65
S05,Push session,1,52.0,1000.16,Hairpin,Sector 3,40.23,33.2,0.0,5082.0,-41.7,394.1,58.4
S05,Push session,1,52.5,1005.83,Hairpin,Sector 3,40.55,29.3,0.0,5109.0,-17.3,394.9,58.14
S05,Push session,1,53.0,1011.57,Final Corner,Sector 3,43.0,79.9,0.0,5309.0,4.8,391.52,58.07
S05,Push session,1,53.5,1018.18,Final Corner,Sector 3,50.57,80.9,0.0,5926.0,16.6,390.56,58.29
S05,Push session,1,54.0,1025.82,Final Corner,Sector 3,57.77,78.7,0.0,6514.0,28.4,391.16,58.58
S05,Push session,1,54.5,1034.38,Final Corner,Sector 3,64.16,82.1,0.0,7035.0,37.2,390.77,58.91
S05,Push session,1,55.0,1043.79,Final Corner,Sector 3,70.02,79.1,0.0,7513.0,49.9,390.24,59.29
S05,Push session,1,55.5,1053.97,Final Corner,Sector 3,75.43,36.7,0.0,7955.0,57.2,394.73,59.63
S05,Push session,1,56.0,1064.61,Final Corner,Sector 3,77.29,34.0,0.0,8107.0,52.6,395.19,59.63
S05,Push session,1,56.5,1075.36,Final Corner,Sector 3,77.91,1.6,15.3,8157.0,40.9,398.14,59.48
S05,Push session,1,57.0,1086.1,Final Corner,Sector 3,77.4,33.7,0.0,8116.0,27.1,393.98,59.4
S05,Push session,1,57.5,1096.85,Final Corner,Sector 3,77.79,0.0,13.4,8147.0,7.1,398.49,59.25
S05,Push session,2,0.3,6.66,Main Straight,Sector 1,81.18,100.0,0.0,8424.0,-2.8,386.39,59.82
S05,Push session,2,0.8,18.41,Main Straight,Sector 1,86.69,100.0,0.0,8874.0,1.4,385.52,60.58
S05,Push session,2,1.3,30.86,Main Straight,Sector 1,91.52,99.8,0.0,9268.0,-3.1,385.66,61.38
S05,Push session,2,1.8,43.92,Main Straight,Sector 1,95.66,94.1,0.0,9605.0,-1.1,385.4,62.2
S05,Push session,2,2.3,57.5,Main Straight,Sector 1,99.09,100.0,0.0,9886.0,-2.5,385.87,63.04
S05,Push session,2,2.8,71.53,Main Straight,Sector 1,102.22,97.0,0.0,10141.0,1.4,385.64,63.94
S05,Push session,2,3.3,85.95,Main Straight,Sector 1,104.84,100.0,0.0,10355.0,-3.2,384.75,64.85
S05,Push session,2,3.8,100.7,Main Straight,Sector 1,107.1,100.0,0.0,10539.0,2.5,385.15,65.77
S05,Push session,2,4.3,115.74,Main Straight,Sector 1,109.04,100.0,0.0,10698.0,-0.4,384.42,66.71
S05,Push session,2,4.8,131.03,Main Straight,Sector 1,110.71,100.0,0.0,10834.0,-1.7,384.8,67.67
S05,Push session,2,5.3,146.52,Main Straight,Sector 1,112.14,100.0,0.0,10950.0,0.9,384.81,68.64
S05,Push session,2,5.8,162.18,Main Straight,Sector 1,112.89,43.1,0.0,11012.0,-0.9,391.56,69.11
S05,Push session,2,6.3,177.49,Main Straight,Sector 1,104.27,0.3,75.9,10308.0,1.9,397.35,68.84
S05,Push session,2,6.8,190.64,Main Straight,Sector 1,89.61,0.0,39.6,9112.0,-3.3,397.82,68.35
S05,Push session,2,7.3,202.38,Main Straight,Sector 1,81.84,0.0,20.7,8478.0,-0.6,397.68,67.87
S05,Push session,2,7.8,213.38,Main Straight,Sector 1,77.65,5.8,15.2,8136.0,-0.8,397.16,67.41
S05,Push session,2,8.3,223.89,Turn 1 Braking Zone,Sector 1,74.97,35.6,0.0,7917.0,-0.1,394.03,67.08
S05,Push session,2,8.8,234.22,Turn 1 Braking Zone,Sector 1,72.36,0.6,17.5,7705.0,-0.8,396.0,66.71
S05,Push session,2,9.3,243.93,Turn 1 Braking Zone,Sector 1,68.49,2.4,15.0,7389.0,0.4,397.77,66.25
S05,Push session,2,9.8,253.24,Turn 1 Braking Zone,Sector 1,66.75,77.1,0.0,7247.0,-0.1,389.96,66.08
S05,Push session,2,10.3,262.58,Turn 1 Braking Zone,Sector 1,66.92,2.1,17.1,7260.0,1.9,396.74,65.78
S05,Push session,2,10.8,271.87,Turn 1 Braking Zone,Sector 1,66.87,5.2,15.2,7257.0,-1.3,396.98,65.63
S05,Push session,2,11.3,281.15,Turn 1 Medium Left,Sector 1,66.89,0.0,11.5,7259.0,-4.0,397.53,65.46
S05,Push session,2,11.8,290.41,Turn 1 Medium Left,Sector 1,66.77,0.0,13.3,7249.0,-19.3,397.31,65.21
S05,Push session,2,12.3,299.65,Turn 1 Medium Left,Sector 1,66.71,34.4,0.0,7243.0,-39.4,394.74,65.03
S05,Push session,2,12.8,308.92,Turn 1 Medium Left,Sector 1,66.37,35.6,0.0,7216.0,-49.6,394.83,64.78
S05,Push session,2,13.3,318.14,Turn 1 Medium Left,Sector 1,65.99,34.3,0.0,7185.0,-62.5,393.64,64.54
S05,Push session,2,13.8,327.39,Turn 1 Medium Left,Sector 1,67.04,3.1,17.8,7270.0,-70.0,397.03,64.31
S05,Push session,2,14.3,336.62,Turn 1 Medium Left,Sector 1,66.56,34.4,0.0,7231.0,-74.0,393.99,64.13
S05,Push session,2,14.8,345.87,Turn 1 Medium Left,Sector 1,66.11,35.7,0.0,7194.0,-69.3,394.13,63.89
S05,Push session,2,15.3,355.14,Turn 1 Medium Left,Sector 1,67.12,0.2,17.7,7277.0,-63.2,397.84,63.67
S05,Push session,2,15.8,364.38,Turn 1 Medium Left,Sector 1,66.69,35.1,0.0,7242.0,-44.9,393.92,63.5
S05,Push session,2,16.3,373.65,Turn 1 Medium Left,Sector 1,66.48,32.7,0.0,7224.0,-30.5,394.53,63.26
S05,Push session,2,16.8,382.89,Turn 1 Medium Left,Sector 1,66.18,38.8,0.0,7200.0,-14.7,392.52,63.05
S05,Push session,2,17.3,392.2,Back Straight,Sector 2,68.38,100.0,0.0,7380.0,-0.9,387.41,63.14
S05,Push session,2,17.8,402.3,Back Straight,Sector 2,75.43,100.0,0.0,7955.0,0.3,387.18,63.73
S05,Push session,2,18.3,413.3,Back Straight,Sector 2,81.61,100.0,0.0,8460.0,0.2,386.84,64.37
S05,Push session,2,18.8,425.1,Back Straight,Sector 2,87.06,96.9,0.0,8904.0,0.1,387.05,65.07
S05,Push session,2,19.3,437.59,Back Straight,Sector 2,91.77,100.0,0.0,9289.0,1.4,386.55,65.82
S05,Push session,2,19.8,450.69,Back Straight,Sector 2,95.88,97.9,0.0,9624.0,1.8,386.14,66.61
S05,Push session,2,20.3,464.16,Back Straight,Sector 2,97.4,41.3,0.0,9748.0,-0.2,393.13,66.67
S05,Push session,2,20.8,477.76,Back Straight,Sector 2,98.31,43.1,0.0,9822.0,-0.1,392.38,66.73
S05,Push session,2,21.3,491.49,Back Straight,Sector 2,99.18,42.4,0.0,9893.0,-1.2,391.26,66.8
S05,Push session,2,21.8,505.34,Back Straight,Sector 2,100.08,45.8,0.0,9966.0,0.8,392.55,66.9
S05,Push session,2,22.3,518.45,Back Straight,Sector 2,85.35,0.0,83.8,8764.0,0.2,397.3,66.54
S05,Push session,2,22.8,528.88,Back Straight,Sector 2,69.94,4.0,33.9,7507.0,2.6,396.91,66.1
S05,Push session,2,23.3,537.95,Back Straight,Sector 2,62.92,1.1,14.9,6934.0,-0.6,397.57,65.65
S05,Push session,2,23.8,546.39,Back Straight,Sector 2,59.35,1.2,13.7,6643.0,2.2,396.22,65.21
S05,Push session,2,24.3,554.66,Back Straight,Sector 2,60.43,0.0,17.0,6731.0,-2.0,397.36,65.11
S05,Push session,2,24.8,562.94,Technical Esses,Sector 2,59.02,33.3,0.0,6616.0,9.6,394.39,64.9
S05,Push session,2,25.3,571.16,Technical Esses,Sector 2,58.95,34.2,0.0,6611.0,24.0,394.15,64.62
S05,Push session,2,25.8,579.37,Technical Esses,Sector 2,58.86,33.8,0.0,6603.0,37.7,394.51,64.35
S05,Push session,2,26.3,587.58,Technical Esses,Sector 2,58.79,32.8,0.0,6597.0,50.5,394.43,64.08
S05,Push session,2,26.8,595.77,Technical Esses,Sector 2,58.68,33.3,0.0,6589.0,62.4,394.48,63.82
S05,Push session,2,27.3,603.98,Technical Esses,Sector 2,58.83,34.0,0.0,6601.0,71.1,394.22,63.57
S05,Push session,2,27.8,612.17,Technical Esses,Sector 2,58.63,35.3,0.0,6584.0,82.4,393.89,63.32
S05,Push session,2,28.3,620.41,Technical Esses,Sector 2,59.7,1.2,21.1,6671.0,85.8,396.71,63.07
S05,Push session,2,28.8,628.61,Technical Esses,Sector 2,59.22,1.2,12.9,6632.0,90.3,397.57,62.82
S05,Push session,2,29.3,636.79,Technical Esses,Sector 2,59.1,32.7,0.0,6622.0,86.4,394.54,62.61
S05,Push session,2,29.8,644.98,Technical Esses,Sector 2,58.88,36.2,0.0,6605.0,82.2,393.64,62.37
S05,Push session,2,30.3,653.19,Technical Esses,Sector 2,58.83,38.0,0.0,6601.0,75.7,393.99,62.13
S05,Push session,2,30.8,661.39,Technical Esses,Sector 2,58.83,32.1,0.0,6601.0,66.8,394.21,61.89
S05,Push session,2,31.3,669.56,Technical Esses,Sector 2,58.66,37.4,0.0,6586.0,56.9,394.32,61.67
S05,Push session,2,31.8,677.79,Technical Esses,Sector 2,58.74,30.8,0.0,6594.0,43.4,394.11,61.44
S05,Push session,2,32.3,685.99,Technical Esses,Sector 2,58.29,32.2,0.0,6556.0,28.4,394.55,61.2
S05,Push session,2,32.8,694.19,Technical Esses,Sector 2,59.6,0.0,14.5,6663.0,12.5,397.66,60.98
S05,Push session,2,33.3,702.42,Long Straight,Sector 3,60.57,100.0,0.0,6742.0,-0.7,388.03,61.04
S05,Push session,2,33.8,711.49,Long Straight,Sector 3,68.35,98.8,0.0,7378.0,-1.8,387.74,61.56
S05,Push session,2,34.3,721.58,Long Straight,Sector 3,75.48,96.8,0.0,7959.0,1.0,387.47,62.17
S05,Push session,2,34.8,732.58,Long Straight,Sector 3,81.64,99.7,0.0,8462.0,1.0,386.81,62.83
S05,Push session,2,35.3,744.38,Long Straight,Sector 3,87.0,93.4,0.0,8899.0,-2.6,386.44,63.52
S05,Push session,2,35.8,756.85,Long Straight,Sector 3,91.66,100.0,0.0,9279.0,0.2,385.98,64.29
S05,Push session,2,36.3,769.93,Long Straight,Sector 3,95.75,100.0,0.0,9613.0,0.9,385.86,65.08
S05,Push session,2,36.8,783.54,Long Straight,Sector 3,99.33,100.0,0.0,9905.0,0.6,385.08,65.93
S05,Push session,2,37.3,797.6,Long Straight,Sector 3,102.42,98.7,0.0,10157.0,0.3,384.46,66.8
S05,Push session,2,37.8,812.04,Long Straight,Sector 3,105.04,97.7,0.0,10372.0,-0.4,384.83,67.68
S05,Push session,2,38.3,826.82,Long Straight,Sector 3,107.21,100.0,0.0,10549.0,0.2,385.9,68.55
S05,Push session,2,38.8,841.87,Long Straight,Sector 3,109.16,97.4,0.0,10707.0,2.9,384.73,69.47
S05,Push session,2,39.3,857.17,Long Straight,Sector 3,110.78,98.1,0.0,10840.0,0.7,383.89,70.38
S05,Push session,2,39.8,872.68,Long Straight,Sector 3,112.18,0.0,99.0,10954.0,-0.6,397.11,71.02
S05,Push session,2,40.3,886.17,Long Straight,Sector 3,87.1,0.0,99.9,8907.0,2.4,397.9,70.53
S05,Push session,2,40.8,896.18,Long Straight,Sector 3,62.02,0.0,96.6,6861.0,1.1,397.75,70.02
S05,Push session,2,41.3,903.27,Long Straight,Sector 3,46.29,2.5,28.5,5577.0,-2.5,397.45,69.53
S05,Push session,2,41.8,909.22,Long Straight,Sector 3,41.02,100.0,0.0,5147.0,0.7,389.08,69.17
S05,Push session,2,42.3,915.07,Long Straight,Sector 3,42.75,1.7,11.1,5288.0,2.0,396.67,68.81
S05,Push session,2,42.8,920.88,Hairpin,Sector 3,42.06,0.0,14.3,5232.0,-6.1,397.09,68.45
S05,Push session,2,43.3,926.59,Hairpin,Sector 3,41.33,2.4,18.5,5172.0,-28.0,397.32,68.06
S05,Push session,2,43.8,932.27,Hairpin,Sector 3,41.05,31.4,0.0,5150.0,-50.1,394.88,67.74
S05,Push session,2,44.3,937.99,Hairpin,Sector 3,41.2,0.0,16.4,5162.0,-68.5,396.48,67.35
S05,Push session,2,44.8,943.67,Hairpin,Sector 3,41.16,0.0,13.5,5159.0,-85.2,397.58,66.99
S05,Push session,2,45.3,949.36,Hairpin,Sector 3,41.13,0.0,20.0,5156.0,-106.2,396.74,66.64
S05,Push session,2,45.8,954.99,Hairpin,Sector 3,40.79,32.0,0.0,5129.0,-113.3,393.6,66.34
S05,Push session,2,46.3,960.69,Hairpin,Sector 3,40.97,29.5,0.0,5143.0,-117.2,395.83,66.0
S05,Push session,2,46.8,966.4,Hairpin,Sector 3,41.23,0.0,18.5,5164.0,-117.9,396.64,65.63
S05,Push session,2,47.3,972.07,Hairpin,Sector 3,41.18,0.0,14.3,5160.0,-120.6,398.08,65.31
S05,Push session,2,47.8,977.73,Hairpin,Sector 3,40.81,31.4,0.0,5130.0,-109.9,394.43,65.02
S05,Push session,2,48.3,983.4,Hairpin,Sector 3,40.88,27.3,0.0,5136.0,-94.7,395.12,64.69
S05,Push session,2,48.8,989.09,Hairpin,Sector 3,40.62,27.8,0.0,5115.0,-79.7,394.24,64.36
S05,Push session,2,49.3,994.76,Hairpin,Sector 3,40.53,29.5,0.0,5107.0,-59.5,394.74,64.05
S05,Push session,2,49.8,1000.47,Hairpin,Sector 3,40.76,28.6,0.0,5126.0,-36.2,395.38,63.74
S05,Push session,2,50.3,1006.17,Hairpin,Sector 3,40.85,23.0,0.0,5134.0,-17.4,395.89,63.42
S05,Push session,2,50.8,1011.9,Final Corner,Sector 3,42.82,81.3,0.0,5294.0,4.2,391.29,63.29
S05,Push session,2,51.3,1018.51,Final Corner,Sector 3,50.61,78.1,0.0,5930.0,16.6,390.15,63.46
S05,Push session,2,51.8,1026.13,Final Corner,Sector 3,57.62,79.6,0.0,6502.0,26.6,389.8,63.68
S05,Push session,2,52.3,1034.68,Final Corner,Sector 3,64.13,76.5,0.0,7033.0,40.4,389.84,63.96
S05,Push session,2,52.8,1044.08,Final Corner,Sector 3,69.97,78.8,0.0,7509.0,48.4,389.73,64.29
S05,Push session,2,53.3,1054.25,Final Corner,Sector 3,75.38,39.5,0.0,7951.0,55.5,393.38,64.58
S05,Push session,2,53.8,1064.89,Final Corner,Sector 3,77.24,36.0,0.0,8103.0,50.2,394.35,64.52
S05,Push session,2,54.3,1075.68,Final Corner,Sector 3,78.13,1.7,15.3,8176.0,40.4,397.58,64.34
S05,Push session,2,54.8,1086.46,Final Corner,Sector 3,77.62,37.8,0.0,8133.0,24.7,393.55,64.22
S05,Push session,2,55.3,1097.24,Final Corner,Sector 3,77.27,36.9,0.0,8105.0,3.7,393.21,64.03
S05,Push session,3,0.3,6.7,Main Straight,Sector 1,81.53,100.0,0.0,8453.0,-1.6,385.06,64.53
S05,Push session,3,0.8,18.49,Main Straight,Sector 1,86.98,97.8,0.0,8897.0,-0.9,385.08,65.23
S05,Push session,3,1.3,30.97,Main Straight,Sector 1,91.68,100.0,0.0,9281.0,-1.3,384.63,65.97
S05,Push session,3,1.8,44.04,Main Straight,Sector 1,95.73,99.1,0.0,9612.0,-0.1,384.84,66.74
S05,Push session,3,2.3,57.64,Main Straight,Sector 1,99.31,98.3,0.0,9903.0,1.9,384.4,67.56
S05,Push session,3,2.8,71.7,Main Straight,Sector 1,102.37,100.0,0.0,10154.0,0.9,385.17,68.41
S05,Push session,3,3.3,86.14,Main Straight,Sector 1,104.99,100.0,0.0,10367.0,-0.5,384.9,69.27
S05,Push session,3,3.8,100.91,Main Straight,Sector 1,107.23,93.5,0.0,10550.0,0.3,384.54,70.13
S05,Push session,3,4.3,115.96,Main Straight,Sector 1,109.13,99.4,0.0,10705.0,0.4,384.1,71.03
S05,Push session,3,4.8,131.26,Main Straight,Sector 1,110.76,97.6,0.0,10838.0,2.0,384.16,71.92
S05,Push session,3,5.3,146.76,Main Straight,Sector 1,112.16,100.0,0.0,10952.0,-2.1,383.99,72.84
S05,Push session,3,5.8,162.42,Main Straight,Sector 1,112.88,43.1,0.0,11011.0,-0.7,391.25,73.24
S05,Push session,3,6.3,177.72,Main Straight,Sector 1,103.96,1.7,69.8,10283.0,-1.8,397.19,72.96
S05,Push session,3,6.8,190.85,Main Straight,Sector 1,89.49,1.7,38.8,9102.0,0.9,396.35,72.43
S05,Push session,3,7.3,202.61,Main Straight,Sector 1,82.16,2.3,19.0,8504.0,0.9,396.53,71.91
S05,Push session,3,7.8,213.68,Main Straight,Sector 1,78.31,0.5,18.8,8190.0,-1.6,397.28,71.4
S05,Push session,3,8.3,224.24,Turn 1 Braking Zone,Sector 1,75.45,0.4,13.8,7957.0,0.1,396.82,70.98
S05,Push session,3,8.8,234.59,Turn 1 Braking Zone,Sector 1,73.04,0.0,20.6,7760.0,-2.0,396.34,70.62
S05,Push session,3,9.3,244.36,Turn 1 Braking Zone,Sector 1,68.81,4.5,13.0,7415.0,0.2,395.75,70.13
S05,Push session,3,9.8,253.7,Turn 1 Braking Zone,Sector 1,66.8,74.9,0.0,7251.0,1.3,389.19,69.92
S05,Push session,3,10.3,263.03,Turn 1 Braking Zone,Sector 1,66.86,0.0,15.8,7256.0,1.3,396.78,69.57
S05,Push session,3,10.8,272.31,Turn 1 Braking Zone,Sector 1,66.74,81.4,0.0,7246.0,0.7,388.33,69.52
S05,Push session,3,11.3,281.64,Turn 1 Medium Left,Sector 1,66.82,3.4,17.6,7252.0,-6.5,396.63,69.18
S05,Push session,3,11.8,290.88,Turn 1 Medium Left,Sector 1,66.36,36.1,0.0,7215.0,-23.7,392.66,68.96
S05,Push session,3,12.3,300.15,Turn 1 Medium Left,Sector 1,66.24,30.4,0.0,7205.0,-38.1,393.46,68.67
S05,Push session,3,12.8,309.42,Turn 1 Medium Left,Sector 1,66.99,0.0,14.7,7266.0,-51.7,396.01,68.38
S05,Push session,3,13.3,318.69,Turn 1 Medium Left,Sector 1,67.05,2.0,12.7,7271.0,-61.0,397.27,68.11
S05,Push session,3,13.8,327.95,Turn 1 Medium Left,Sector 1,67.19,0.0,12.9,7283.0,-70.5,396.36,67.86
S05,Push session,3,14.3,337.22,Turn 1 Medium Left,Sector 1,67.15,3.7,13.8,7279.0,-70.2,397.03,67.59
S05,Push session,3,14.8,346.49,Turn 1 Medium Left,Sector 1,67.2,3.3,16.8,7284.0,-63.8,396.43,67.34
S05,Push session,3,15.3,355.75,Turn 1 Medium Left,Sector 1,66.83,1.9,14.5,7253.0,-60.6,396.16,67.06
S05,Push session,3,15.8,365.01,Turn 1 Medium Left,Sector 1,66.67,35.8,0.0,7240.0,-45.7,393.07,66.84
S05,Push session,3,16.3,374.27,Turn 1 Medium Left,Sector 1,66.66,30.0,0.0,7240.0,-31.7,394.04,66.57
S05,Push session,3,16.8,383.52,Turn 1 Medium Left,Sector 1,66.28,37.1,0.0,7208.0,-16.0,393.55,66.31
S05,Push session,3,17.3,392.84,Back Straight,Sector 2,68.38,96.7,0.0,7380.0,-1.2,386.3,66.37
S05,Push session,3,17.8,402.92,Back Straight,Sector 2,75.36,98.8,0.0,7949.0,-1.9,386.61,66.91
S05,Push session,3,18.3,413.92,Back Straight,Sector 2,81.6,100.0,0.0,8458.0,1.2,386.31,67.53
S05,Push session,3,18.8,425.72,Back Straight,Sector 2,87.06,100.0,0.0,8904.0,1.0,385.33,68.21
S05,Push session,3,19.3,438.21,Back Straight,Sector 2,91.82,98.2,0.0,9292.0,-2.2,386.4,68.92
S05,Push session,3,19.8,451.31,Back Straight,Sector 2,95.91,100.0,0.0,9626.0,0.9,385.42,69.68
S05,Push session,3,20.3,464.8,Back Straight,Sector 2,97.53,45.8,0.0,9759.0,-0.8,391.52,69.74
S05,Push session,3,20.8,478.44,Back Straight,Sector 2,98.59,38.4,0.0,9845.0,0.0,392.3,69.8
S05,Push session,3,21.3,492.2,Back Straight,Sector 2,99.48,42.1,0.0,9917.0,-3.3,391.0,69.85
S05,Push session,3,21.8,506.09,Back Straight,Sector 2,100.33,44.9,0.0,9987.0,2.0,391.58,69.91
S05,Push session,3,22.3,519.23,Back Straight,Sector 2,85.68,0.0,87.5,8792.0,0.3,397.32,69.54
S05,Push session,3,22.8,529.66,Back Straight,Sector 2,69.82,0.0,36.3,7497.0,5.3,396.08,69.07
S05,Push session,3,23.3,538.72,Back Straight,Sector 2,62.82,0.0,14.8,6926.0,-2.6,396.52,68.58
S05,Push session,3,23.8,547.13,Back Straight,Sector 2,59.01,100.0,0.0,6615.0,0.3,387.58,68.28
S05,Push session,3,24.3,555.46,Back Straight,Sector 2,59.76,1.4,12.7,6676.0,4.1,397.19,67.98
S05,Push session,3,24.8,563.68,Technical Esses,Sector 2,58.66,33.5,0.0,6587.0,5.5,393.63,67.73
S05,Push session,3,25.3,571.87,Technical Esses,Sector 2,58.87,31.1,0.0,6604.0,25.2,393.92,67.43
S05,Push session,3,25.8,580.05,Technical Esses,Sector 2,58.58,33.1,0.0,6580.0,39.8,392.8,67.13
S05,Push session,3,26.3,588.2,Technical Esses,Sector 2,58.49,36.2,0.0,6573.0,51.8,394.04,66.84
S05,Push session,3,26.8,596.39,Technical Esses,Sector 2,58.43,39.1,0.0,6568.0,65.2,393.97,66.56
S05,Push session,3,27.3,604.6,Technical Esses,Sector 2,58.58,29.2,0.0,6580.0,75.3,394.4,66.26
S05,Push session,3,27.8,612.78,Technical Esses,Sector 2,58.48,27.6,0.0,6572.0,81.5,394.69,65.95
S05,Push session,3,28.3,620.98,Technical Esses,Sector 2,59.39,0.0,16.1,6646.0,85.6,397.07,65.65
S05,Push session,3,28.8,629.17,Technical Esses,Sector 2,59.22,0.0,11.7,6632.0,89.1,397.14,65.38
S05,Push session,3,29.3,637.33,Technical Esses,Sector 2,59.14,0.0,15.1,6626.0,89.0,395.77,65.09
S05,Push session,3,29.8,645.51,Technical Esses,Sector 2,59.18,0.0,15.2,6629.0,88.9,396.81,64.83
S05,Push session,3,30.3,653.68,Technical Esses,Sector 2,59.11,0.0,16.1,6624.0,78.3,396.8,64.57
S05,Push session,3,30.8,661.85,Technical Esses,Sector 2,59.02,5.2,12.8,6616.0,67.6,397.47,64.3
S05,Push session,3,31.3,669.99,Technical Esses,Sector 2,58.69,34.0,0.0,6589.0,54.9,393.9,64.08
S05,Push session,3,31.8,678.16,Technical Esses,Sector 2,58.81,32.5,0.0,6599.0,44.6,394.77,63.83
S05,Push session,3,32.3,686.35,Technical Esses,Sector 2,58.61,31.9,0.0,6582.0,29.6,393.07,63.56
S05,Push session,3,32.8,694.51,Technical Esses,Sector 2,58.48,35.5,0.0,6572.0,11.8,393.13,63.32
S05,Push session,3,33.3,702.75,Long Straight,Sector 3,60.72,100.0,0.0,6755.0,1.2,386.66,63.35
S05,Push session,3,33.8,711.86,Long Straight,Sector 3,68.64,99.7,0.0,7401.0,-0.6,386.77,63.86
S05,Push session,3,34.3,721.99,Long Straight,Sector 3,75.69,100.0,0.0,7977.0,2.2,385.42,64.45
S05,Push session,3,34.8,733.02,Long Straight,Sector 3,81.84,100.0,0.0,8478.0,-2.3,385.52,65.09
S05,Push session,3,35.3,744.85,Long Straight,Sector 3,87.21,98.5,0.0,8917.0,-1.7,386.0,65.78
S05,Push session,3,35.8,757.36,Long Straight,Sector 3,91.95,100.0,0.0,9303.0,0.2,385.72,66.53
S05,Push session,3,36.3,770.48,Long Straight,Sector 3,95.99,100.0,0.0,9633.0,1.5,384.87,67.3
S05,Push session,3,36.8,784.11,Long Straight,Sector 3,99.54,98.9,0.0,9922.0,-0.4,384.15,68.12
S05,Push session,3,37.3,798.19,Long Straight,Sector 3,102.54,93.8,0.0,10168.0,-0.7,385.84,68.94
S05,Push session,3,37.8,812.65,Long Straight,Sector 3,105.1,100.0,0.0,10376.0,-0.9,384.41,69.8
S05,Push session,3,38.3,827.44,Long Straight,Sector 3,107.36,100.0,0.0,10561.0,3.0,383.24,70.69
S05,Push session,3,38.8,842.51,Long Straight,Sector 3,109.27,97.1,0.0,10716.0,-0.6,383.88,71.57
S05,Push session,3,39.3,857.82,Long Straight,Sector 3,110.89,100.0,0.0,10849.0,-1.3,383.52,72.48
S05,Push session,3,39.8,873.19,Long Straight,Sector 3,106.97,0.0,100.0,10529.0,0.9,396.41,72.81
S05,Push session,3,40.3,885.95,Long Straight,Sector 3,81.84,0.0,100.0,8478.0,-1.1,397.13,72.28
S05,Push session,3,40.8,895.22,Long Straight,Sector 3,56.75,0.0,73.2,6431.0,0.9,396.54,71.76
S05,Push session,3,41.3,901.97,Long Straight,Sector 3,44.92,2.8,22.4,5466.0,0.5,396.4,71.24
S05,Push session,3,41.8,907.84,Long Straight,Sector 3,40.85,100.0,0.0,5134.0,-0.5,388.99,70.86
S05,Push session,3,42.3,913.62,Long Straight,Sector 3,40.24,99.3,0.0,5083.0,0.4,388.81,70.49
S05,Push session,3,42.8,919.42,Long Straight,Sector 3,42.0,0.0,14.4,5227.0,1.3,396.3,70.11
S05,Push session,3,43.3,925.08,Hairpin,Sector 3,40.73,32.9,0.0,5124.0,-24.7,394.34,69.73
S05,Push session,3,43.8,930.76,Hairpin,Sector 3,40.85,34.2,0.0,5133.0,-44.3,393.64,69.36
S05,Push session,3,44.3,936.42,Hairpin,Sector 3,40.71,29.2,0.0,5122.0,-68.5,395.27,68.99
S05,Push session,3,44.8,942.08,Hairpin,Sector 3,40.67,30.2,0.0,5119.0,-81.1,394.27,68.62
S05,Push session,3,45.3,947.73,Hairpin,Sector 3,40.74,33.2,0.0,5125.0,-95.5,393.27,68.26
S05,Push session,3,45.8,953.43,Hairpin,Sector 3,41.16,0.0,16.4,5159.0,-112.4,396.82,67.87
S05,Push session,3,46.3,959.08,Hairpin,Sector 3,40.87,31.2,0.0,5135.0,-119.9,393.77,67.55
S05,Push session,3,46.8,964.76,Hairpin,Sector 3,40.87,30.6,0.0,5135.0,-114.7,394.03,67.19
S05,Push session,3,47.3,970.45,Hairpin,Sector 3,41.0,0.0,13.1,5146.0,-118.1,396.69,66.8
S05,Push session,3,47.8,976.13,Hairpin,Sector 3,41.3,6.2,15.6,5170.0,-113.0,396.52,66.47
S05,Push session,3,48.3,981.8,Hairpin,Sector 3,41.32,0.0,15.7,5172.0,-101.6,396.62,66.12
S05,Push session,3,48.8,987.47,Hairpin,Sector 3,41.36,0.0,14.9,5175.0,-85.2,397.2,65.79
S05,Push session,3,49.3,993.13,Hairpin,Sector 3,41.23,4.1,14.9,5164.0,-66.7,397.21,65.46
S05,Push session,3,49.8,998.77,Hairpin,Sector 3,40.16,27.7,0.0,5077.0,-46.1,394.31,65.13
S05,Push session,3,50.3,1004.43,Hairpin,Sector 3,41.2,0.1,16.3,5162.0,-21.7,395.27,64.8
S05,Push session,3,50.8,1010.11,Final Corner,Sector 3,41.25,79.0,0.0,5166.0,0.1,390.55,64.58
S05,Push session,3,51.3,1016.51,Final Corner,Sector 3,49.22,80.6,0.0,5817.0,13.8,389.57,64.74
S05,Push session,3,51.8,1023.96,Final Corner,Sector 3,56.51,82.2,0.0,6411.0,24.1,389.07,64.95
S05,Push session,3,52.3,1032.39,Final Corner,Sector 3,63.35,79.2,0.0,6969.0,38.2,388.19,65.23
S05,Push session,3,52.8,1041.68,Final Corner,Sector 3,69.27,79.8,0.0,7453.0,47.3,389.08,65.54
S05,Push session,3,53.3,1051.78,Final Corner,Sector 3,74.95,33.3,0.0,7916.0,55.9,393.29,65.82
S05,Push session,3,53.8,1062.35,Final Corner,Sector 3,76.77,37.3,0.0,8064.0,54.6,393.45,65.76
S05,Push session,3,54.3,1073.09,Final Corner,Sector 3,77.37,35.8,0.0,8113.0,47.3,393.18,65.6
S05,Push session,3,54.8,1083.83,Final Corner,Sector 3,76.88,34.0,0.0,8074.0,32.4,392.15,65.39
S05,Push session,3,55.3,1094.57,Final Corner,Sector 3,77.63,0.0,14.9,8135.0,9.0,397.14,65.18
S05,Push session,4,0.2,4.42,Main Straight,Sector 1,80.13,100.0,0.0,8339.0,0.6,385.02,65.55
S05,Push session,4,0.7,16.03,Main Straight,Sector 1,85.77,94.5,0.0,8799.0,4.2,385.25,66.21
S05,Push session,4,1.2,28.35,Main Straight,Sector 1,90.65,97.2,0.0,9197.0,0.4,385.22,66.94
S05,Push session,4,1.7,41.3,Main Straight,Sector 1,94.9,100.0,0.0,9544.0,-0.4,384.25,67.71
S05,Push session,4,2.2,54.79,Main Straight,Sector 1,98.61,97.0,0.0,9846.0,-1.1,383.11,68.51
S05,Push session,4,2.7,68.75,Main Straight,Sector 1,101.74,95.1,0.0,10102.0,-0.6,384.68,69.32
S05,Push session,4,3.2,83.11,Main Straight,Sector 1,104.42,98.9,0.0,10321.0,-0.6,383.46,70.17
S05,Push session,4,3.7,97.81,Main Straight,Sector 1,106.75,100.0,0.0,10511.0,0.5,383.37,71.03
S05,Push session,4,4.2,112.81,Main Straight,Sector 1,108.75,99.9,0.0,10674.0,-0.1,383.61,71.92
S05,Push session,4,4.7,128.05,Main Straight,Sector 1,110.45,100.0,0.0,10813.0,0.3,383.61,72.81
S05,Push session,4,5.2,143.52,Main Straight,Sector 1,111.89,100.0,0.0,10931.0,-0.8,382.57,73.71
S05,Push session,4,5.7,159.16,Main Straight,Sector 1,112.91,45.3,0.0,11013.0,-0.7,391.02,74.3
S05,Push session,4,6.2,174.71,Main Straight,Sector 1,108.28,0.0,79.5,10635.0,-1.2,397.11,74.11
S05,Push session,4,6.7,188.29,Main Straight,Sector 1,92.12,0.4,39.6,9317.0,0.8,396.07,73.57
S05,Push session,4,7.2,200.33,Main Straight,Sector 1,83.83,0.5,21.6,8640.0,1.1,396.56,73.03
S05,Push session,4,7.7,211.58,Main Straight,Sector 1,79.32,0.3,16.5,8272.0,-0.7,396.13,72.51
S05,Push session,4,8.2,222.29,Turn 1 Braking Zone,Sector 1,75.87,0.4,13.4,7991.0,0.4,396.85,71.98
S05,Push session,4,8.7,232.74,Turn 1 Braking Zone,Sector 1,73.94,0.0,20.7,7833.0,1.4,396.36,71.62
S05,Push session,4,9.2,242.63,Turn 1 Braking Zone,Sector 1,69.77,2.0,12.2,7493.0,0.2,395.25,71.11
S05,Push session,4,9.7,252.07,Turn 1 Braking Zone,Sector 1,67.97,0.0,17.9,7346.0,-0.6,396.0,70.77
S05,Push session,4,10.2,261.44,Turn 1 Braking Zone,Sector 1,67.82,0.0,15.9,7334.0,0.6,396.82,70.57
S05,Push session,4,10.7,270.8,Turn 1 Braking Zone,Sector 1,67.77,0.0,16.2,7330.0,-0.4,396.51,70.36
S05,Push session,4,11.2,280.17,Turn 1 Medium Left,Sector 1,68.02,0.0,14.4,7350.0,0.6,396.3,70.15
S05,Push session,4,11.7,289.48,Turn 1 Medium Left,Sector 1,66.71,38.8,0.0,7244.0,-20.6,392.9,69.87
S05,Push session,4,12.2,298.79,Turn 1 Medium Left,Sector 1,66.61,37.3,0.0,7235.0,-39.4,392.96,69.58
S05,Push session,4,12.7,308.1,Turn 1 Medium Left,Sector 1,66.53,32.4,0.0,7229.0,-55.5,393.59,69.29
S05,Push session,4,13.2,317.41,Turn 1 Medium Left,Sector 1,67.37,1.9,16.9,7297.0,-61.3,396.98,69.01
S05,Push session,4,13.7,326.69,Turn 1 Medium Left,Sector 1,66.97,35.3,0.0,7265.0,-69.9,392.73,68.78
S05,Push session,4,14.2,335.99,Turn 1 Medium Left,Sector 1,66.89,34.6,0.0,7258.0,-71.8,392.31,68.49
S05,Push session,4,14.7,345.29,Turn 1 Medium Left,Sector 1,66.5,36.8,0.0,7226.0,-71.3,393.09,68.21
S05,Push session,4,15.2,354.6,Turn 1 Medium Left,Sector 1,67.38,0.0,17.4,7298.0,-58.1,396.68,67.91
S05,Push session,4,15.7,363.88,Turn 1 Medium Left,Sector 1,66.86,35.3,0.0,7256.0,-47.0,393.46,67.7
S05,Push session,4,16.2,373.17,Turn 1 Medium Left,Sector 1,66.72,33.7,0.0,7245.0,-35.3,392.91,67.43
S05,Push session,4,16.7,382.5,Turn 1 Medium Left,Sector 1,67.44,3.6,13.2,7303.0,-13.4,396.68,67.15
S05,Push session,4,17.2,391.81,Back Straight,Sector 2,67.44,100.0,0.0,7303.0,1.2,385.72,67.07
S05,Push session,4,17.7,401.79,Back Straight,Sector 2,74.63,100.0,0.0,7890.0,0.6,386.0,67.61
S05,Push session,4,18.2,412.68,Back Straight,Sector 2,80.82,98.2,0.0,8395.0,-0.4,385.42,68.19
S05,Push session,4,18.7,424.37,Back Straight,Sector 2,86.37,99.7,0.0,8848.0,-0.3,385.26,68.85
S05,Push session,4,19.2,436.78,Back Straight,Sector 2,91.13,100.0,0.0,9236.0,-3.2,384.16,69.54
S05,Push session,4,19.7,449.8,Back Straight,Sector 2,95.36,97.8,0.0,9582.0,1.7,383.9,70.28
S05,Push session,4,20.2,463.2,Back Straight,Sector 2,96.95,42.3,0.0,9711.0,0.2,390.56,70.31
S05,Push session,4,20.7,476.75,Back Straight,Sector 2,97.95,40.5,0.0,9793.0,1.9,391.39,70.34
S05,Push session,4,21.2,490.44,Back Straight,Sector 2,98.93,44.8,0.0,9872.0,-0.7,392.16,70.41
S05,Push session,4,21.7,504.26,Back Straight,Sector 2,99.82,40.2,0.0,9946.0,4.9,391.39,70.44
S05,Push session,4,22.2,517.76,Back Straight,Sector 2,90.25,0.0,95.9,9164.0,1.4,395.97,70.17
S05,Push session,4,22.7,528.63,Back Straight,Sector 2,72.31,4.9,39.5,7701.0,-2.6,395.17,69.68
S05,Push session,4,23.2,537.97,Back Straight,Sector 2,64.77,0.0,15.8,7085.0,1.2,395.77,69.19
S05,Push session,4,23.7,546.66,Back Straight,Sector 2,61.11,4.2,14.6,6786.0,1.4,395.7,68.7
S05,Push session,4,24.2,554.98,Back Straight,Sector 2,59.67,0.0,15.7,6669.0,-2.2,396.79,68.4
S05,Push session,4,24.7,563.26,Technical Esses,Sector 2,59.63,34.8,0.0,6666.0,5.1,393.0,68.21
S05,Push session,4,25.2,571.54,Technical Esses,Sector 2,59.51,30.1,0.0,6656.0,20.6,393.58,67.89
S05,Push session,4,25.7,579.81,Technical Esses,Sector 2,59.26,32.4,0.0,6635.0,37.3,393.38,67.59
S05,Push session,4,26.2,588.07,Technical Esses,Sector 2,60.04,2.2,17.7,6699.0,52.1,396.5,67.28
S05,Push session,4,26.7,596.37,Technical Esses,Sector 2,60.07,8.4,15.2,6702.0,65.1,395.88,67.0
S05,Push session,4,27.2,604.66,Technical Esses,Sector 2,59.91,2.0,14.3,6689.0,75.8,395.79,66.7
S05,Push session,4,27.7,612.93,Technical Esses,Sector 2,59.81,0.0,11.4,6680.0,82.0,396.88,66.42
S05,Push session,4,28.2,621.23,Technical Esses,Sector 2,60.06,0.0,18.1,6701.0,85.3,396.29,66.13
S05,Push session,4,28.7,629.49,Technical Esses,Sector 2,59.65,0.0,15.2,6667.0,91.1,396.76,65.85
S05,Push session,4,29.2,637.72,Technical Esses,Sector 2,59.36,34.6,0.0,6644.0,91.1,392.79,65.62
S05,Push session,4,29.7,645.99,Technical Esses,Sector 2,59.27,34.0,0.0,6636.0,84.0,393.34,65.35
S05,Push session,4,30.2,654.27,Technical Esses,Sector 2,59.36,34.0,0.0,6644.0,77.3,393.97,65.08
S05,Push session,4,30.7,662.53,Technical Esses,Sector 2,59.54,31.5,0.0,6658.0,66.5,392.96,64.81
S05,Push session,4,31.2,670.81,Technical Esses,Sector 2,59.33,36.8,0.0,6642.0,54.4,393.53,64.55
S05,Push session,4,31.7,679.09,Technical Esses,Sector 2,59.44,31.9,0.0,6650.0,38.9,393.28,64.29
S05,Push session,4,32.2,687.37,Technical Esses,Sector 2,59.29,31.4,0.0,6638.0,29.9,392.63,64.02
S05,Push session,4,32.7,695.62,Technical Esses,Sector 2,59.19,31.7,0.0,6630.0,7.0,392.53,63.76
S05,Push session,4,33.2,704.04,Long Straight,Sector 3,62.8,100.0,0.0,6925.0,0.1,386.14,63.93
S05,Push session,4,33.7,713.4,Long Straight,Sector 3,70.31,100.0,0.0,7537.0,1.4,386.3,64.43
S05,Push session,4,34.2,723.75,Long Straight,Sector 3,77.21,98.8,0.0,8101.0,2.0,385.29,65.03
S05,Push session,4,34.7,734.98,Long Straight,Sector 3,83.18,100.0,0.0,8588.0,0.1,385.57,65.69
S05,Push session,4,35.2,746.99,Long Straight,Sector 3,88.48,98.1,0.0,9020.0,-0.8,386.14,66.4
S05,Push session,4,35.7,759.66,Long Straight,Sector 3,93.04,99.2,0.0,9392.0,-2.0,383.91,67.15
S05,Push session,4,36.2,772.92,Long Straight,Sector 3,96.98,99.1,0.0,9713.0,-1.3,384.44,67.94
S05,Push session,4,36.7,786.68,Long Straight,Sector 3,100.4,100.0,0.0,9993.0,1.8,383.69,68.77
S05,Push session,4,37.2,800.87,Long Straight,Sector 3,103.31,100.0,0.0,10230.0,-2.5,383.27,69.62
S05,Push session,4,37.7,815.43,Long Straight,Sector 3,105.73,97.6,0.0,10427.0,-0.7,383.41,70.44
S05,Push session,4,38.2,830.29,Long Straight,Sector 3,107.85,98.5,0.0,10601.0,0.5,384.19,71.31
S05,Push session,4,38.7,845.43,Long Straight,Sector 3,109.7,100.0,0.0,10751.0,1.1,384.62,72.21
S05,Push session,4,39.2,860.8,Long Straight,Sector 3,111.28,97.7,0.0,10880.0,1.5,383.17,73.11
S05,Push session,4,39.7,875.93,Long Straight,Sector 3,102.05,0.0,97.3,10127.0,1.9,396.43,73.14
S05,Push session,4,40.2,888.02,Long Straight,Sector 3,77.03,0.0,100.0,8086.0,-1.2,396.89,72.61
S05,Push session,4,40.7,896.68,Long Straight,Sector 3,53.47,0.0,57.8,6163.0,0.2,396.0,72.08
S05,Push session,4,41.2,903.19,Long Straight,Sector 3,43.8,1.0,11.1,5374.0,-2.0,396.26,71.56
S05,Push session,4,41.7,909.06,Long Straight,Sector 3,42.96,0.0,15.9,5306.0,-0.1,396.43,71.2
S05,Push session,4,42.2,914.87,Long Straight,Sector 3,41.97,0.1,16.9,5225.0,1.6,395.98,70.81
S05,Push session,4,42.7,920.68,Hairpin,Sector 3,40.97,30.3,0.0,5143.0,-4.5,392.59,70.48
S05,Push session,4,43.2,926.39,Hairpin,Sector 3,41.24,0.9,16.2,5165.0,-27.6,395.96,70.06
S05,Push session,4,43.7,932.07,Hairpin,Sector 3,41.07,25.1,0.0,5151.0,-48.1,393.66,69.72
S05,Push session,4,44.2,937.78,Hairpin,Sector 3,41.2,0.0,13.5,5162.0,-68.7,396.2,69.29
S05,Push session,4,44.7,943.46,Hairpin,Sector 3,41.19,5.5,13.7,5161.0,-86.9,396.58,68.92
S05,Push session,4,45.2,949.16,Hairpin,Sector 3,41.18,0.0,18.2,5160.0,-102.7,396.13,68.55
S05,Push session,4,45.7,954.82,Hairpin,Sector 3,41.08,29.2,0.0,5152.0,-110.1,393.63,68.23
S05,Push session,4,46.2,960.53,Hairpin,Sector 3,41.13,29.8,0.0,5156.0,-116.8,393.63,67.88
S05,Push session,4,46.7,966.25,Hairpin,Sector 3,41.32,5.0,14.5,5172.0,-119.8,395.49,67.49
S05,Push session,4,47.2,971.93,Hairpin,Sector 3,41.06,25.7,0.0,5151.0,-117.0,393.73,67.16
S05,Push session,4,47.7,977.64,Hairpin,Sector 3,41.09,31.4,0.0,5153.0,-111.4,393.66,66.82
S05,Push session,4,48.2,983.35,Hairpin,Sector 3,40.97,32.8,0.0,5143.0,-98.5,392.88,66.47
S05,Push session,4,48.7,989.06,Hairpin,Sector 3,41.18,1.8,14.4,5160.0,-78.7,396.79,66.08
S05,Push session,4,49.2,994.74,Hairpin,Sector 3,41.06,29.9,0.0,5150.0,-60.5,393.77,65.79
S05,Push session,4,49.7,1000.44,Hairpin,Sector 3,41.08,25.2,0.0,5152.0,-38.2,394.38,65.45
S05,Push session,4,50.2,1006.13,Hairpin,Sector 3,41.0,25.3,0.0,5145.0,-12.3,393.9,65.12
S05,Push session,4,50.7,1011.84,Final Corner,Sector 3,42.03,84.5,0.0,5230.0,4.4,388.78,64.94
S05,Push session,4,51.2,1018.34,Final Corner,Sector 3,49.86,83.1,0.0,5869.0,18.2,389.3,65.09
S05,Push session,4,51.7,1025.88,Final Corner,Sector 3,57.09,80.2,0.0,6458.0,26.8,388.39,65.3
S05,Push session,4,52.2,1034.35,Final Corner,Sector 3,63.55,79.0,0.0,6986.0,42.3,387.77,65.55
S05,Push session,4,52.7,1043.68,Final Corner,Sector 3,69.44,83.0,0.0,7466.0,49.6,387.97,65.86
S05,Push session,4,53.2,1053.8,Final Corner,Sector 3,75.11,40.2,0.0,7929.0,51.7,391.64,66.15
S05,Push session,4,53.7,1064.39,Final Corner,Sector 3,77.03,37.1,0.0,8085.0,51.1,391.79,66.08
S05,Push session,4,54.2,1075.18,Final Corner,Sector 3,77.67,37.1,0.0,8138.0,39.8,393.86,65.94
S05,Push session,4,54.7,1085.97,Final Corner,Sector 3,77.33,39.1,0.0,8110.0,21.9,392.25,65.73
S05,Push session,4,55.2,1096.78,Final Corner,Sector 3,78.14,2.8,18.3,8176.0,4.3,395.79,65.52
S05,Push session,5,0.3,6.67,Main Straight,Sector 1,81.26,95.6,0.0,8431.0,0.0,384.38,66.01
S05,Push session,5,0.8,18.42,Main Straight,Sector 1,86.71,100.0,0.0,8876.0,-0.6,383.83,66.69
S05,Push session,5,1.3,30.87,Main Straight,Sector 1,91.52,98.7,0.0,9268.0,-1.0,384.67,67.42
S05,Push session,5,1.8,43.92,Main Straight,Sector 1,95.55,100.0,0.0,9597.0,-0.9,383.06,68.17
S05,Push session,5,2.3,57.5,Main Straight,Sector 1,99.15,93.8,0.0,9890.0,0.9,384.77,68.96
S05,Push session,5,2.8,71.53,Main Straight,Sector 1,102.21,100.0,0.0,10140.0,-0.8,383.0,69.79
S05,Push session,5,3.3,85.95,Main Straight,Sector 1,104.88,99.9,0.0,10358.0,1.1,382.77,70.65
S05,Push session,5,3.8,100.71,Main Straight,Sector 1,107.12,97.5,0.0,10541.0,1.2,383.67,71.49
S05,Push session,5,4.3,115.75,Main Straight,Sector 1,109.05,100.0,0.0,10698.0,-0.1,382.49,72.38
S05,Push session,5,4.8,131.04,Main Straight,Sector 1,110.68,100.0,0.0,10831.0,1.7,381.97,73.25
S05,Push session,5,5.3,146.53,Main Straight,Sector 1,112.08,100.0,0.0,10946.0,1.6,382.07,74.14
S05,Push session,5,5.8,162.18,Main Straight,Sector 1,112.81,39.4,0.0,11006.0,1.7,390.58,74.52
S05,Push session,5,6.3,177.48,Main Straight,Sector 1,104.25,0.0,69.2,10307.0,-1.2,395.86,74.22
S05,Push session,5,6.8,190.68,Main Straight,Sector 1,90.19,0.0,36.6,9159.0,0.9,395.8,73.69
S05,Push session,5,7.3,202.55,Main Straight,Sector 1,82.86,3.3,20.2,8561.0,0.3,395.05,73.16
S05,Push session,5,7.8,213.71,Main Straight,Sector 1,78.93,0.0,14.3,8240.0,0.8,395.7,72.63
S05,Push session,5,8.3,224.37,Turn 1 Braking Zone,Sector 1,76.12,2.0,10.8,8011.0,-1.2,395.48,72.21
S05,Push session,5,8.8,234.83,Turn 1 Braking Zone,Sector 1,73.88,0.0,18.8,7829.0,-1.3,396.56,71.83
S05,Push session,5,9.3,244.74,Turn 1 Braking Zone,Sector 1,69.8,7.0,16.0,7496.0,0.6,395.63,71.33
S05,Push session,5,9.8,254.19,Turn 1 Braking Zone,Sector 1,67.62,2.0,16.2,7318.0,-0.4,396.2,70.97
S05,Push session,5,10.3,263.59,Turn 1 Braking Zone,Sector 1,67.66,0.0,12.7,7321.0,-1.6,395.28,70.77
S05,Push session,5,10.8,272.95,Turn 1 Braking Zone,Sector 1,67.86,0.0,14.9,7338.0,-1.0,395.57,70.57
S05,Push session,5,11.3,282.3,Turn 1 Medium Left,Sector 1,67.03,33.8,0.0,7269.0,-4.1,391.95,70.34
S05,Push session,5,11.8,291.63,Turn 1 Medium Left,Sector 1,66.89,33.9,0.0,7259.0,-21.5,391.63,70.05
S05,Push session,5,12.3,300.98,Turn 1 Medium Left,Sector 1,67.64,0.0,14.0,7319.0,-37.3,395.91,69.76
S05,Push session,5,12.8,310.32,Turn 1 Medium Left,Sector 1,67.22,32.1,0.0,7285.0,-52.1,393.8,69.52
S05,Push session,5,13.3,319.66,Turn 1 Medium Left,Sector 1,66.99,35.1,0.0,7266.0,-65.6,391.83,69.23
S05,Push session,5,13.8,329.03,Turn 1 Medium Left,Sector 1,67.07,37.8,0.0,7273.0,-71.4,391.99,68.94
S05,Push session,5,14.3,338.37,Turn 1 Medium Left,Sector 1,67.42,0.0,15.6,7301.0,-75.9,395.55,68.59
S05,Push session,5,14.8,347.7,Turn 1 Medium Left,Sector 1,67.0,39.4,0.0,7267.0,-66.5,393.01,68.36
S05,Push session,5,15.3,357.01,Turn 1 Medium Left,Sector 1,66.68,34.6,0.0,7241.0,-58.1,391.87,68.09
S05,Push session,5,15.8,366.34,Turn 1 Medium Left,Sector 1,67.42,36.9,0.0,7301.0,-44.0,391.57,67.87
S05,Push session,5,16.3,375.7,Turn 1 Medium Left,Sector 1,67.04,35.6,0.0,7270.0,-25.3,391.77,67.58
S05,Push session,5,16.8,385.03,Turn 1 Medium Left,Sector 1,66.87,30.5,0.0,7256.0,-10.8,392.65,67.3
S05,Push session,5,17.3,394.46,Back Straight,Sector 2,69.75,95.5,0.0,7491.0,-1.9,386.14,67.48
S05,Push session,5,17.8,404.72,Back Straight,Sector 2,76.59,98.5,0.0,8050.0,-0.6,384.21,68.03
S05,Push session,5,18.3,415.87,Back Straight,Sector 2,82.65,100.0,0.0,8544.0,2.4,385.29,68.65
S05,Push session,5,18.8,427.81,Back Straight,Sector 2,88.01,100.0,0.0,8982.0,3.3,384.53,69.33
S05,Push session,5,19.3,440.43,Back Straight,Sector 2,92.65,100.0,0.0,9361.0,1.9,384.23,70.05
S05,Push session,5,19.8,453.64,Back Straight,Sector 2,96.67,43.0,0.0,9689.0,-3.2,390.37,70.66
S05,Push session,5,20.3,467.15,Back Straight,Sector 2,97.72,41.2,0.0,9774.0,0.2,390.28,70.7
S05,Push session,5,20.8,480.8,Back Straight,Sector 2,98.65,39.5,0.0,9850.0,0.3,390.72,70.72
S05,Push session,5,21.3,494.58,Back Straight,Sector 2,99.53,41.0,0.0,9921.0,0.0,389.76,70.75
S05,Push session,5,21.8,508.47,Back Straight,Sector 2,100.39,42.4,0.0,9992.0,-1.8,390.25,70.81
S05,Push session,5,22.3,521.07,Back Straight,Sector 2,81.35,4.4,71.7,8438.0,0.3,396.31,70.31
S05,Push session,5,22.8,531.11,Back Straight,Sector 2,67.76,0.1,27.3,7330.0,2.4,396.02,69.81
S05,Push session,5,23.3,540.03,Back Straight,Sector 2,62.35,0.0,13.4,6888.0,-1.1,396.79,69.31
S05,Push session,5,23.8,548.44,Back Straight,Sector 2,60.9,0.8,17.5,6769.0,0.0,395.77,69.0
S05,Push session,5,24.3,556.71,Back Straight,Sector 2,59.48,0.0,12.0,6654.0,-0.9,395.72,68.69
S05,Push session,5,24.8,564.97,Technical Esses,Sector 2,59.2,34.3,0.0,6631.0,10.1,392.33,68.49
S05,Push session,5,25.3,573.19,Technical Esses,Sector 2,59.17,28.6,0.0,6628.0,26.6,394.66,68.17
S05,Push session,5,25.8,581.41,Technical Esses,Sector 2,58.95,33.0,0.0,6610.0,42.5,392.98,67.87
S05,Push session,5,26.3,589.63,Technical Esses,Sector 2,58.79,32.8,0.0,6597.0,53.2,392.93,67.57
S05,Push session,5,26.8,597.86,Technical Esses,Sector 2,58.73,28.0,0.0,6592.0,64.8,393.44,67.27
S05,Push session,5,27.3,606.09,Technical Esses,Sector 2,59.67,3.7,18.0,6669.0,77.7,394.72,66.97
S05,Push session,5,27.8,614.31,Technical Esses,Sector 2,59.36,8.1,15.4,6644.0,84.7,394.53,66.69
S05,Push session,5,28.3,622.49,Technical Esses,Sector 2,59.13,34.5,0.0,6625.0,90.5,392.09,66.45
S05,Push session,5,28.8,630.7,Technical Esses,Sector 2,59.12,32.6,0.0,6624.0,92.9,392.63,66.16
S05,Push session,5,29.3,638.91,Technical Esses,Sector 2,59.13,29.9,0.0,6625.0,84.9,393.42,65.88
S05,Push session,5,29.8,647.1,Technical Esses,Sector 2,58.95,29.7,0.0,6610.0,84.1,393.46,65.6
S05,Push session,5,30.3,655.31,Technical Esses,Sector 2,58.74,32.4,0.0,6593.0,75.1,392.74,65.32
S05,Push session,5,30.8,663.54,Technical Esses,Sector 2,58.89,27.8,0.0,6606.0,64.4,393.6,65.05
S05,Push session,5,31.3,671.76,Technical Esses,Sector 2,58.76,32.0,0.0,6595.0,51.1,393.09,64.78
S05,Push session,5,31.8,679.99,Technical Esses,Sector 2,58.53,33.6,0.0,6576.0,37.6,393.21,64.51
S05,Push session,5,32.3,688.19,Technical Esses,Sector 2,59.45,2.4,13.8,6651.0,24.0,396.43,64.23
S05,Push session,5,32.8,696.42,Technical Esses,Sector 2,59.54,1.1,9.3,6659.0,8.4,396.33,63.98
S05,Push session,5,33.3,704.76,Long Straight,Sector 3,62.23,97.1,0.0,6878.0,0.3,386.51,64.13
S05,Push session,5,33.8,714.06,Long Straight,Sector 3,70.01,97.0,0.0,7513.0,-1.2,385.52,64.65
S05,Push session,5,34.3,724.36,Long Straight,Sector 3,76.81,98.3,0.0,8068.0,0.5,384.81,65.23
S05,Push session,5,34.8,735.54,Long Straight,Sector 3,82.8,95.4,0.0,8557.0,0.6,385.88,65.86
S05,Push session,5,35.3,747.48,Long Straight,Sector 3,87.99,100.0,0.0,8980.0,0.5,384.95,66.55
S05,Push session,5,35.8,760.09,Long Straight,Sector 3,92.61,97.0,0.0,9357.0,-1.6,384.32,67.29
S05,Push session,5,36.3,773.29,Long Straight,Sector 3,96.57,100.0,0.0,9680.0,1.7,383.2,68.07
S05,Push session,5,36.8,787.0,Long Straight,Sector 3,100.03,100.0,0.0,9963.0,1.7,384.07,68.88
S05,Push session,5,37.3,801.15,Long Straight,Sector 3,103.02,100.0,0.0,10206.0,-0.6,382.63,69.73
S05,Push session,5,37.8,815.67,Long Straight,Sector 3,105.49,100.0,0.0,10408.0,0.5,383.77,70.56
S05,Push session,5,38.3,830.5,Long Straight,Sector 3,107.7,99.2,0.0,10588.0,-0.7,383.0,71.45
S05,Push session,5,38.8,845.62,Long Straight,Sector 3,109.53,96.8,0.0,10737.0,2.5,382.38,72.31
S05,Push session,5,39.3,860.96,Long Straight,Sector 3,111.09,98.9,0.0,10865.0,-0.4,382.97,73.2
S05,Push session,5,39.8,876.07,Long Straight,Sector 3,101.93,1.7,100.0,10117.0,-1.5,395.91,73.24
S05,Push session,5,40.3,888.14,Long Straight,Sector 3,76.92,0.0,100.0,8077.0,-1.0,395.85,72.71
S05,Push session,5,40.8,896.78,Long Straight,Sector 3,53.34,3.2,60.4,6152.0,-0.1,395.88,72.2
S05,Push session,5,41.3,903.26,Long Straight,Sector 3,43.69,0.0,11.2,5365.0,0.4,395.54,71.68
S05,Push session,5,41.8,909.11,Long Straight,Sector 3,42.88,0.0,17.2,5299.0,-0.9,396.23,71.3
S05,Push session,5,42.3,914.9,Long Straight,Sector 3,42.0,0.0,17.1,5227.0,1.1,396.55,70.92
S05,Push session,5,42.8,920.74,Hairpin,Sector 3,41.16,0.0,11.5,5159.0,-2.9,395.91,70.54
S05,Push session,5,43.3,926.44,Hairpin,Sector 3,41.29,1.7,16.5,5170.0,-24.5,395.64,70.17
S05,Push session,5,43.8,932.12,Hairpin,Sector 3,41.1,28.9,0.0,5154.0,-46.9,394.33,69.82
S05,Push session,5,44.3,937.81,Hairpin,Sector 3,40.87,29.3,0.0,5135.0,-70.0,393.82,69.44
S05,Push session,5,44.8,943.51,Hairpin,Sector 3,40.63,28.4,0.0,5116.0,-88.5,393.62,69.07
S05,Push session,5,45.3,949.22,Hairpin,Sector 3,40.67,33.4,0.0,5119.0,-99.6,392.88,68.71
S05,Push session,5,45.8,954.89,Hairpin,Sector 3,40.77,31.7,0.0,5126.0,-107.0,393.35,68.34
S05,Push session,5,46.3,960.58,Hairpin,Sector 3,40.56,32.0,0.0,5110.0,-115.6,392.78,67.99
S05,Push session,5,46.8,966.28,Hairpin,Sector 3,40.53,31.5,0.0,5107.0,-120.6,391.81,67.63
S05,Push session,5,47.3,971.97,Hairpin,Sector 3,40.58,32.9,0.0,5111.0,-117.5,393.64,67.28
S05,Push session,5,47.8,977.66,Hairpin,Sector 3,40.65,31.3,0.0,5117.0,-112.1,392.16,66.93
S05,Push session,5,48.3,983.35,Hairpin,Sector 3,40.72,29.4,0.0,5123.0,-96.0,393.36,66.6
S05,Push session,5,48.8,989.03,Hairpin,Sector 3,40.71,29.0,0.0,5122.0,-83.2,393.8,66.25
S05,Push session,5,49.3,994.71,Hairpin,Sector 3,40.65,29.0,0.0,5117.0,-56.9,393.34,65.91
S05,Push session,5,49.8,1000.42,Hairpin,Sector 3,40.55,35.2,0.0,5109.0,-38.4,393.12,65.59
S05,Push session,5,50.3,1006.09,Hairpin,Sector 3,40.54,31.7,0.0,5108.0,-16.6,393.04,65.26
S05,Push session,5,50.8,1011.85,Final Corner,Sector 3,42.87,79.5,0.0,5298.0,7.6,389.33,65.11
S05,Push session,5,51.3,1018.46,Final Corner,Sector 3,50.59,74.1,0.0,5928.0,15.0,389.39,65.25
S05,Push session,5,51.8,1026.07,Final Corner,Sector 3,57.58,78.6,0.0,6498.0,25.9,388.76,65.46
S05,Push session,5,52.3,1034.61,Final Corner,Sector 3,64.08,77.0,0.0,7029.0,39.5,387.86,65.72
S05,Push session,5,52.8,1044.01,Final Corner,Sector 3,70.1,77.9,0.0,7520.0,48.4,387.74,66.05
S05,Push session,5,53.3,1054.21,Final Corner,Sector 3,75.55,38.1,0.0,7965.0,54.0,391.49,66.33
S05,Push session,5,53.8,1064.85,Final Corner,Sector 3,77.24,35.7,0.0,8103.0,50.8,391.91,66.23
S05,Push session,5,54.3,1075.63,Final Corner,Sector 3,77.89,37.8,0.0,8156.0,39.2,392.52,66.09
S05,Push session,5,54.8,1086.45,Final Corner,Sector 3,78.21,0.3,15.2,8182.0,26.5,394.73,65.85
S05,Push session,5,55.3,1097.24,Final Corner,Sector 3,77.78,37.4,0.0,8147.0,7.6,392.29,65.71
S05,Push session,6,0.3,6.65,Main Straight,Sector 1,81.0,100.0,0.0,8410.0,-1.1,384.2,66.11
S05,Push session,6,0.8,18.37,Main Straight,Sector 1,86.55,96.4,0.0,8862.0,-0.4,384.32,66.79
S05,Push session,6,1.3,30.8,Main Straight,Sector 1,91.34,98.7,0.0,9254.0,-1.6,384.22,67.52
S05,Push session,6,1.8,43.84,Main Straight,Sector 1,95.49,98.5,0.0,9592.0,-0.9,383.67,68.28
S05,Push session,6,2.3,57.4,Main Straight,Sector 1,99.09,100.0,0.0,9886.0,-1.7,382.19,69.08
S05,Push session,6,2.8,71.43,Main Straight,Sector 1,102.17,100.0,0.0,10137.0,2.4,382.81,69.91
S05,Push session,6,3.3,85.84,Main Straight,Sector 1,104.79,99.4,0.0,10351.0,-0.3,382.96,70.74
S05,Push session,6,3.8,100.59,Main Straight,Sector 1,107.09,100.0,0.0,10539.0,-2.2,382.66,71.61
S05,Push session,6,4.3,115.63,Main Straight,Sector 1,109.04,100.0,0.0,10698.0,-1.4,383.18,72.49
S05,Push session,6,4.8,130.92,Main Straight,Sector 1,110.7,98.5,0.0,10833.0,2.8,382.29,73.38
S05,Push session,6,5.3,146.41,Main Straight,Sector 1,112.11,100.0,0.0,10948.0,1.7,382.03,74.28
S05,Push session,6,5.8,162.07,Main Straight,Sector 1,112.85,38.6,0.0,11009.0,-0.4,389.74,74.67
S05,Push session,6,6.3,177.36,Main Straight,Sector 1,103.95,0.0,74.8,10283.0,1.6,395.22,74.38
S05,Push session,6,6.8,190.49,Main Straight,Sector 1,89.49,0.0,37.2,9103.0,-1.7,394.77,73.83
S05,Push session,6,7.3,202.22,Main Straight,Sector 1,81.81,0.9,15.8,8476.0,1.8,395.02,73.29
S05,Push session,6,7.8,213.25,Main Straight,Sector 1,78.0,0.0,12.6,8165.0,-2.6,395.69,72.77
S05,Push session,6,8.3,223.8,Turn 1 Braking Zone,Sector 1,75.27,36.4,0.0,7942.0,0.7,392.5,72.39
S05,Push session,6,8.8,234.15,Turn 1 Braking Zone,Sector 1,72.65,0.2,22.5,7728.0,2.2,395.41,71.94
S05,Push session,6,9.3,243.84,Turn 1 Braking Zone,Sector 1,68.01,0.0,17.7,7350.0,-1.1,394.88,71.42
S05,Push session,6,9.8,253.11,Turn 1 Braking Zone,Sector 1,65.91,80.8,0.0,7178.0,-1.9,387.48,71.21
S05,Push session,6,10.3,262.4,Turn 1 Braking Zone,Sector 1,66.19,76.3,0.0,7201.0,-0.2,386.97,70.99
S05,Push session,6,10.8,271.72,Turn 1 Braking Zone,Sector 1,66.53,72.5,0.0,7229.0,0.3,387.27,70.76
S05,Push session,6,11.3,281.06,Turn 1 Medium Left,Sector 1,67.22,0.0,15.0,7285.0,-1.4,395.89,70.4
S05,Push session,6,11.8,290.31,Turn 1 Medium Left,Sector 1,66.98,0.0,16.1,7265.0,-21.2,395.54,70.1
S05,Push session,6,12.3,299.56,Turn 1 Medium Left,Sector 1,66.65,39.2,0.0,7238.0,-43.1,390.98,69.88
S05,Push session,6,12.8,308.83,Turn 1 Medium Left,Sector 1,66.38,36.8,0.0,7217.0,-52.2,391.25,69.59
S05,Push session,6,13.3,318.08,Turn 1 Medium Left,Sector 1,66.35,35.7,0.0,7214.0,-66.3,391.8,69.3
S05,Push session,6,13.8,327.32,Turn 1 Medium Left,Sector 1,66.23,34.5,0.0,7204.0,-70.8,391.47,69.02
S05,Push session,6,14.3,336.59,Turn 1 Medium Left,Sector 1,67.11,0.9,16.9,7276.0,-70.3,394.46,68.71
S05,Push session,6,14.8,345.85,Turn 1 Medium Left,Sector 1,66.83,0.4,14.1,7254.0,-71.1,394.72,68.42
S05,Push session,6,15.3,355.07,Turn 1 Medium Left,Sector 1,66.41,34.6,0.0,7219.0,-57.8,392.28,68.19
S05,Push session,6,15.8,364.3,Turn 1 Medium Left,Sector 1,66.11,33.4,0.0,7195.0,-49.9,391.32,67.9
S05,Push session,6,16.3,373.57,Turn 1 Medium Left,Sector 1,67.1,0.0,14.9,7275.0,-33.5,394.56,67.62
S05,Push session,6,16.8,382.84,Turn 1 Medium Left,Sector 1,66.9,0.0,15.1,7259.0,-17.9,394.19,67.34
S05,Push session,6,17.3,392.11,Back Straight,Sector 2,67.81,100.0,0.0,7333.0,-2.6,385.44,67.39
S05,Push session,6,17.8,402.13,Back Straight,Sector 2,74.95,95.4,0.0,7916.0,3.1,385.91,67.92
S05,Push session,6,18.3,413.07,Back Straight,Sector 2,81.16,100.0,0.0,8423.0,-1.2,384.59,68.52
S05,Push session,6,18.8,424.81,Back Straight,Sector 2,86.72,100.0,0.0,8876.0,-4.4,383.59,69.18
S05,Push session,6,19.3,437.26,Back Straight,Sector 2,91.52,100.0,0.0,9268.0,0.2,383.59,69.89
S05,Push session,6,19.8,450.33,Back Straight,Sector 2,95.7,100.0,0.0,9609.0,-1.3,383.39,70.64
S05,Push session,6,20.3,463.79,Back Straight,Sector 2,97.35,40.6,0.0,9744.0,4.0,390.88,70.68
S05,Push session,6,20.8,477.39,Back Straight,Sector 2,98.31,44.2,0.0,9822.0,1.3,389.95,70.72
S05,Push session,6,21.3,491.12,Back Straight,Sector 2,99.19,40.1,0.0,9894.0,-0.4,390.87,70.74
S05,Push session,6,21.8,504.97,Back Straight,Sector 2,100.06,42.8,0.0,9965.0,1.8,389.23,70.79
S05,Push session,6,22.3,518.08,Back Straight,Sector 2,85.46,0.0,85.3,8774.0,1.5,395.75,70.39
S05,Push session,6,22.8,528.5,Back Straight,Sector 2,69.96,1.1,42.0,7509.0,-2.5,396.03,69.9
S05,Push session,6,23.3,537.55,Back Straight,Sector 2,62.95,0.0,12.4,6936.0,-0.4,395.8,69.4
S05,Push session,6,23.8,546.01,Back Straight,Sector 2,59.44,100.0,0.0,6650.0,-4.9,384.72,69.09
S05,Push session,6,24.3,554.38,Back Straight,Sector 2,60.81,0.0,14.1,6762.0,-3.7,395.08,68.78
S05,Push session,6,24.8,562.69,Technical Esses,Sector 2,59.93,0.6,13.9,6690.0,5.5,395.04,68.46
S05,Push session,6,25.3,570.92,Technical Esses,Sector 2,58.58,33.4,0.0,6580.0,21.0,392.26,68.16
S05,Push session,6,25.8,579.15,Technical Esses,Sector 2,59.83,0.0,12.3,6682.0,40.8,395.13,67.85
S05,Push session,6,26.3,587.39,Technical Esses,Sector 2,59.58,3.6,11.4,6662.0,54.7,395.18,67.54
S05,Push session,6,26.8,595.65,Technical Esses,Sector 2,59.79,0.0,17.8,6679.0,62.4,394.98,67.24
S05,Push session,6,27.3,603.88,Technical Esses,Sector 2,59.43,35.1,0.0,6649.0,76.2,391.05,66.99
S05,Push session,6,27.8,612.13,Technical Esses,Sector 2,59.35,34.7,0.0,6643.0,81.7,391.34,66.71
S05,Push session,6,28.3,620.39,Technical Esses,Sector 2,59.51,0.0,14.3,6656.0,87.9,395.26,66.36
S05,Push session,6,28.8,628.62,Technical Esses,Sector 2,59.43,33.8,0.0,6649.0,84.0,391.63,66.14
S05,Push session,6,29.3,636.88,Technical Esses,Sector 2,59.42,32.1,0.0,6649.0,90.2,391.89,65.86
S05,Push session,6,29.8,645.11,Technical Esses,Sector 2,59.11,35.1,0.0,6624.0,85.9,392.21,65.58
S05,Push session,6,30.3,653.34,Technical Esses,Sector 2,58.87,32.3,0.0,6604.0,77.6,392.11,65.3
S05,Push session,6,30.8,661.6,Technical Esses,Sector 2,59.83,0.7,14.1,6682.0,68.3,394.66,65.03
S05,Push session,6,31.3,669.82,Technical Esses,Sector 2,58.68,31.6,0.0,6589.0,54.1,391.96,64.77
S05,Push session,6,31.8,678.03,Technical Esses,Sector 2,58.82,32.3,0.0,6600.0,42.6,391.78,64.51
S05,Push session,6,32.3,686.3,Technical Esses,Sector 2,59.93,3.9,13.2,6690.0,23.8,394.84,64.26
S05,Push session,6,32.8,694.56,Technical Esses,Sector 2,59.84,0.0,13.5,6683.0,8.0,395.0,63.99
S05,Push session,6,33.3,702.83,Long Straight,Sector 3,61.03,96.9,0.0,6780.0,-1.2,386.29,64.02
S05,Push session,6,33.8,711.98,Long Straight,Sector 3,68.95,100.0,0.0,7426.0,0.2,384.57,64.54
S05,Push session,6,34.3,722.14,Long Straight,Sector 3,75.95,100.0,0.0,7997.0,-0.7,385.01,65.12
S05,Push session,6,34.8,733.22,Long Straight,Sector 3,82.15,95.0,0.0,8504.0,-0.2,385.26,65.75
S05,Push session,6,35.3,745.08,Long Straight,Sector 3,87.52,100.0,0.0,8942.0,2.2,383.96,66.46
S05,Push session,6,35.8,757.63,Long Straight,Sector 3,92.22,96.1,0.0,9325.0,2.2,385.15,67.2
S05,Push session,6,36.3,770.78,Long Straight,Sector 3,96.24,99.6,0.0,9653.0,-1.2,383.4,67.98
S05,Push session,6,36.8,784.45,Long Straight,Sector 3,99.76,96.9,0.0,9941.0,1.0,383.39,68.79
S05,Push session,6,37.3,798.56,Long Straight,Sector 3,102.76,99.0,0.0,10185.0,2.3,382.85,69.63
S05,Push session,6,37.8,813.05,Long Straight,Sector 3,105.35,99.0,0.0,10397.0,-0.1,382.14,70.49
S05,Push session,6,38.3,827.87,Long Straight,Sector 3,107.56,94.7,0.0,10577.0,-3.7,383.25,71.36
S05,Push session,6,38.8,842.96,Long Straight,Sector 3,109.4,100.0,0.0,10727.0,1.9,382.33,72.24
S05,Push session,6,39.3,858.29,Long Straight,Sector 3,111.0,98.1,0.0,10858.0,4.3,382.65,73.13
S05,Push session,6,39.8,873.68,Long Straight,Sector 3,107.09,1.0,97.9,10539.0,1.2,395.22,73.46
S05,Push session,6,40.3,886.5,Long Straight,Sector 3,82.37,0.0,100.0,8521.0,0.6,394.55,72.94
S05,Push session,6,40.8,895.87,Long Straight,Sector 3,57.53,0.0,72.9,6495.0,0.3,395.09,72.41
S05,Push session,6,41.3,902.69,Long Straight,Sector 3,45.18,0.0,23.1,5487.0,1.6,396.13,71.88
S05,Push session,6,41.8,908.57,Long Straight,Sector 3,40.88,94.9,0.0,5136.0,0.6,386.26,71.5
S05,Push session,6,42.3,914.4,Long Straight,Sector 3,42.83,6.2,14.9,5295.0,-0.6,394.15,71.13
S05,Push session,6,42.8,920.22,Hairpin,Sector 3,42.22,0.0,13.1,5245.0,-1.1,395.34,70.75
S05,Push session,6,43.3,925.92,Hairpin,Sector 3,40.98,31.6,0.0,5144.0,-22.6,392.31,70.37
S05,Push session,6,43.8,931.61,Hairpin,Sector 3,41.17,1.9,15.0,5160.0,-50.8,394.52,69.95
S05,Push session,6,44.3,937.31,Hairpin,Sector 3,41.39,0.0,16.3,5177.0,-70.7,395.53,69.57
S05,Push session,6,44.8,942.99,Hairpin,Sector 3,40.96,29.7,0.0,5142.0,-86.7,392.71,69.22
S05,Push session,6,45.3,948.68,Hairpin,Sector 3,40.59,32.6,0.0,5112.0,-100.9,392.07,68.86
S05,Push session,6,45.8,954.37,Hairpin,Sector 3,41.14,0.0,11.6,5157.0,-110.3,396.08,68.46
S05,Push session,6,46.3,960.02,Hairpin,Sector 3,41.13,1.0,15.8,5156.0,-117.5,394.88,68.09
S05,Push session,6,46.8,965.68,Hairpin,Sector 3,40.93,29.8,0.0,5140.0,-117.8,392.94,67.77
S05,Push session,6,47.3,971.37,Hairpin,Sector 3,41.09,0.0,16.2,5153.0,-118.8,395.1,67.38
S05,Push session,6,47.8,977.03,Hairpin,Sector 3,41.03,33.0,0.0,5148.0,-111.4,392.72,67.06
S05,Push session,6,48.3,982.73,Hairpin,Sector 3,40.94,30.0,0.0,5141.0,-95.9,393.25,66.73
S05,Push session,6,48.8,988.44,Hairpin,Sector 3,40.69,27.3,0.0,5120.0,-82.0,392.96,66.37
S05,Push session,6,49.3,994.12,Hairpin,Sector 3,40.72,27.7,0.0,5123.0,-63.3,392.33,66.03
S05,Push session,6,49.8,999.79,Hairpin,Sector 3,40.92,26.3,0.0,5139.0,-40.7,392.9,65.69
S05,Push session,6,50.3,1005.49,Hairpin,Sector 3,40.82,22.7,0.0,5131.0,-18.7,394.11,65.34
S05,Push session,6,50.8,1011.23,Final Corner,Sector 3,43.08,77.0,0.0,5315.0,0.3,389.46,65.19
S05,Push session,6,51.3,1017.85,Final Corner,Sector 3,50.65,82.5,0.0,5933.0,17.4,388.08,65.34
S05,Push session,6,51.8,1025.49,Final Corner,Sector 3,57.77,76.7,0.0,6514.0,30.1,388.72,65.54
S05,Push session,6,52.3,1034.05,Final Corner,Sector 3,64.24,79.1,0.0,7042.0,39.9,387.49,65.81
S05,Push session,6,52.8,1043.47,Final Corner,Sector 3,70.16,79.1,0.0,7525.0,49.2,386.68,66.12
S05,Push session,6,53.3,1053.67,Final Corner,Sector 3,75.54,38.5,0.0,7964.0,58.1,391.29,66.4
S05,Push session,6,53.8,1064.31,Final Corner,Sector 3,77.27,38.0,0.0,8105.0,49.2,391.78,66.31
S05,Push session,6,54.3,1075.11,Final Corner,Sector 3,78.0,1.2,15.7,8165.0,35.4,395.42,66.09
S05,Push session,6,54.8,1085.86,Final Corner,Sector 3,77.39,37.1,0.0,8115.0,24.6,391.52,65.96
S05,Push session,6,55.3,1096.67,Final Corner,Sector 3,78.1,0.0,16.4,8173.0,4.2,394.82,65.75
S05,Push session,7,0.3,6.68,Main Straight,Sector 1,81.31,100.0,0.0,8435.0,-0.6,384.47,66.25
S05,Push session,7,0.8,18.44,Main Straight,Sector 1,86.81,100.0,0.0,8883.0,0.2,383.68,66.93
S05,Push session,7,1.3,30.89,Main Straight,Sector 1,91.51,97.4,0.0,9267.0,1.5,383.05,67.64
S05,Push session,7,1.8,43.95,Main Straight,Sector 1,95.67,100.0,0.0,9606.0,2.4,383.09,68.42
S05,Push session,7,2.3,57.54,Main Straight,Sector 1,99.2,98.5,0.0,9895.0,-2.6,382.48,69.2
S05,Push session,7,2.8,71.58,Main Straight,Sector 1,102.29,100.0,0.0,10147.0,1.4,381.73,70.03
S05,Push session,7,3.3,86.01,Main Straight,Sector 1,104.93,100.0,0.0,10362.0,1.1,381.35,70.88
S05,Push session,7,3.8,100.78,Main Straight,Sector 1,107.21,99.6,0.0,10548.0,-0.9,382.54,71.75
S05,Push session,7,4.3,115.83,Main Straight,Sector 1,109.14,98.9,0.0,10705.0,-0.7,381.46,72.63
S05,Push session,7,4.8,131.13,Main Straight,Sector 1,110.79,100.0,0.0,10840.0,-1.6,382.11,73.53
S05,Push session,7,5.3,146.64,Main Straight,Sector 1,112.2,99.8,0.0,10956.0,-0.3,382.18,74.43
S05,Push session,7,5.8,162.3,Main Straight,Sector 1,112.93,40.7,0.0,11015.0,-2.7,390.67,74.82
S05,Push session,7,6.3,177.61,Main Straight,Sector 1,104.3,0.0,71.1,10311.0,0.0,394.56,74.51
S05,Push session,7,6.8,190.82,Main Straight,Sector 1,90.18,1.7,36.5,9159.0,0.2,393.93,73.97
S05,Push session,7,7.3,202.68,Main Straight,Sector 1,82.98,0.9,25.4,8572.0,0.8,394.31,73.43
S05,Push session,7,7.8,213.78,Main Straight,Sector 1,78.36,0.0,14.0,8194.0,0.3,394.78,72.89
S05,Push session,7,8.3,224.4,Turn 1 Braking Zone,Sector 1,75.92,36.8,0.0,7995.0,1.6,391.89,72.51
S05,Push session,7,8.8,234.84,Turn 1 Braking Zone,Sector 1,73.38,0.0,15.7,7788.0,0.5,393.67,72.06
S05,Push session,7,9.3,244.7,Turn 1 Braking Zone,Sector 1,69.43,4.2,14.9,7466.0,0.4,393.98,71.55
S05,Push session,7,9.8,254.15,Turn 1 Braking Zone,Sector 1,67.62,0.0,17.7,7318.0,-1.9,394.64,71.18
S05,Push session,7,10.3,263.55,Turn 1 Braking Zone,Sector 1,67.84,1.9,15.7,7336.0,1.3,393.88,70.98
S05,Push session,7,10.8,272.91,Turn 1 Braking Zone,Sector 1,67.82,0.9,14.6,7334.0,-1.2,394.23,70.77
S05,Push session,7,11.3,282.27,Turn 1 Medium Left,Sector 1,67.2,38.8,0.0,7283.0,-4.5,390.37,70.56
S05,Push session,7,11.8,291.6,Turn 1 Medium Left,Sector 1,67.13,34.5,0.0,7278.0,-26.1,391.92,70.26
S05,Push session,7,12.3,300.94,Turn 1 Medium Left,Sector 1,66.93,32.5,0.0,7261.0,-36.9,390.69,69.96
S05,Push session,7,12.8,310.3,Turn 1 Medium Left,Sector 1,67.77,0.0,13.8,7330.0,-55.5,395.6,69.66
S05,Push session,7,13.3,319.62,Turn 1 Medium Left,Sector 1,67.38,0.0,13.4,7298.0,-63.8,395.04,69.35
S05,Push session,7,13.8,328.93,Turn 1 Medium Left,Sector 1,67.01,33.2,0.0,7268.0,-75.6,391.22,69.13
S05,Push session,7,14.3,338.26,Turn 1 Medium Left,Sector 1,67.71,0.0,16.2,7326.0,-75.2,393.57,68.83
S05,Push session,7,14.8,347.59,Turn 1 Medium Left,Sector 1,67.57,0.0,15.7,7314.0,-66.8,394.64,68.56
S05,Push session,7,15.3,356.92,Turn 1 Medium Left,Sector 1,67.27,32.3,0.0,7289.0,-56.6,391.66,68.33
S05,Push session,7,15.8,366.25,Turn 1 Medium Left,Sector 1,66.83,32.3,0.0,7253.0,-43.2,390.81,68.04
S05,Push session,7,16.3,375.58,Turn 1 Medium Left,Sector 1,66.71,35.8,0.0,7244.0,-32.2,390.64,67.77
S05,Push session,7,16.8,384.92,Turn 1 Medium Left,Sector 1,67.59,5.5,14.4,7315.0,-8.7,394.6,67.49
S05,Push session,7,17.3,394.41,Back Straight,Sector 2,70.69,100.0,0.0,7568.0,0.7,384.4,67.74
S05,Push session,7,17.8,404.81,Back Straight,Sector 2,77.49,96.4,0.0,8124.0,-1.1,383.78,68.3
S05,Push session,7,18.3,416.07,Back Straight,Sector 2,83.35,100.0,0.0,8601.0,1.8,382.27,68.91
S05,Push session,7,18.8,428.09,Back Straight,Sector 2,88.6,100.0,0.0,9030.0,-0.8,383.31,69.59
S05,Push session,7,19.3,440.79,Back Straight,Sector 2,93.15,100.0,0.0,9401.0,1.4,381.81,70.31
S05,Push session,7,19.8,454.04,Back Straight,Sector 2,96.58,40.7,0.0,9681.0,-1.1,390.0,70.77
S05,Push session,7,20.3,467.54,Back Straight,Sector 2,97.6,41.8,0.0,9764.0,0.2,390.15,70.8
S05,Push session,7,20.8,481.18,Back Straight,Sector 2,98.55,43.1,0.0,9841.0,-0.6,389.18,70.84
S05,Push session,7,21.3,494.94,Back Straight,Sector 2,99.41,41.5,0.0,9912.0,2.6,390.01,70.86
S05,Push session,7,21.8,508.82,Back Straight,Sector 2,100.25,41.3,0.0,9981.0,-0.1,390.32,70.89
S05,Push session,7,22.3,521.39,Back Straight,Sector 2,80.91,0.0,71.1,8402.0,4.8,394.98,70.39
S05,Push session,7,22.8,531.43,Back Straight,Sector 2,67.97,1.8,28.0,7347.0,1.3,394.28,69.89
S05,Push session,7,23.3,540.35,Back Straight,Sector 2,62.25,4.4,16.7,6879.0,-2.1,394.96,69.41
S05,Push session,7,23.8,548.75,Back Straight,Sector 2,60.92,2.9,15.9,6771.0,1.9,394.85,69.09
S05,Push session,7,24.3,557.01,Back Straight,Sector 2,59.39,8.7,16.4,6646.0,-1.0,393.85,68.8
S05,Push session,7,24.8,565.26,Technical Esses,Sector 2,59.38,3.6,14.2,6645.0,10.9,393.77,68.55
S05,Push session,7,25.3,573.46,Technical Esses,Sector 2,59.34,2.2,12.0,6642.0,26.0,395.27,68.24
S05,Push session,7,25.8,581.68,Technical Esses,Sector 2,59.37,3.5,12.8,6645.0,44.0,394.22,67.95
S05,Push session,7,26.3,589.9,Technical Esses,Sector 2,59.3,0.0,15.3,6639.0,55.1,394.74,67.63
S05,Push session,7,26.8,598.1,Technical Esses,Sector 2,59.28,0.3,12.3,6637.0,69.0,395.45,67.35
S05,Push session,7,27.3,606.3,Technical Esses,Sector 2,59.15,30.9,0.0,6626.0,76.8,392.5,67.1
S05,Push session,7,27.8,614.49,Technical Esses,Sector 2,58.8,37.7,0.0,6598.0,88.0,390.39,66.82
S05,Push session,7,28.3,622.7,Technical Esses,Sector 2,58.67,36.4,0.0,6588.0,93.8,390.33,66.53
S05,Push session,7,28.8,630.93,Technical Esses,Sector 2,59.63,5.9,16.4,6666.0,85.3,394.05,66.25
S05,Push session,7,29.3,639.14,Technical Esses,Sector 2,59.22,32.7,0.0,6632.0,87.8,391.86,66.02
S05,Push session,7,29.8,647.36,Technical Esses,Sector 2,59.19,32.3,0.0,6630.0,79.4,391.14,65.73
S05,Push session,7,30.3,655.59,Technical Esses,Sector 2,58.99,29.6,0.0,6614.0,74.7,391.86,65.46
S05,Push session,7,30.8,663.78,Technical Esses,Sector 2,58.49,29.2,0.0,6572.0,62.7,391.98,65.16
S05,Push session,7,31.3,671.99,Technical Esses,Sector 2,59.51,1.4,10.1,6656.0,53.8,394.96,64.89
S05,Push session,7,31.8,680.19,Technical Esses,Sector 2,59.42,3.4,13.7,6649.0,40.5,393.78,64.62
S05,Push session,7,32.3,688.39,Technical Esses,Sector 2,59.06,32.0,0.0,6619.0,28.8,391.35,64.4
S05,Push session,7,32.8,696.59,Technical Esses,Sector 2,58.7,34.9,0.0,6590.0,8.5,390.96,64.13
S05,Push session,7,33.3,704.93,Long Straight,Sector 3,62.12,100.0,0.0,6869.0,-1.2,384.6,64.27
S05,Push session,7,33.8,714.22,Long Straight,Sector 3,69.92,100.0,0.0,7505.0,-1.7,384.38,64.78
S05,Push session,7,34.3,724.52,Long Straight,Sector 3,76.75,100.0,0.0,8063.0,1.0,384.01,65.36
S05,Push session,7,34.8,735.68,Long Straight,Sector 3,82.67,99.5,0.0,8546.0,-0.3,383.8,65.98
S05,Push session,7,35.3,747.62,Long Straight,Sector 3,87.98,100.0,0.0,8979.0,-0.2,382.73,66.68
S05,Push session,7,35.8,760.23,Long Straight,Sector 3,92.65,98.5,0.0,9360.0,-0.9,383.2,67.43
S05,Push session,7,36.3,773.43,Long Straight,Sector 3,96.6,100.0,0.0,9682.0,-0.6,382.6,68.21
S05,Push session,7,36.8,787.14,Long Straight,Sector 3,100.04,96.4,0.0,9964.0,-0.2,382.19,69.01
S05,Push session,7,37.3,801.29,Long Straight,Sector 3,102.99,98.1,0.0,10204.0,-2.7,382.58,69.85
S05,Push session,7,37.8,815.81,Long Straight,Sector 3,105.55,94.6,0.0,10413.0,-2.2,382.6,70.7
S05,Push session,7,38.3,830.65,Long Straight,Sector 3,107.69,100.0,0.0,10588.0,-0.5,381.39,71.58
S05,Push session,7,38.8,845.76,Long Straight,Sector 3,109.56,97.1,0.0,10740.0,-1.9,383.65,72.46
S05,Push session,7,39.3,861.11,Long Straight,Sector 3,111.13,100.0,0.0,10868.0,1.7,381.79,73.36
S05,Push session,7,39.8,876.22,Long Straight,Sector 3,101.88,4.1,100.0,10114.0,0.6,393.47,73.4
S05,Push session,7,40.3,888.3,Long Straight,Sector 3,76.99,0.0,97.9,8082.0,-2.3,395.59,72.87
S05,Push session,7,40.8,896.96,Long Straight,Sector 3,53.42,0.6,57.4,6159.0,-2.6,394.32,72.34
S05,Push session,7,41.3,903.48,Long Straight,Sector 3,44.15,0.0,14.4,5403.0,1.7,394.01,71.82
S05,Push session,7,41.8,909.31,Long Straight,Sector 3,40.56,100.0,0.0,5110.0,-0.1,386.17,71.44
S05,Push session,7,42.3,915.17,Long Straight,Sector 3,42.11,0.0,15.9,5236.0,-3.0,394.46,71.06
S05,Push session,7,42.8,921.01,Hairpin,Sector 3,41.23,34.1,0.0,5164.0,1.0,391.67,70.73
S05,Push session,7,43.3,926.76,Hairpin,Sector 3,41.39,3.5,16.4,5177.0,-24.7,393.73,70.31
S05,Push session,7,43.8,932.47,Hairpin,Sector 3,41.33,0.0,12.1,5173.0,-51.4,394.81,69.93
S05,Push session,7,44.3,938.2,Hairpin,Sector 3,41.52,0.5,18.8,5188.0,-67.4,394.52,69.55
S05,Push session,7,44.8,943.9,Hairpin,Sector 3,41.34,4.5,16.5,5174.0,-90.3,394.46,69.19
S05,Push session,7,45.3,949.6,Hairpin,Sector 3,41.26,29.6,0.0,5167.0,-105.0,391.38,68.87
S05,Push session,7,45.8,955.32,Hairpin,Sector 3,41.13,28.5,0.0,5156.0,-109.7,393.53,68.5
S05,Push session,7,46.3,961.03,Hairpin,Sector 3,40.67,32.8,0.0,5119.0,-123.1,392.63,68.13
S05,Push session,7,46.8,966.76,Hairpin,Sector 3,40.85,21.6,0.0,5133.0,-118.1,392.42,67.77
S05,Push session,7,47.3,972.49,Hairpin,Sector 3,40.95,27.1,0.0,5141.0,-116.3,392.35,67.42
S05,Push session,7,47.8,978.2,Hairpin,Sector 3,40.81,29.5,0.0,5130.0,-105.1,393.18,67.07
S05,Push session,7,48.3,983.92,Hairpin,Sector 3,40.68,27.9,0.0,5119.0,-92.5,392.7,66.72
S05,Push session,7,48.8,989.66,Hairpin,Sector 3,41.74,0.0,11.7,5206.0,-79.4,395.12,66.38
S05,Push session,7,49.3,995.38,Hairpin,Sector 3,40.63,31.6,0.0,5115.0,-59.4,391.59,66.04
S05,Push session,7,49.8,1001.11,Hairpin,Sector 3,41.83,0.0,13.9,5214.0,-35.8,394.46,65.71
S05,Push session,7,50.3,1006.84,Hairpin,Sector 3,40.84,27.6,0.0,5133.0,-12.0,393.48,65.38
S05,Push session,7,50.8,1012.69,Final Corner,Sector 3,44.2,81.8,0.0,5406.0,6.7,387.8,65.3
S05,Push session,7,51.3,1019.48,Final Corner,Sector 3,51.94,81.8,0.0,6039.0,17.7,387.1,65.47
S05,Push session,7,51.8,1027.3,Final Corner,Sector 3,59.04,78.1,0.0,6618.0,27.1,388.24,65.69
S05,Push session,7,52.3,1036.04,Final Corner,Sector 3,65.55,76.1,0.0,7149.0,43.1,387.1,65.97
S05,Push session,7,52.8,1045.64,Final Corner,Sector 3,71.44,79.6,0.0,7630.0,50.2,386.89,66.31
S05,Push session,7,53.3,1055.99,Final Corner,Sector 3,76.08,38.3,0.0,8008.0,56.2,390.64,66.5
S05,Push session,7,53.8,1066.7,Final Corner,Sector 3,77.79,29.5,0.0,8148.0,50.9,391.1,66.4
S05,Push session,7,54.3,1077.56,Final Corner,Sector 3,78.53,0.0,13.3,8208.0,37.3,394.56,66.2
S05,Push session,7,54.8,1088.39,Final Corner,Sector 3,77.81,38.9,0.0,8149.0,23.7,390.1,66.03
S05,Push session,7,55.3,1099.25,Final Corner,Sector 3,78.43,2.8,13.6,8200.0,4.3,395.44,65.82
S05,Push session,8,0.4,8.98,Main Straight,Sector 1,82.58,100.0,0.0,8538.0,0.5,382.67,66.46
S05,Push session,8,0.9,20.89,Main Straight,Sector 1,87.86,99.2,0.0,8969.0,2.1,382.61,67.14
S05,Push session,8,1.4,33.49,Main Straight,Sector 1,92.49,100.0,0.0,9347.0,-0.2,381.53,67.88
S05,Push session,8,1.9,46.68,Main Straight,Sector 1,96.54,98.5,0.0,9678.0,-2.8,382.32,68.67
S05,Push session,8,2.4,60.38,Main Straight,Sector 1,99.98,100.0,0.0,9959.0,1.0,381.48,69.47
S05,Push session,8,2.9,74.52,Main Straight,Sector 1,102.95,100.0,0.0,10201.0,0.5,381.79,70.3
S05,Push session,8,3.4,89.03,Main Straight,Sector 1,105.5,99.4,0.0,10409.0,-1.5,380.75,71.15
S05,Push session,8,3.9,103.87,Main Straight,Sector 1,107.7,100.0,0.0,10588.0,1.7,380.33,72.03
S05,Push session,8,4.4,118.99,Main Straight,Sector 1,109.56,100.0,0.0,10740.0,1.5,380.85,72.92
S05,Push session,8,4.9,134.34,Main Straight,Sector 1,111.16,95.3,0.0,10871.0,-2.3,380.84,73.81
S05,Push session,8,5.4,149.89,Main Straight,Sector 1,112.48,97.7,0.0,10978.0,0.3,380.7,74.69
S05,Push session,8,5.9,165.56,Main Straight,Sector 1,112.9,41.8,0.0,11013.0,1.0,388.78,74.88
S05,Push session,8,6.4,180.5,Main Straight,Sector 1,100.32,0.0,63.2,9986.0,-0.4,394.28,74.45
S05,Push session,8,6.9,193.32,Main Straight,Sector 1,87.89,0.0,31.8,8972.0,0.6,394.09,73.91
S05,Push session,8,7.4,204.95,Main Straight,Sector 1,81.55,2.4,14.9,8454.0,-1.4,393.7,73.38
S05,Push session,8,7.9,215.97,Main Straight,Sector 1,77.85,0.0,13.6,8153.0,-0.6,394.48,72.85
S05,Push session,8,8.4,226.55,Turn 1 Braking Zone,Sector 1,75.31,34.1,0.0,7945.0,3.3,390.05,72.46
S05,Push session,8,8.9,236.89,Turn 1 Braking Zone,Sector 1,72.37,3.8,16.1,7705.0,1.7,393.85,72.02
S05,Push session,8,9.4,246.61,Turn 1 Braking Zone,Sector 1,68.45,1.3,17.0,7385.0,-1.2,393.97,71.51
S05,Push session,8,9.9,255.95,Turn 1 Braking Zone,Sector 1,66.5,81.1,0.0,7227.0,1.3,385.99,71.3
S05,Push session,8,10.4,265.33,Turn 1 Braking Zone,Sector 1,66.85,78.3,0.0,7255.0,-0.1,386.52,71.08
S05,Push session,8,10.9,274.67,Turn 1 Braking Zone,Sector 1,66.96,80.6,0.0,7264.0,-2.6,386.01,70.88
S05,Push session,8,11.4,283.98,Turn 1 Medium Left,Sector 1,67.04,35.3,0.0,7271.0,-7.0,390.58,70.57
S05,Push session,8,11.9,293.28,Turn 1 Medium Left,Sector 1,66.91,33.9,0.0,7260.0,-29.5,391.5,70.28
S05,Push session,8,12.4,302.58,Turn 1 Medium Left,Sector 1,66.62,33.4,0.0,7236.0,-43.2,390.48,69.97
S05,Push session,8,12.9,311.9,Turn 1 Medium Left,Sector 1,67.46,4.6,15.0,7305.0,-56.7,393.59,69.68
S05,Push session,8,13.4,321.21,Turn 1 Medium Left,Sector 1,67.04,35.2,0.0,7270.0,-66.9,389.8,69.45
S05,Push session,8,13.9,330.53,Turn 1 Medium Left,Sector 1,66.8,31.2,0.0,7251.0,-71.9,390.94,69.14
S05,Push session,8,14.4,339.84,Turn 1 Medium Left,Sector 1,66.35,37.3,0.0,7214.0,-73.4,389.88,68.87
S05,Push session,8,14.9,349.14,Turn 1 Medium Left,Sector 1,67.24,1.9,16.3,7287.0,-63.9,393.1,68.57
S05,Push session,8,15.4,358.42,Turn 1 Medium Left,Sector 1,66.97,31.4,0.0,7264.0,-58.5,391.1,68.34
S05,Push session,8,15.9,367.72,Turn 1 Medium Left,Sector 1,66.73,41.0,0.0,7245.0,-41.0,389.43,68.06
S05,Push session,8,16.4,377.02,Turn 1 Medium Left,Sector 1,66.61,36.4,0.0,7236.0,-26.1,390.58,67.79
S05,Push session,8,16.9,386.32,Turn 1 Medium Left,Sector 1,66.36,36.5,0.0,7215.0,-9.0,391.1,67.53
S05,Push session,8,17.4,395.89,Back Straight,Sector 2,71.62,98.6,0.0,7644.0,-0.1,383.91,67.9
S05,Push session,8,17.9,406.4,Back Straight,Sector 2,78.24,100.0,0.0,8184.0,0.1,383.3,68.47
S05,Push session,8,18.4,417.77,Back Straight,Sector 2,84.16,98.6,0.0,8668.0,1.8,383.86,69.1
S05,Push session,8,18.9,429.9,Back Straight,Sector 2,89.32,100.0,0.0,9089.0,-1.7,382.04,69.79
S05,Push session,8,19.4,442.69,Back Straight,Sector 2,93.8,100.0,0.0,9454.0,-0.3,381.76,70.52
S05,Push session,8,19.9,456.0,Back Straight,Sector 2,96.58,39.6,0.0,9681.0,2.4,389.57,70.83
S05,Push session,8,20.4,469.49,Back Straight,Sector 2,97.55,43.3,0.0,9760.0,1.2,388.47,70.85
S05,Push session,8,20.9,483.12,Back Straight,Sector 2,98.53,45.4,0.0,9840.0,0.0,388.6,70.89
S05,Push session,8,21.4,496.89,Back Straight,Sector 2,99.51,46.7,0.0,9920.0,-1.1,388.75,70.95
S05,Push session,8,21.9,510.79,Back Straight,Sector 2,100.4,1.7,100.0,9993.0,-2.8,392.86,70.89
S05,Push session,8,22.4,522.71,Back Straight,Sector 2,77.45,3.4,62.3,8120.0,-1.3,393.47,70.39
S05,Push session,8,22.9,532.43,Back Straight,Sector 2,66.3,0.0,26.2,7210.0,-0.5,393.87,69.89
S05,Push session,8,23.4,541.19,Back Straight,Sector 2,61.41,1.7,17.9,6811.0,2.1,393.44,69.4
S05,Push session,8,23.9,549.53,Back Straight,Sector 2,59.95,7.5,14.2,6692.0,-3.4,393.16,69.09
S05,Push session,8,24.4,557.82,Back Straight,Sector 2,58.68,100.0,0.0,6588.0,0.8,384.51,68.96
S05,Push session,8,24.9,566.08,Technical Esses,Sector 2,58.78,24.2,0.0,6597.0,11.0,392.02,68.57
S05,Push session,8,25.4,574.29,Technical Esses,Sector 2,59.41,0.0,15.3,6648.0,32.7,393.69,68.26
S05,Push session,8,25.9,582.5,Technical Esses,Sector 2,59.41,0.0,15.0,6648.0,44.4,392.67,67.95
S05,Push session,8,26.4,590.71,Technical Esses,Sector 2,59.24,28.0,0.0,6634.0,61.5,393.12,67.7
S05,Push session,8,26.9,598.93,Technical Esses,Sector 2,58.95,33.4,0.0,6611.0,72.0,391.29,67.39
S05,Push session,8,27.4,607.12,Technical Esses,Sector 2,58.43,36.9,0.0,6568.0,77.9,390.07,67.09
S05,Push session,8,27.9,615.33,Technical Esses,Sector 2,59.56,0.0,13.7,6660.0,84.9,394.99,66.8
S05,Push session,8,28.4,623.57,Technical Esses,Sector 2,59.58,0.0,14.4,6662.0,90.2,394.17,66.51
S05,Push session,8,28.9,631.79,Technical Esses,Sector 2,59.73,4.0,16.2,6674.0,90.6,394.11,66.23
S05,Push session,8,29.4,640.0,Technical Esses,Sector 2,59.46,4.0,12.9,6652.0,85.9,394.46,65.94
S05,Push session,8,29.9,648.23,Technical Esses,Sector 2,59.38,0.0,14.0,6646.0,81.0,394.13,65.66
S05,Push session,8,30.4,656.44,Technical Esses,Sector 2,59.28,30.3,0.0,6637.0,76.5,391.06,65.43
S05,Push session,8,30.9,664.65,Technical Esses,Sector 2,58.95,35.5,0.0,6610.0,64.3,391.38,65.15
S05,Push session,8,31.4,672.86,Technical Esses,Sector 2,58.7,25.9,0.0,6590.0,48.3,392.26,64.88
S05,Push session,8,31.9,681.09,Technical Esses,Sector 2,59.03,27.7,0.0,6617.0,37.3,392.3,64.61
S05,Push session,8,32.4,689.27,Technical Esses,Sector 2,58.5,31.6,0.0,6574.0,22.9,390.67,64.32
S05,Push session,8,32.9,697.5,Technical Esses,Sector 2,59.75,0.0,11.4,6676.0,5.5,394.88,64.07
S05,Push session,8,33.4,706.04,Long Straight,Sector 3,64.62,98.0,0.0,7073.0,0.7,384.63,64.41
S05,Push session,8,33.9,715.65,Long Straight,Sector 3,72.09,96.9,0.0,7683.0,-0.7,383.6,64.94
S05,Push session,8,34.4,726.22,Long Straight,Sector 3,78.7,100.0,0.0,8222.0,-0.9,383.02,65.55
S05,Push session,8,34.9,737.65,Long Straight,Sector 3,84.55,96.1,0.0,8699.0,2.9,383.38,66.21
S05,Push session,8,35.4,749.82,Long Straight,Sector 3,89.62,100.0,0.0,9113.0,0.0,382.61,66.94
S05,Push session,8,35.9,762.64,Long Straight,Sector 3,94.05,100.0,0.0,9474.0,-1.5,381.83,67.7
S05,Push session,8,36.4,776.03,Long Straight,Sector 3,97.88,98.8,0.0,9787.0,1.4,382.56,68.5
S05,Push session,8,36.9,789.9,Long Straight,Sector 3,101.11,99.0,0.0,10050.0,-0.3,382.54,69.31
S05,Push session,8,37.4,804.18,Long Straight,Sector 3,103.92,98.6,0.0,10280.0,-2.1,380.75,70.15
S05,Push session,8,37.9,818.82,Long Straight,Sector 3,106.33,97.3,0.0,10477.0,0.2,381.56,71.02
S05,Push session,8,38.4,833.76,Long Straight,Sector 3,108.37,98.1,0.0,10643.0,-2.0,381.68,71.89
S05,Push session,8,38.9,848.96,Long Straight,Sector 3,110.13,99.8,0.0,10786.0,-1.2,381.4,72.78
S05,Push session,8,39.4,864.39,Long Straight,Sector 3,111.64,95.9,0.0,10910.0,-0.3,381.89,73.68
S05,Push session,8,39.9,879.12,Long Straight,Sector 3,97.02,0.0,96.9,9717.0,3.2,394.4,73.41
S05,Push session,8,40.4,890.53,Long Straight,Sector 3,72.39,2.5,100.0,7707.0,1.1,394.07,72.88
S05,Push session,8,40.9,898.61,Long Straight,Sector 3,50.4,2.5,46.7,5912.0,1.7,395.08,72.37
S05,Push session,8,41.4,904.9,Long Straight,Sector 3,43.11,0.0,13.5,5318.0,2.9,394.09,71.85
S05,Push session,8,41.9,910.71,Long Straight,Sector 3,41.98,0.0,17.0,5226.0,-0.5,394.12,71.47
S05,Push session,8,42.4,916.44,Long Straight,Sector 3,40.98,2.8,14.7,5144.0,-1.7,393.44,71.09
S05,Push session,8,42.9,922.17,Hairpin,Sector 3,41.28,0.0,14.5,5168.0,-9.3,394.21,70.75
S05,Push session,8,43.4,927.84,Hairpin,Sector 3,41.36,2.1,13.3,5175.0,-33.2,394.1,70.37
S05,Push session,8,43.9,933.5,Hairpin,Sector 3,40.16,33.7,0.0,5077.0,-55.4,391.14,70.01
S05,Push session,8,44.4,939.16,Hairpin,Sector 3,40.29,26.4,0.0,5088.0,-72.4,391.44,69.63
S05,Push session,8,44.9,944.82,Hairpin,Sector 3,40.25,30.1,0.0,5084.0,-90.8,392.6,69.25
S05,Push session,8,45.4,950.49,Hairpin,Sector 3,40.16,34.7,0.0,5077.0,-107.1,390.62,68.89
S05,Push session,8,45.9,956.15,Hairpin,Sector 3,40.16,27.4,0.0,5077.0,-114.7,391.98,68.52
S05,Push session,8,46.4,961.81,Hairpin,Sector 3,41.28,2.3,13.1,5168.0,-119.2,394.57,68.17
S05,Push session,8,46.9,967.47,Hairpin,Sector 3,41.25,3.4,16.7,5166.0,-118.8,394.37,67.82
S05,Push session,8,47.4,973.13,Hairpin,Sector 3,41.14,0.0,9.2,5157.0,-115.2,394.24,67.45
S05,Push session,8,47.9,978.8,Hairpin,Sector 3,40.43,31.4,0.0,5099.0,-106.7,391.0,67.11
S05,Push session,8,48.4,984.44,Hairpin,Sector 3,40.26,33.5,0.0,5085.0,-93.4,391.48,66.78
S05,Push session,8,48.9,990.1,Hairpin,Sector 3,40.61,29.6,0.0,5114.0,-75.0,391.17,66.44
S05,Push session,8,49.4,995.77,Hairpin,Sector 3,40.44,30.6,0.0,5100.0,-57.1,391.99,66.1
S05,Push session,8,49.9,1001.44,Hairpin,Sector 3,40.62,28.0,0.0,5115.0,-35.1,391.67,65.75
S05,Push session,8,50.4,1007.09,Hairpin,Sector 3,40.25,31.9,0.0,5085.0,-6.5,391.35,65.43
S05,Push session,8,50.9,1012.89,Final Corner,Sector 3,43.78,77.8,0.0,5373.0,5.5,387.03,65.35
S05,Push session,8,51.4,1019.6,Final Corner,Sector 3,51.32,76.4,0.0,5988.0,16.6,388.07,65.5
S05,Push session,8,51.9,1027.31,Final Corner,Sector 3,58.28,79.0,0.0,6555.0,28.9,385.66,65.71
S05,Push session,8,52.4,1035.96,Final Corner,Sector 3,64.96,76.6,0.0,7101.0,39.4,387.14,65.99
S05,Push session,8,52.9,1045.46,Final Corner,Sector 3,70.68,76.5,0.0,7567.0,52.1,386.31,66.29
S05,Push session,8,53.4,1055.71,Final Corner,Sector 3,75.36,35.0,0.0,7950.0,50.5,390.05,66.48
S05,Push session,8,53.9,1066.32,Final Corner,Sector 3,77.17,39.7,0.0,8097.0,52.8,389.73,66.41
S05,Push session,8,54.4,1077.04,Final Corner,Sector 3,76.81,36.6,0.0,8068.0,35.6,390.21,66.18
S05,Push session,8,54.9,1087.75,Final Corner,Sector 3,77.33,34.4,0.0,8110.0,23.5,391.15,66.03
S05,Push session,8,55.4,1098.48,Final Corner,Sector 3,76.78,36.7,0.0,8066.0,1.2,390.17,65.8
S06,Weak cell under load,1,0.4,0.7,Main Straight,Sector 1,9.99,100.0,0.0,2615.0,-0.9,384.74,41.09
S06,Weak cell under load,1,0.9,3.1,Main Straight,Sector 1,22.02,100.0,0.0,3597.0,2.4,383.77,41.32
S06,Weak cell under load,1,1.4,7.1,Main Straight,Sector 1,33.23,100.0,0.0,4512.0,-1.4,380.83,41.66
S06,Weak cell under load,1,1.9,12.61,Main Straight,Sector 1,43.87,100.0,0.0,5379.0,2.9,380.31,42.12
S06,Weak cell under load,1,2.4,19.52,Main Straight,Sector 1,53.52,100.0,0.0,6167.0,-2.5,378.53,42.68
S06,Weak cell under load,1,2.9,27.7,Main Straight,Sector 1,62.26,100.0,0.0,6880.0,-1.9,376.89,43.34
S06,Weak cell under load,1,3.4,37.01,Main Straight,Sector 1,70.07,100.0,0.0,7518.0,0.1,376.41,44.08
S06,Weak cell under load,1,3.9,47.32,Main Straight,Sector 1,76.91,99.5,0.0,8076.0,-2.7,376.08,44.88
S06,Weak cell under load,1,4.4,58.51,Main Straight,Sector 1,82.94,100.0,0.0,8568.0,-0.1,374.25,45.74
S06,Weak cell under load,1,4.9,70.48,Main Straight,Sector 1,88.25,98.2,0.0,9001.0,-2.4,373.6,46.65
S06,Weak cell under load,1,5.4,83.12,Main Straight,Sector 1,92.72,93.9,0.0,9366.0,0.0,374.87,47.57
S06,Weak cell under load,1,5.9,96.33,Main Straight,Sector 1,96.66,99.7,0.0,9687.0,-2.6,372.42,48.56
S06,Weak cell under load,1,6.4,110.04,Main Straight,Sector 1,100.08,100.0,0.0,9966.0,0.1,371.73,49.57
S06,Weak cell under load,1,6.9,124.19,Main Straight,Sector 1,103.04,95.5,0.0,10208.0,-0.9,373.37,50.6
S06,Weak cell under load,1,7.4,138.71,Main Straight,Sector 1,105.51,97.4,0.0,10409.0,-0.6,371.36,51.64
S06,Weak cell under load,1,7.9,153.55,Main Straight,Sector 1,107.69,100.0,0.0,10588.0,-1.4,370.55,52.72
S06,Weak cell under load,1,8.4,168.67,Main Straight,Sector 1,109.57,100.0,0.0,10741.0,0.4,371.44,53.81
S06,Weak cell under load,1,8.9,182.73,Main Straight,Sector 1,93.66,0.0,61.1,9443.0,-0.6,397.58,53.48
S06,Weak cell under load,1,9.4,194.71,Main Straight,Sector 1,82.64,0.0,29.0,8544.0,-1.1,398.15,53.15
S06,Weak cell under load,1,9.9,205.69,Main Straight,Sector 1,77.28,4.0,13.2,8106.0,-0.8,396.6,52.84
S06,Weak cell under load,1,10.4,216.12,Main Straight,Sector 1,73.58,0.0,16.2,7804.0,-1.7,397.21,52.52
S06,Weak cell under load,1,10.9,226.28,Turn 1 Braking Zone,Sector 1,72.88,37.3,0.0,7747.0,-2.8,389.68,52.55
S06,Weak cell under load,1,11.4,236.15,Turn 1 Braking Zone,Sector 1,68.92,0.0,13.4,7424.0,-1.2,398.34,52.24
S06,Weak cell under load,1,11.9,245.41,Turn 1 Braking Zone,Sector 1,65.17,0.0,15.5,7118.0,-1.0,398.31,51.92
S06,Weak cell under load,1,12.4,254.42,Turn 1 Braking Zone,Sector 1,65.35,0.9,14.7,7133.0,-0.7,397.5,51.89
S06,Weak cell under load,1,12.9,263.4,Turn 1 Braking Zone,Sector 1,65.48,2.3,16.7,7143.0,-0.5,396.94,51.88
S06,Weak cell under load,1,13.4,272.39,Turn 1 Braking Zone,Sector 1,65.52,0.0,13.3,7147.0,0.5,397.89,51.84
S06,Weak cell under load,1,13.9,281.4,Turn 1 Medium Left,Sector 1,65.65,0.0,14.6,7157.0,-2.9,397.4,51.81
S06,Weak cell under load,1,14.4,290.36,Turn 1 Medium Left,Sector 1,64.46,34.9,0.0,7060.0,-19.2,389.97,51.69
S06,Weak cell under load,1,14.9,299.31,Turn 1 Medium Left,Sector 1,64.12,34.5,0.0,7032.0,-33.6,391.24,51.58
S06,Weak cell under load,1,15.4,308.28,Turn 1 Medium Left,Sector 1,64.04,30.7,0.0,7026.0,-50.7,392.6,51.45
S06,Weak cell under load,1,15.9,317.22,Turn 1 Medium Left,Sector 1,63.9,34.9,0.0,7014.0,-58.5,390.37,51.35
S06,Weak cell under load,1,16.4,326.15,Turn 1 Medium Left,Sector 1,63.8,36.2,0.0,7006.0,-68.4,389.7,51.24
S06,Weak cell under load,1,16.9,335.11,Turn 1 Medium Left,Sector 1,64.83,0.0,20.0,7090.0,-76.2,397.93,51.13
S06,Weak cell under load,1,17.4,344.03,Turn 1 Medium Left,Sector 1,64.42,34.9,0.0,7057.0,-70.4,391.17,51.08
S06,Weak cell under load,1,17.9,353.0,Turn 1 Medium Left,Sector 1,64.37,40.9,0.0,7053.0,-64.3,389.55,50.99
S06,Weak cell under load,1,18.4,361.96,Turn 1 Medium Left,Sector 1,64.54,32.0,0.0,7067.0,-50.0,391.37,50.89
S06,Weak cell under load,1,18.9,370.9,Turn 1 Medium Left,Sector 1,64.32,35.1,0.0,7048.0,-38.6,391.28,50.79
S06,Weak cell under load,1,19.4,379.85,Turn 1 Medium Left,Sector 1,64.14,33.1,0.0,7034.0,-19.0,390.64,50.69
S06,Weak cell under load,1,19.9,388.81,Turn 1 Medium Left,Sector 1,64.04,32.7,0.0,7025.0,0.2,391.99,50.58
S06,Weak cell under load,1,20.4,398.19,Back Straight,Sector 2,70.58,100.0,0.0,7559.0,1.4,376.15,51.25
S06,Weak cell under load,1,20.9,408.57,Back Straight,Sector 2,77.39,99.8,0.0,8115.0,2.2,375.69,51.98
S06,Weak cell under load,1,21.4,419.83,Back Straight,Sector 2,83.32,100.0,0.0,8599.0,3.4,374.8,52.76
S06,Weak cell under load,1,21.9,431.84,Back Straight,Sector 2,88.56,97.7,0.0,9026.0,1.9,374.33,53.6
S06,Weak cell under load,1,22.4,444.53,Back Straight,Sector 2,93.12,97.1,0.0,9398.0,-0.5,373.25,54.48
S06,Weak cell under load,1,22.9,457.78,Back Straight,Sector 2,96.48,42.1,0.0,9673.0,0.6,387.62,55.1
S06,Weak cell under load,1,23.4,471.26,Back Straight,Sector 2,97.47,41.2,0.0,9753.0,0.9,387.87,55.27
S06,Weak cell under load,1,23.9,484.87,Back Straight,Sector 2,98.37,41.5,0.0,9827.0,1.8,387.37,55.44
S06,Weak cell under load,1,24.4,498.62,Back Straight,Sector 2,99.38,44.6,0.0,9909.0,0.7,385.91,55.67
S06,Weak cell under load,1,24.9,512.5,Back Straight,Sector 2,100.27,0.4,97.7,9982.0,-0.5,396.94,55.77
S06,Weak cell under load,1,25.4,524.4,Back Straight,Sector 2,76.59,3.7,67.3,8050.0,-2.4,398.04,55.42
S06,Weak cell under load,1,25.9,533.9,Back Straight,Sector 2,64.54,1.2,23.2,7066.0,-0.8,396.89,55.08
S06,Weak cell under load,1,26.4,542.43,Back Straight,Sector 2,59.67,0.0,16.6,6669.0,-2.3,398.83,54.74
S06,Weak cell under load,1,26.9,550.5,Back Straight,Sector 2,57.94,0.0,12.5,6528.0,-0.4,398.52,54.56
S06,Weak cell under load,1,27.4,558.53,Back Straight,Sector 2,56.84,100.0,0.0,6438.0,0.6,377.57,54.57
S06,Weak cell under load,1,27.9,566.57,Technical Esses,Sector 2,58.09,1.4,16.4,6540.0,12.6,396.96,54.35
S06,Weak cell under load,1,28.4,574.53,Technical Esses,Sector 2,57.78,5.0,14.8,6515.0,30.7,396.98,54.2
S06,Weak cell under load,1,28.9,582.51,Technical Esses,Sector 2,57.6,3.9,14.3,6500.0,43.0,396.56,54.02
S06,Weak cell under load,1,29.4,590.5,Technical Esses,Sector 2,57.82,0.7,17.8,6518.0,55.6,398.14,53.86
S06,Weak cell under load,1,29.9,598.46,Technical Esses,Sector 2,57.59,0.4,12.6,6499.0,67.3,398.71,53.68
S06,Weak cell under load,1,30.4,606.42,Technical Esses,Sector 2,57.44,37.4,0.0,6487.0,76.6,391.69,53.58
S06,Weak cell under load,1,30.9,614.42,Technical Esses,Sector 2,57.69,0.0,12.9,6508.0,86.5,398.47,53.37
S06,Weak cell under load,1,31.4,622.38,Technical Esses,Sector 2,57.76,0.0,11.2,6513.0,90.5,398.13,53.22
S06,Weak cell under load,1,31.9,630.35,Technical Esses,Sector 2,57.85,0.6,14.5,6521.0,90.1,396.89,53.06
S06,Weak cell under load,1,32.4,638.33,Technical Esses,Sector 2,57.82,0.0,16.4,6518.0,91.2,399.56,52.89
S06,Weak cell under load,1,32.9,646.3,Technical Esses,Sector 2,57.56,35.2,0.0,6497.0,82.1,390.71,52.8
S06,Weak cell under load,1,33.4,654.29,Technical Esses,Sector 2,57.54,30.1,0.0,6496.0,77.3,390.77,52.64
S06,Weak cell under load,1,33.9,662.29,Technical Esses,Sector 2,57.23,30.0,0.0,6470.0,66.9,392.23,52.47
S06,Weak cell under load,1,34.4,670.24,Technical Esses,Sector 2,57.03,33.8,0.0,6454.0,58.7,391.35,52.32
S06,Weak cell under load,1,34.9,678.22,Technical Esses,Sector 2,57.02,35.4,0.0,6453.0,43.5,391.17,52.17
S06,Weak cell under load,1,35.4,686.21,Technical Esses,Sector 2,56.96,30.0,0.0,6448.0,26.9,392.27,52.03
S06,Weak cell under load,1,35.9,694.19,Technical Esses,Sector 2,57.0,28.1,0.0,6451.0,12.5,392.19,51.87
S06,Weak cell under load,1,36.4,702.22,Long Straight,Sector 3,59.29,100.0,0.0,6638.0,-0.8,378.68,52.02
S06,Weak cell under load,1,36.9,711.14,Long Straight,Sector 3,67.38,100.0,0.0,7299.0,1.4,377.61,52.63
S06,Weak cell under load,1,37.4,721.11,Long Straight,Sector 3,74.63,100.0,0.0,7890.0,-0.9,376.02,53.32
S06,Weak cell under load,1,37.9,732.02,Long Straight,Sector 3,80.99,97.9,0.0,8409.0,-0.3,375.41,54.07
S06,Weak cell under load,1,38.4,743.72,Long Straight,Sector 3,86.46,100.0,0.0,8855.0,0.7,374.05,54.87
S06,Weak cell under load,1,38.9,756.14,Long Straight,Sector 3,91.22,100.0,0.0,9243.0,-0.3,373.26,55.7
S06,Weak cell under load,1,39.4,769.16,Long Straight,Sector 3,95.41,100.0,0.0,9585.0,-0.6,373.03,56.59
S06,Weak cell under load,1,39.9,782.72,Long Straight,Sector 3,99.03,99.0,0.0,9881.0,-1.0,372.36,57.5
S06,Weak cell under load,1,40.4,796.74,Long Straight,Sector 3,102.1,97.4,0.0,10131.0,1.8,372.48,58.43
S06,Weak cell under load,1,40.9,811.14,Long Straight,Sector 3,104.74,99.3,0.0,10346.0,-0.6,372.36,59.38
S06,Weak cell under load,1,41.4,825.88,Long Straight,Sector 3,107.01,100.0,0.0,10532.0,-1.0,371.43,60.36
S06,Weak cell under load,1,41.9,840.91,Long Straight,Sector 3,108.97,98.7,0.0,10692.0,-0.5,371.77,61.35
S06,Weak cell under load,1,42.4,856.19,Long Straight,Sector 3,110.63,100.0,0.0,10828.0,-0.4,371.49,62.35
S06,Weak cell under load,1,42.9,871.67,Long Straight,Sector 3,112.04,0.0,100.0,10943.0,-0.7,397.84,63.05
S06,Weak cell under load,1,43.4,885.14,Long Straight,Sector 3,86.9,0.0,99.0,8891.0,0.9,398.42,62.64
S06,Weak cell under load,1,43.9,895.11,Long Straight,Sector 3,61.79,0.0,100.0,6842.0,0.0,397.27,62.21
S06,Weak cell under load,1,44.4,902.09,Long Straight,Sector 3,45.16,0.4,26.8,5485.0,-0.1,397.83,61.78
S06,Weak cell under load,1,44.9,907.94,Long Straight,Sector 3,40.59,0.0,16.5,5112.0,0.5,398.87,61.36
S06,Weak cell under load,1,45.4,913.55,Long Straight,Sector 3,39.45,98.8,0.0,5019.0,-0.7,380.22,61.2
S06,Weak cell under load,1,45.9,919.18,Long Straight,Sector 3,41.19,0.7,13.3,5161.0,-2.6,397.82,60.92
S06,Weak cell under load,1,46.4,924.72,Hairpin,Sector 3,39.73,37.8,0.0,5042.0,-19.2,391.12,60.64
S06,Weak cell under load,1,46.9,930.26,Hairpin,Sector 3,39.92,1.0,11.1,5058.0,-38.3,397.31,60.32
S06,Weak cell under load,1,47.4,935.8,Hairpin,Sector 3,40.18,1.2,14.9,5078.0,-60.3,397.65,60.04
S06,Weak cell under load,1,47.9,941.32,Hairpin,Sector 3,40.33,2.0,14.3,5091.0,-82.2,397.62,59.76
S06,Weak cell under load,1,48.4,946.85,Hairpin,Sector 3,39.57,31.2,0.0,5029.0,-97.4,392.43,59.5
S06,Weak cell under load,1,48.9,952.38,Hairpin,Sector 3,39.51,30.8,0.0,5024.0,-109.2,392.42,59.21
S06,Weak cell under load,1,49.4,957.9,Hairpin,Sector 3,39.54,28.7,0.0,5026.0,-114.1,393.92,58.93
S06,Weak cell under load,1,49.9,963.42,Hairpin,Sector 3,39.45,25.5,0.0,5019.0,-114.4,393.39,58.65
S06,Weak cell under load,1,50.4,968.94,Hairpin,Sector 3,39.2,31.1,0.0,4999.0,-119.7,392.88,58.39
S06,Weak cell under load,1,50.9,974.47,Hairpin,Sector 3,40.24,0.0,16.9,5083.0,-114.1,398.47,58.11
S06,Weak cell under load,1,51.4,979.99,Hairpin,Sector 3,39.92,1.7,10.7,5058.0,-106.1,397.8,57.84
S06,Weak cell under load,1,51.9,985.5,Hairpin,Sector 3,40.13,0.0,13.3,5075.0,-90.4,398.21,57.59
S06,Weak cell under load,1,52.4,991.01,Hairpin,Sector 3,40.09,0.0,15.5,5071.0,-71.5,398.53,57.33
S06,Weak cell under load,1,52.9,996.53,Hairpin,Sector 3,40.02,0.0,13.9,5066.0,-54.2,397.91,57.06
S06,Weak cell under load,1,53.4,1002.08,Hairpin,Sector 3,40.27,0.8,13.9,5086.0,-36.6,397.62,56.82
S06,Weak cell under load,1,53.9,1007.61,Hairpin,Sector 3,40.49,1.6,17.2,5104.0,-9.2,397.98,56.59
S06,Weak cell under load,1,54.4,1013.24,Final Corner,Sector 3,42.68,79.0,0.0,5283.0,7.9,383.75,56.59
S06,Weak cell under load,1,54.9,1019.82,Final Corner,Sector 3,50.43,81.7,0.0,5915.0,16.1,381.71,56.83
S06,Weak cell under load,1,55.4,1027.43,Final Corner,Sector 3,57.55,77.5,0.0,6496.0,31.1,382.73,57.11
S06,Weak cell under load,1,55.9,1035.98,Final Corner,Sector 3,64.17,81.2,0.0,7036.0,44.2,381.2,57.47
S06,Weak cell under load,1,56.4,1045.41,Final Corner,Sector 3,70.2,77.3,0.0,7529.0,51.8,381.49,57.87
S06,Weak cell under load,1,56.9,1055.56,Final Corner,Sector 3,74.3,37.1,0.0,7863.0,54.7,389.29,58.05
S06,Weak cell under load,1,57.4,1066.0,Final Corner,Sector 3,74.97,38.8,0.0,7918.0,48.8,389.45,57.98
S06,Weak cell under load,1,57.9,1076.49,Final Corner,Sector 3,75.87,2.5,15.8,7991.0,39.3,397.99,57.84
S06,Weak cell under load,1,58.4,1086.96,Final Corner,Sector 3,75.52,37.2,0.0,7962.0,28.6,389.32,57.76
S06,Weak cell under load,1,58.9,1097.43,Final Corner,Sector 3,75.23,33.4,0.0,7939.0,3.8,390.23,57.61
S06,Weak cell under load,2,0.3,6.54,Main Straight,Sector 1,79.68,90.8,0.0,8302.0,0.9,376.49,58.14
S06,Weak cell under load,2,0.8,18.07,Main Straight,Sector 1,85.32,93.0,0.0,8762.0,0.1,375.68,58.88
S06,Weak cell under load,2,1.3,30.33,Main Straight,Sector 1,90.2,100.0,0.0,9160.0,0.2,372.77,59.67
S06,Weak cell under load,2,1.8,43.23,Main Straight,Sector 1,94.51,96.3,0.0,9512.0,1.0,373.73,60.49
S06,Weak cell under load,2,2.3,56.66,Main Straight,Sector 1,98.19,100.0,0.0,9812.0,-1.5,371.27,61.34
S06,Weak cell under load,2,2.8,70.58,Main Straight,Sector 1,101.42,100.0,0.0,10076.0,-0.7,370.83,62.24
S06,Weak cell under load,2,3.3,84.9,Main Straight,Sector 1,104.17,100.0,0.0,10301.0,-0.3,371.01,63.15
S06,Weak cell under load,2,3.8,99.57,Main Straight,Sector 1,106.55,98.9,0.0,10495.0,1.1,370.62,64.08
S06,Weak cell under load,2,4.3,114.54,Main Straight,Sector 1,108.56,100.0,0.0,10659.0,-1.9,370.72,65.02
S06,Weak cell under load,2,4.8,129.77,Main Straight,Sector 1,110.3,100.0,0.0,10801.0,0.3,371.47,65.98
S06,Weak cell under load,2,5.3,145.21,Main Straight,Sector 1,111.78,99.0,0.0,10921.0,-0.9,370.44,66.95
S06,Weak cell under load,2,5.8,160.84,Main Straight,Sector 1,112.78,43.6,0.0,11003.0,-1.8,386.05,67.57
S06,Weak cell under load,2,6.3,176.1,Main Straight,Sector 1,103.27,0.0,76.9,10227.0,1.1,398.14,67.34
S06,Weak cell under load,2,6.8,189.08,Main Straight,Sector 1,88.23,0.7,41.5,8999.0,-1.4,396.38,66.87
S06,Weak cell under load,2,7.3,200.58,Main Straight,Sector 1,79.91,0.0,19.1,8321.0,-2.0,398.19,66.41
S06,Weak cell under load,2,7.8,211.31,Main Straight,Sector 1,75.69,1.1,11.2,7977.0,0.4,396.52,65.96
S06,Weak cell under load,2,8.3,221.64,Turn 1 Braking Zone,Sector 1,73.94,6.5,10.4,7833.0,-1.8,396.36,65.71
S06,Weak cell under load,2,8.8,231.85,Turn 1 Braking Zone,Sector 1,73.87,0.0,26.6,7827.0,-0.4,397.5,65.45
S06,Weak cell under load,2,9.3,241.64,Turn 1 Braking Zone,Sector 1,68.58,0.0,17.2,7396.0,-1.8,397.29,64.99
S06,Weak cell under load,2,9.8,250.82,Turn 1 Braking Zone,Sector 1,64.51,79.2,0.0,7064.0,-0.5,382.16,64.68
S06,Weak cell under load,2,10.3,259.88,Turn 1 Braking Zone,Sector 1,64.43,74.1,0.0,7057.0,-0.1,382.15,64.51
S06,Weak cell under load,2,10.8,268.93,Turn 1 Braking Zone,Sector 1,64.6,77.7,0.0,7071.0,-1.6,381.81,64.35
S06,Weak cell under load,2,11.3,278.04,Turn 1 Braking Zone,Sector 1,64.93,73.8,0.0,7099.0,-0.5,382.64,64.19
S06,Weak cell under load,2,11.8,287.1,Turn 1 Medium Left,Sector 1,64.5,35.9,0.0,7063.0,-12.0,389.14,63.88
S06,Weak cell under load,2,12.3,296.14,Turn 1 Medium Left,Sector 1,65.41,0.0,11.9,7137.0,-33.2,397.08,63.62
S06,Weak cell under load,2,12.8,305.18,Turn 1 Medium Left,Sector 1,65.27,1.0,13.8,7126.0,-46.9,397.6,63.37
S06,Weak cell under load,2,13.3,314.21,Turn 1 Medium Left,Sector 1,65.18,32.2,0.0,7118.0,-58.0,391.08,63.19
S06,Weak cell under load,2,13.8,323.25,Turn 1 Medium Left,Sector 1,65.08,38.3,0.0,7111.0,-68.1,389.92,62.96
S06,Weak cell under load,2,14.3,332.31,Turn 1 Medium Left,Sector 1,65.15,36.0,0.0,7116.0,-70.4,390.15,62.72
S06,Weak cell under load,2,14.8,341.35,Turn 1 Medium Left,Sector 1,65.07,32.1,0.0,7110.0,-68.2,391.51,62.47
S06,Weak cell under load,2,15.3,350.36,Turn 1 Medium Left,Sector 1,64.74,36.8,0.0,7082.0,-65.7,390.31,62.24
S06,Weak cell under load,2,15.8,359.41,Turn 1 Medium Left,Sector 1,64.7,35.2,0.0,7080.0,-52.0,389.83,62.01
S06,Weak cell under load,2,16.3,368.46,Turn 1 Medium Left,Sector 1,64.56,33.9,0.0,7068.0,-41.1,390.08,61.78
S06,Weak cell under load,2,16.8,377.5,Turn 1 Medium Left,Sector 1,65.45,0.0,17.1,7141.0,-26.8,396.85,61.56
S06,Weak cell under load,2,17.3,386.52,Turn 1 Medium Left,Sector 1,65.2,31.6,0.0,7120.0,-10.3,390.94,61.39
S06,Weak cell under load,2,17.8,395.82,Back Straight,Sector 2,69.59,100.0,0.0,7479.0,-1.6,376.27,61.74
S06,Weak cell under load,2,18.3,406.08,Back Straight,Sector 2,76.57,100.0,0.0,8048.0,-1.3,374.38,62.35
S06,Weak cell under load,2,18.8,417.23,Back Straight,Sector 2,82.68,100.0,0.0,8547.0,-0.5,374.1,63.03
S06,Weak cell under load,2,19.3,429.17,Back Straight,Sector 2,88.05,100.0,0.0,8985.0,-0.9,373.03,63.76
S06,Weak cell under load,2,19.8,441.79,Back Straight,Sector 2,92.66,100.0,0.0,9361.0,0.4,371.6,64.52
S06,Weak cell under load,2,20.3,455.0,Back Straight,Sector 2,96.64,38.0,0.0,9686.0,0.6,387.47,65.16
S06,Weak cell under load,2,20.8,468.5,Back Straight,Sector 2,97.63,38.8,0.0,9767.0,-0.1,386.85,65.24
S06,Weak cell under load,2,21.3,482.14,Back Straight,Sector 2,98.55,47.6,0.0,9842.0,-0.8,385.29,65.33
S06,Weak cell under load,2,21.8,495.91,Back Straight,Sector 2,99.55,39.5,0.0,9923.0,-0.4,386.91,65.43
S06,Weak cell under load,2,22.3,509.8,Back Straight,Sector 2,100.34,40.5,0.0,9988.0,4.1,387.09,65.5
S06,Weak cell under load,2,22.8,522.4,Back Straight,Sector 2,81.17,0.0,71.3,8423.0,-2.5,398.0,65.04
S06,Weak cell under load,2,23.3,532.39,Back Straight,Sector 2,67.14,2.7,32.3,7278.0,1.0,396.74,64.63
S06,Weak cell under load,2,23.8,541.19,Back Straight,Sector 2,61.39,0.3,14.1,6810.0,1.2,396.43,64.18
S06,Weak cell under load,2,24.3,549.4,Back Straight,Sector 2,57.48,100.0,0.0,6490.0,1.1,377.64,63.91
S06,Weak cell under load,2,24.8,557.57,Back Straight,Sector 2,58.75,0.0,15.1,6594.0,-0.4,397.28,63.64
S06,Weak cell under load,2,25.3,565.69,Technical Esses,Sector 2,57.59,31.6,0.0,6500.0,14.8,390.46,63.42
S06,Weak cell under load,2,25.8,573.76,Technical Esses,Sector 2,58.53,0.1,17.6,6576.0,27.7,397.34,63.15
S06,Weak cell under load,2,26.3,581.83,Technical Esses,Sector 2,58.34,2.3,17.4,6561.0,43.5,397.48,62.88
S06,Weak cell under load,2,26.8,589.88,Technical Esses,Sector 2,58.05,33.9,0.0,6537.0,57.1,390.58,62.68
S06,Weak cell under load,2,27.3,597.94,Technical Esses,Sector 2,57.58,25.6,0.0,6499.0,66.7,391.8,62.41
S06,Weak cell under load,2,27.8,606.01,Technical Esses,Sector 2,58.6,0.0,14.1,6582.0,80.5,397.38,62.16
S06,Weak cell under load,2,28.3,614.07,Technical Esses,Sector 2,58.61,0.0,14.2,6583.0,85.1,397.04,61.9
S06,Weak cell under load,2,28.8,622.14,Technical Esses,Sector 2,58.51,1.4,16.5,6575.0,85.3,396.97,61.65
S06,Weak cell under load,2,29.3,630.19,Technical Esses,Sector 2,58.06,40.6,0.0,6537.0,91.4,389.81,61.47
S06,Weak cell under load,2,29.8,638.26,Technical Esses,Sector 2,58.08,35.0,0.0,6540.0,92.5,389.94,61.23
S06,Weak cell under load,2,30.3,646.34,Technical Esses,Sector 2,57.74,35.1,0.0,6512.0,83.1,390.35,60.99
S06,Weak cell under load,2,30.8,654.37,Technical Esses,Sector 2,57.49,31.6,0.0,6491.0,72.2,390.93,60.74
S06,Weak cell under load,2,31.3,662.42,Technical Esses,Sector 2,57.45,37.6,0.0,6488.0,71.4,389.66,60.52
S06,Weak cell under load,2,31.8,670.49,Technical Esses,Sector 2,57.6,28.1,0.0,6500.0,54.1,392.22,60.27
S06,Weak cell under load,2,32.3,678.56,Technical Esses,Sector 2,58.46,0.0,17.1,6571.0,42.7,397.29,60.03
S06,Weak cell under load,2,32.8,686.62,Technical Esses,Sector 2,58.14,28.4,0.0,6544.0,27.1,391.67,59.86
S06,Weak cell under load,2,33.3,694.67,Technical Esses,Sector 2,57.88,37.0,0.0,6523.0,12.2,389.71,59.64
S06,Weak cell under load,2,33.8,702.82,Long Straight,Sector 3,60.38,100.0,0.0,6727.0,-0.8,378.4,59.71
S06,Weak cell under load,2,34.3,711.89,Long Straight,Sector 3,68.39,97.7,0.0,7381.0,0.2,376.24,60.24
S06,Weak cell under load,2,34.8,721.98,Long Straight,Sector 3,75.45,96.6,0.0,7957.0,-1.0,375.85,60.85
S06,Weak cell under load,2,35.3,732.99,Long Straight,Sector 3,81.63,100.0,0.0,8461.0,1.0,374.03,61.52
S06,Weak cell under load,2,35.8,744.79,Long Straight,Sector 3,87.11,100.0,0.0,8908.0,-2.6,373.57,62.25
S06,Weak cell under load,2,36.3,757.29,Long Straight,Sector 3,91.89,97.2,0.0,9299.0,0.4,374.03,63.03
S06,Weak cell under load,2,36.8,770.4,Long Straight,Sector 3,95.95,98.0,0.0,9630.0,0.7,372.49,63.84
S06,Weak cell under load,2,37.3,784.02,Long Straight,Sector 3,99.45,100.0,0.0,9915.0,-0.2,371.86,64.67
S06,Weak cell under load,2,37.8,798.09,Long Straight,Sector 3,102.48,100.0,0.0,10163.0,-4.3,371.29,65.53
S06,Weak cell under load,2,38.3,812.55,Long Straight,Sector 3,105.12,100.0,0.0,10378.0,1.5,370.56,66.43
S06,Weak cell under load,2,38.8,827.34,Long Straight,Sector 3,107.35,98.3,0.0,10560.0,-1.5,370.73,67.33
S06,Weak cell under load,2,39.3,842.42,Long Straight,Sector 3,109.24,99.5,0.0,10714.0,0.6,370.78,68.24
S06,Weak cell under load,2,39.8,857.72,Long Straight,Sector 3,110.85,100.0,0.0,10846.0,1.7,370.19,69.16
S06,Weak cell under load,2,40.3,873.09,Long Straight,Sector 3,106.99,0.0,100.0,10530.0,-0.4,397.58,69.52
S06,Weak cell under load,2,40.8,885.86,Long Straight,Sector 3,81.91,2.2,100.0,8484.0,-0.2,396.53,69.03
S06,Weak cell under load,2,41.3,895.16,Long Straight,Sector 3,56.96,0.4,81.5,6448.0,-1.3,397.88,68.54
S06,Weak cell under load,2,41.8,901.8,Long Straight,Sector 3,44.01,0.0,17.5,5391.0,2.1,397.29,68.05
S06,Weak cell under load,2,42.3,907.57,Long Straight,Sector 3,39.94,100.0,0.0,5059.0,-3.1,380.77,67.69
S06,Weak cell under load,2,42.8,913.28,Long Straight,Sector 3,41.83,0.0,13.0,5213.0,0.9,396.99,67.34
S06,Weak cell under load,2,43.3,918.99,Long Straight,Sector 3,40.81,0.0,17.6,5130.0,3.3,397.59,66.99
S06,Weak cell under load,2,43.8,924.58,Hairpin,Sector 3,40.77,0.0,15.0,5127.0,-21.9,396.49,66.64
S06,Weak cell under load,2,44.3,930.15,Hairpin,Sector 3,39.7,29.8,0.0,5039.0,-41.3,392.02,66.29
S06,Weak cell under load,2,44.8,935.75,Hairpin,Sector 3,39.84,30.3,0.0,5051.0,-62.9,392.31,65.95
S06,Weak cell under load,2,45.3,941.29,Hairpin,Sector 3,39.8,32.9,0.0,5048.0,-84.9,391.61,65.61
S06,Weak cell under load,2,45.8,946.87,Hairpin,Sector 3,40.09,28.6,0.0,5071.0,-95.1,392.66,65.27
S06,Weak cell under load,2,46.3,952.42,Hairpin,Sector 3,39.77,26.9,0.0,5045.0,-108.9,392.37,64.93
S06,Weak cell under load,2,46.8,957.99,Hairpin,Sector 3,39.44,31.2,0.0,5019.0,-114.6,392.26,64.58
S06,Weak cell under load,2,47.3,963.55,Hairpin,Sector 3,39.47,29.8,0.0,5021.0,-117.2,392.16,64.25
S06,Weak cell under load,2,47.8,969.13,Hairpin,Sector 3,39.73,27.2,0.0,5042.0,-120.3,392.53,63.92
S06,Weak cell under load,2,48.3,974.71,Hairpin,Sector 3,39.73,31.0,0.0,5042.0,-114.8,391.59,63.61
S06,Weak cell under load,2,48.8,980.28,Hairpin,Sector 3,39.88,27.4,0.0,5054.0,-103.9,393.08,63.28
S06,Weak cell under load,2,49.3,985.83,Hairpin,Sector 3,39.58,28.6,0.0,5030.0,-92.1,392.88,62.98
S06,Weak cell under load,2,49.8,991.39,Hairpin,Sector 3,39.58,30.6,0.0,5030.0,-71.8,391.89,62.66
S06,Weak cell under load,2,50.3,996.96,Hairpin,Sector 3,39.62,31.3,0.0,5033.0,-50.7,392.31,62.34
S06,Weak cell under load,2,50.8,1002.55,Hairpin,Sector 3,39.75,31.8,0.0,5043.0,-25.9,391.83,62.04
S06,Weak cell under load,2,51.3,1008.13,Hairpin,Sector 3,39.91,30.6,0.0,5057.0,-6.1,391.64,61.73
S06,Weak cell under load,2,51.8,1013.94,Final Corner,Sector 3,44.56,77.6,0.0,5436.0,9.5,382.88,61.75
S06,Weak cell under load,2,52.3,1020.77,Final Corner,Sector 3,52.21,78.1,0.0,6060.0,17.5,383.48,61.94
S06,Weak cell under load,2,52.8,1028.61,Final Corner,Sector 3,59.13,80.0,0.0,6625.0,33.8,380.75,62.19
S06,Weak cell under load,2,53.3,1037.35,Final Corner,Sector 3,65.4,80.1,0.0,7137.0,44.8,379.29,62.48
S06,Weak cell under load,2,53.8,1046.93,Final Corner,Sector 3,71.29,78.9,0.0,7617.0,54.5,379.69,62.84
S06,Weak cell under load,2,54.3,1057.16,Final Corner,Sector 3,74.55,35.1,0.0,7884.0,54.9,389.71,62.85
S06,Weak cell under load,2,54.8,1067.66,Final Corner,Sector 3,76.32,0.0,13.9,8028.0,53.5,397.42,62.71
S06,Weak cell under load,2,55.3,1078.21,Final Corner,Sector 3,75.92,36.9,0.0,7995.0,40.0,388.34,62.6
S06,Weak cell under load,2,55.8,1088.77,Final Corner,Sector 3,76.59,0.6,16.2,8050.0,23.1,398.09,62.41
S06,Weak cell under load,2,56.3,1099.35,Final Corner,Sector 3,76.36,0.0,14.2,8031.0,2.1,398.3,62.24
S06,Weak cell under load,3,0.4,8.76,Main Straight,Sector 1,80.67,99.4,0.0,8383.0,1.3,374.15,62.88
S06,Weak cell under load,3,0.9,20.43,Main Straight,Sector 1,86.21,100.0,0.0,8834.0,1.3,372.16,63.58
S06,Weak cell under load,3,1.4,32.82,Main Straight,Sector 1,91.09,99.5,0.0,9233.0,1.7,372.69,64.34
S06,Weak cell under load,3,1.9,45.83,Main Straight,Sector 1,95.25,95.4,0.0,9572.0,3.2,372.23,65.1
S06,Weak cell under load,3,2.4,59.36,Main Straight,Sector 1,98.81,96.6,0.0,9863.0,0.4,371.62,65.91
S06,Weak cell under load,3,2.9,73.35,Main Straight,Sector 1,101.92,94.0,0.0,10117.0,0.9,371.99,66.74
S06,Weak cell under load,3,3.4,87.73,Main Straight,Sector 1,104.59,100.0,0.0,10334.0,1.7,369.42,67.61
S06,Weak cell under load,3,3.9,102.45,Main Straight,Sector 1,106.9,99.1,0.0,10523.0,1.1,370.23,68.5
S06,Weak cell under load,3,4.4,117.46,Main Straight,Sector 1,108.88,98.8,0.0,10684.0,0.4,370.18,69.4
S06,Weak cell under load,3,4.9,132.73,Main Straight,Sector 1,110.55,98.9,0.0,10821.0,1.2,370.51,70.3
S06,Weak cell under load,3,5.4,148.2,Main Straight,Sector 1,111.99,100.0,0.0,10938.0,2.2,368.75,71.23
S06,Weak cell under load,3,5.9,163.84,Main Straight,Sector 1,112.76,42.7,0.0,11001.0,-0.4,384.27,71.66
S06,Weak cell under load,3,6.4,178.74,Main Straight,Sector 1,99.44,0.0,66.0,9914.0,3.2,397.09,71.25
S06,Weak cell under load,3,6.9,191.41,Main Straight,Sector 1,86.74,1.2,33.5,8878.0,-1.2,396.76,70.74
S06,Weak cell under load,3,7.4,202.85,Main Straight,Sector 1,79.82,1.2,18.3,8313.0,1.0,396.16,70.22
S06,Weak cell under load,3,7.9,213.59,Main Straight,Sector 1,75.9,0.0,15.1,7994.0,-0.8,396.13,69.72
S06,Weak cell under load,3,8.4,224.0,Turn 1 Braking Zone,Sector 1,74.4,36.4,0.0,7871.0,0.7,388.61,69.5
S06,Weak cell under load,3,8.9,234.2,Turn 1 Braking Zone,Sector 1,71.85,0.0,17.5,7663.0,0.8,396.84,69.08
S06,Weak cell under load,3,9.4,243.85,Turn 1 Braking Zone,Sector 1,68.07,0.2,15.5,7355.0,0.9,396.42,68.6
S06,Weak cell under load,3,9.9,253.07,Turn 1 Braking Zone,Sector 1,66.05,77.6,0.0,7190.0,-1.0,380.48,68.4
S06,Weak cell under load,3,10.4,262.31,Turn 1 Braking Zone,Sector 1,66.15,2.7,12.1,7198.0,-0.5,395.12,68.07
S06,Weak cell under load,3,10.9,271.52,Turn 1 Braking Zone,Sector 1,66.28,3.8,15.7,7209.0,-1.8,395.61,67.87
S06,Weak cell under load,3,11.4,280.73,Turn 1 Medium Left,Sector 1,66.37,0.0,14.9,7216.0,-1.9,395.93,67.67
S06,Weak cell under load,3,11.9,289.89,Turn 1 Medium Left,Sector 1,65.99,38.1,0.0,7185.0,-17.2,388.11,67.44
S06,Weak cell under load,3,12.4,299.06,Turn 1 Medium Left,Sector 1,66.02,35.1,0.0,7188.0,-38.4,389.49,67.18
S06,Weak cell under load,3,12.9,308.23,Turn 1 Medium Left,Sector 1,65.98,33.4,0.0,7184.0,-52.2,389.68,66.89
S06,Weak cell under load,3,13.4,317.38,Turn 1 Medium Left,Sector 1,65.82,33.6,0.0,7171.0,-61.6,389.53,66.6
S06,Weak cell under load,3,13.9,326.53,Turn 1 Medium Left,Sector 1,65.53,38.1,0.0,7147.0,-72.8,387.73,66.33
S06,Weak cell under load,3,14.4,335.71,Turn 1 Medium Left,Sector 1,66.46,0.0,13.1,7223.0,-71.0,397.67,66.04
S06,Weak cell under load,3,14.9,344.86,Turn 1 Medium Left,Sector 1,66.21,2.7,14.2,7203.0,-68.9,397.35,65.77
S06,Weak cell under load,3,15.4,354.01,Turn 1 Medium Left,Sector 1,65.91,37.2,0.0,7178.0,-59.5,389.5,65.57
S06,Weak cell under load,3,15.9,363.18,Turn 1 Medium Left,Sector 1,65.57,37.7,0.0,7150.0,-50.0,388.95,65.31
S06,Weak cell under load,3,16.4,372.34,Turn 1 Medium Left,Sector 1,65.49,35.0,0.0,7144.0,-33.2,389.39,65.05
S06,Weak cell under load,3,16.9,381.5,Turn 1 Medium Left,Sector 1,65.49,34.1,0.0,7144.0,-16.9,389.73,64.79
S06,Weak cell under load,3,17.4,390.66,Back Straight,Sector 2,66.28,99.5,0.0,7209.0,0.2,376.1,64.73
S06,Weak cell under load,3,17.9,400.49,Back Straight,Sector 2,73.57,99.0,0.0,7803.0,2.0,375.16,65.26
S06,Weak cell under load,3,18.4,411.25,Back Straight,Sector 2,79.98,96.3,0.0,8326.0,-0.3,374.68,65.85
S06,Weak cell under load,3,18.9,422.83,Back Straight,Sector 2,85.63,99.8,0.0,8787.0,-0.6,373.12,66.52
S06,Weak cell under load,3,19.4,435.14,Back Straight,Sector 2,90.52,98.5,0.0,9186.0,-0.5,372.63,67.22
S06,Weak cell under load,3,19.9,448.08,Back Straight,Sector 2,94.82,99.9,0.0,9537.0,-1.7,372.68,67.98
S06,Weak cell under load,3,20.4,461.48,Back Straight,Sector 2,97.01,36.8,0.0,9716.0,1.0,388.0,68.16
S06,Weak cell under load,3,20.9,475.04,Back Straight,Sector 2,97.99,45.1,0.0,9796.0,-1.3,386.09,68.23
S06,Weak cell under load,3,21.4,488.73,Back Straight,Sector 2,98.89,42.5,0.0,9869.0,1.1,386.21,68.26
S06,Weak cell under load,3,21.9,502.53,Back Straight,Sector 2,99.76,42.9,0.0,9941.0,-1.1,385.05,68.32
S06,Weak cell under load,3,22.4,516.03,Back Straight,Sector 2,90.28,0.0,100.0,9167.0,0.0,396.51,68.05
S06,Weak cell under load,3,22.9,526.82,Back Straight,Sector 2,71.08,0.5,45.1,7600.0,-2.2,396.86,67.55
S06,Weak cell under load,3,23.4,535.95,Back Straight,Sector 2,63.24,3.5,22.0,6960.0,0.2,396.84,67.08
S06,Weak cell under load,3,23.9,544.35,Back Straight,Sector 2,58.68,3.8,14.1,6588.0,0.4,395.44,66.6
S06,Weak cell under load,3,24.4,552.48,Back Straight,Sector 2,57.63,100.0,0.0,6503.0,0.2,376.72,66.48
S06,Weak cell under load,3,24.9,560.66,Technical Esses,Sector 2,58.86,1.8,18.7,6603.0,-0.5,395.85,66.18
S06,Weak cell under load,3,25.4,568.74,Technical Esses,Sector 2,58.48,0.0,13.8,6572.0,21.4,397.51,65.88
S06,Weak cell under load,3,25.9,576.83,Technical Esses,Sector 2,58.57,0.0,16.4,6579.0,28.9,396.75,65.59
S06,Weak cell under load,3,26.4,584.92,Technical Esses,Sector 2,58.54,1.5,13.5,6577.0,52.7,396.36,65.3
S06,Weak cell under load,3,26.9,592.96,Technical Esses,Sector 2,58.33,0.0,13.9,6560.0,58.6,397.13,65.01
S06,Weak cell under load,3,27.4,601.02,Technical Esses,Sector 2,58.28,1.0,14.6,6555.0,74.0,397.37,64.73
S06,Weak cell under load,3,27.9,609.07,Technical Esses,Sector 2,58.13,31.2,0.0,6543.0,79.5,390.14,64.49
S06,Weak cell under load,3,28.4,617.14,Technical Esses,Sector 2,57.84,28.0,0.0,6520.0,88.1,391.27,64.2
S06,Weak cell under load,3,28.9,625.23,Technical Esses,Sector 2,57.79,37.1,0.0,6515.0,87.2,389.25,63.93
S06,Weak cell under load,3,29.4,633.31,Technical Esses,Sector 2,57.88,30.5,0.0,6523.0,90.9,391.17,63.66
S06,Weak cell under load,3,29.9,641.35,Technical Esses,Sector 2,57.55,40.6,0.0,6496.0,89.5,388.16,63.4
S06,Weak cell under load,3,30.4,649.43,Technical Esses,Sector 2,57.71,38.0,0.0,6509.0,81.3,390.18,63.16
S06,Weak cell under load,3,30.9,657.48,Technical Esses,Sector 2,57.69,29.2,0.0,6508.0,74.9,390.83,62.89
S06,Weak cell under load,3,31.4,665.55,Technical Esses,Sector 2,58.48,0.0,16.1,6572.0,61.2,397.47,62.61
S06,Weak cell under load,3,31.9,673.61,Technical Esses,Sector 2,58.24,33.2,0.0,6552.0,47.6,390.1,62.42
S06,Weak cell under load,3,32.4,681.7,Technical Esses,Sector 2,57.92,31.4,0.0,6526.0,33.9,390.33,62.15
S06,Weak cell under load,3,32.9,689.77,Technical Esses,Sector 2,58.07,33.4,0.0,6538.0,22.9,390.01,61.9
S06,Weak cell under load,3,33.4,697.84,Technical Esses,Sector 2,57.54,27.6,0.0,6496.0,5.2,391.09,61.64
S06,Weak cell under load,3,33.9,706.22,Long Straight,Sector 3,63.47,97.0,0.0,6979.0,1.3,377.18,61.99
S06,Weak cell under load,3,34.4,715.68,Long Straight,Sector 3,71.02,100.0,0.0,7595.0,2.8,375.14,62.53
S06,Weak cell under load,3,34.9,726.11,Long Straight,Sector 3,77.78,98.9,0.0,8147.0,-0.2,374.39,63.14
S06,Weak cell under load,3,35.4,737.41,Long Straight,Sector 3,83.66,99.5,0.0,8626.0,-1.0,373.95,63.8
S06,Weak cell under load,3,35.9,749.48,Long Straight,Sector 3,88.89,100.0,0.0,9053.0,2.7,371.65,64.53
S06,Weak cell under load,3,36.4,762.21,Long Straight,Sector 3,93.38,100.0,0.0,9420.0,-0.1,372.11,65.3
S06,Weak cell under load,3,36.9,775.51,Long Straight,Sector 3,97.25,100.0,0.0,9736.0,0.8,372.21,66.09
S06,Weak cell under load,3,37.4,789.3,Long Straight,Sector 3,100.58,100.0,0.0,10007.0,0.9,370.77,66.92
S06,Weak cell under load,3,37.9,803.51,Long Straight,Sector 3,103.49,98.1,0.0,10244.0,-0.5,370.3,67.77
S06,Weak cell under load,3,38.4,818.1,Long Straight,Sector 3,105.97,98.6,0.0,10447.0,-0.2,370.7,68.65
S06,Weak cell under load,3,38.9,832.99,Long Straight,Sector 3,108.05,97.3,0.0,10617.0,-0.7,370.84,69.52
S06,Weak cell under load,3,39.4,848.15,Long Straight,Sector 3,109.83,99.4,0.0,10762.0,0.4,370.18,70.41
S06,Weak cell under load,3,39.9,863.53,Long Straight,Sector 3,111.36,99.2,0.0,10887.0,-3.4,370.21,71.32
S06,Weak cell under load,3,40.4,878.67,Long Straight,Sector 3,102.1,1.7,100.0,10131.0,0.0,396.64,71.38
S06,Weak cell under load,3,40.9,890.76,Long Straight,Sector 3,77.05,2.4,100.0,8088.0,-1.0,395.29,70.86
S06,Weak cell under load,3,41.4,899.41,Long Straight,Sector 3,52.99,2.4,65.4,6124.0,0.9,396.26,70.35
S06,Weak cell under load,3,41.9,905.8,Long Straight,Sector 3,43.23,2.8,15.5,5327.0,0.0,396.51,69.84
S06,Weak cell under load,3,42.4,911.48,Long Straight,Sector 3,39.32,100.0,0.0,5009.0,2.6,380.17,69.47
S06,Weak cell under load,3,42.9,917.17,Long Straight,Sector 3,41.17,2.7,16.2,5159.0,-0.2,396.44,69.11
S06,Weak cell under load,3,43.4,922.78,Hairpin,Sector 3,39.86,25.8,0.0,5052.0,-13.9,391.84,68.79
S06,Weak cell under load,3,43.9,928.31,Hairpin,Sector 3,39.81,31.1,0.0,5048.0,-32.6,391.94,68.41
S06,Weak cell under load,3,44.4,933.86,Hairpin,Sector 3,39.7,28.7,0.0,5039.0,-55.7,391.68,68.03
S06,Weak cell under load,3,44.9,939.37,Hairpin,Sector 3,39.71,25.9,0.0,5040.0,-74.8,391.88,67.66
S06,Weak cell under load,3,45.4,944.9,Hairpin,Sector 3,39.53,25.8,0.0,5026.0,-90.9,392.65,67.28
S06,Weak cell under load,3,45.9,950.43,Hairpin,Sector 3,39.55,27.5,0.0,5027.0,-108.6,392.59,66.93
S06,Weak cell under load,3,46.4,955.93,Hairpin,Sector 3,39.24,30.0,0.0,5002.0,-118.1,392.24,66.57
S06,Weak cell under load,3,46.9,961.48,Hairpin,Sector 3,40.42,0.0,12.9,5098.0,-123.0,397.51,66.22
S06,Weak cell under load,3,47.4,967.0,Hairpin,Sector 3,39.33,31.1,0.0,5009.0,-116.0,391.29,65.87
S06,Weak cell under load,3,47.9,972.54,Hairpin,Sector 3,39.22,26.5,0.0,5000.0,-114.2,392.48,65.52
S06,Weak cell under load,3,48.4,978.09,Hairpin,Sector 3,40.44,2.0,14.8,5100.0,-108.7,396.97,65.18
S06,Weak cell under load,3,48.9,983.63,Hairpin,Sector 3,39.63,29.7,0.0,5034.0,-99.2,391.9,64.85
S06,Weak cell under load,3,49.4,989.17,Hairpin,Sector 3,39.56,32.3,0.0,5028.0,-78.4,391.59,64.52
S06,Weak cell under load,3,49.9,994.7,Hairpin,Sector 3,39.51,31.5,0.0,5024.0,-61.7,391.35,64.18
S06,Weak cell under load,3,50.4,1000.21,Hairpin,Sector 3,39.34,33.9,0.0,5010.0,-41.5,390.52,63.85
S06,Weak cell under load,3,50.9,1005.73,Hairpin,Sector 3,39.49,33.5,0.0,5023.0,-21.9,390.61,63.53
S06,Weak cell under load,3,51.4,1011.32,Final Corner,Sector 3,41.83,74.6,0.0,5213.0,3.6,383.37,63.38
S06,Weak cell under load,3,51.9,1017.76,Final Corner,Sector 3,49.41,75.8,0.0,5832.0,16.8,382.74,63.51
S06,Weak cell under load,3,52.4,1025.23,Final Corner,Sector 3,56.66,76.2,0.0,6424.0,25.5,382.58,63.72
S06,Weak cell under load,3,52.9,1033.64,Final Corner,Sector 3,63.13,80.0,0.0,6951.0,38.1,379.75,63.98
S06,Weak cell under load,3,53.4,1042.93,Final Corner,Sector 3,69.24,81.5,0.0,7450.0,47.7,378.9,64.31
S06,Weak cell under load,3,53.9,1052.99,Final Corner,Sector 3,74.05,41.3,0.0,7842.0,55.6,387.59,64.5
S06,Weak cell under load,3,54.4,1063.42,Final Corner,Sector 3,75.06,40.5,0.0,7925.0,52.4,387.43,64.37
S06,Weak cell under load,3,54.9,1073.93,Final Corner,Sector 3,75.95,0.0,15.2,7998.0,41.7,397.13,64.16
S06,Weak cell under load,3,55.4,1084.41,Final Corner,Sector 3,75.51,37.9,0.0,7962.0,26.9,388.37,64.02
S06,Weak cell under load,3,55.9,1094.9,Final Corner,Sector 3,75.16,36.4,0.0,7933.0,9.5,389.16,63.81
S06,Weak cell under load,4,0.2,4.29,Main Straight,Sector 1,77.78,100.0,0.0,8147.0,1.3,374.06,64.08
S06,Weak cell under load,4,0.7,15.59,Main Straight,Sector 1,83.66,100.0,0.0,8626.0,-1.1,372.37,64.73
S06,Weak cell under load,4,1.2,27.65,Main Straight,Sector 1,88.77,98.0,0.0,9044.0,-2.0,372.76,65.42
S06,Weak cell under load,4,1.7,40.36,Main Straight,Sector 1,93.23,100.0,0.0,9408.0,-2.3,370.74,66.17
S06,Weak cell under load,4,2.2,53.64,Main Straight,Sector 1,97.16,97.2,0.0,9728.0,1.6,373.05,66.96
S06,Weak cell under load,4,2.7,67.42,Main Straight,Sector 1,100.5,100.0,0.0,10001.0,-1.2,370.31,67.78
S06,Weak cell under load,4,3.2,81.63,Main Straight,Sector 1,103.43,98.7,0.0,10240.0,1.1,370.46,68.63
S06,Weak cell under load,4,3.7,96.2,Main Straight,Sector 1,105.91,95.8,0.0,10442.0,-1.4,370.51,69.49
S06,Weak cell under load,4,4.2,111.09,Main Straight,Sector 1,108.02,99.3,0.0,10614.0,1.3,369.57,70.37
S06,Weak cell under load,4,4.7,126.25,Main Straight,Sector 1,109.82,100.0,0.0,10761.0,0.6,368.91,71.26
S06,Weak cell under load,4,5.2,141.63,Main Straight,Sector 1,111.37,100.0,0.0,10888.0,2.4,368.96,72.16
S06,Weak cell under load,4,5.7,157.21,Main Straight,Sector 1,112.65,99.3,0.0,10992.0,-3.0,369.42,73.05
S06,Weak cell under load,4,6.2,172.89,Main Straight,Sector 1,112.91,0.9,95.1,11013.0,-0.2,395.96,73.01
S06,Weak cell under load,4,6.7,186.78,Main Straight,Sector 1,92.91,0.0,55.5,9381.0,1.3,396.56,72.47
S06,Weak cell under load,4,7.2,198.7,Main Straight,Sector 1,82.18,3.9,20.7,8506.0,-1.5,395.44,71.94
S06,Weak cell under load,4,7.7,209.65,Main Straight,Sector 1,76.79,1.3,16.3,8066.0,-3.8,395.72,71.41
S06,Weak cell under load,4,8.2,219.99,Main Straight,Sector 1,73.03,99.5,0.0,7759.0,-1.4,373.87,71.1
S06,Weak cell under load,4,8.7,230.2,Turn 1 Braking Zone,Sector 1,73.6,0.5,28.9,7806.0,-0.5,396.62,70.73
S06,Weak cell under load,4,9.2,239.92,Turn 1 Braking Zone,Sector 1,68.04,0.0,16.0,7352.0,-6.2,396.46,70.21
S06,Weak cell under load,4,9.7,249.09,Turn 1 Braking Zone,Sector 1,66.06,0.0,15.0,7190.0,-2.2,396.49,69.84
S06,Weak cell under load,4,10.2,258.15,Turn 1 Braking Zone,Sector 1,66.11,0.0,12.8,7194.0,4.8,396.49,69.62
S06,Weak cell under load,4,10.7,267.2,Turn 1 Braking Zone,Sector 1,64.25,79.9,0.0,7043.0,0.4,379.92,69.42
S06,Weak cell under load,4,11.2,276.29,Turn 1 Braking Zone,Sector 1,66.12,0.0,15.2,7195.0,0.9,394.51,69.2
S06,Weak cell under load,4,11.7,285.33,Turn 1 Medium Left,Sector 1,64.48,33.3,0.0,7062.0,-10.5,389.31,68.91
S06,Weak cell under load,4,12.2,294.37,Turn 1 Medium Left,Sector 1,65.48,0.0,14.4,7143.0,-25.4,396.08,68.6
S06,Weak cell under load,4,12.7,303.39,Turn 1 Medium Left,Sector 1,65.32,6.0,16.6,7130.0,-41.7,394.94,68.32
S06,Weak cell under load,4,13.2,312.4,Turn 1 Medium Left,Sector 1,65.15,0.5,16.4,7116.0,-55.3,396.36,68.04
S06,Weak cell under load,4,13.7,321.4,Turn 1 Medium Left,Sector 1,64.83,37.6,0.0,7090.0,-68.6,388.68,67.82
S06,Weak cell under load,4,14.2,330.41,Turn 1 Medium Left,Sector 1,64.46,33.3,0.0,7060.0,-70.6,388.78,67.51
S06,Weak cell under load,4,14.7,339.43,Turn 1 Medium Left,Sector 1,64.47,35.3,0.0,7060.0,-73.0,387.93,67.23
S06,Weak cell under load,4,15.2,348.44,Turn 1 Medium Left,Sector 1,64.43,38.7,0.0,7057.0,-66.0,388.5,66.95
S06,Weak cell under load,4,15.7,357.45,Turn 1 Medium Left,Sector 1,64.44,31.9,0.0,7059.0,-61.2,390.72,66.67
S06,Weak cell under load,4,16.2,366.48,Turn 1 Medium Left,Sector 1,65.37,0.3,19.3,7134.0,-46.1,396.07,66.39
S06,Weak cell under load,4,16.7,375.48,Turn 1 Medium Left,Sector 1,65.05,36.2,0.0,7108.0,-28.1,388.49,66.19
S06,Weak cell under load,4,17.2,384.52,Turn 1 Medium Left,Sector 1,65.16,0.0,14.9,7117.0,-12.5,396.33,65.86
S06,Weak cell under load,4,17.7,393.52,Back Straight,Sector 2,65.7,98.3,0.0,7161.0,0.1,376.39,65.88
S06,Weak cell under load,4,18.2,403.26,Back Straight,Sector 2,72.98,100.0,0.0,7755.0,0.7,373.82,66.39
S06,Weak cell under load,4,18.7,413.95,Back Straight,Sector 2,79.54,100.0,0.0,8290.0,0.0,373.41,66.98
S06,Weak cell under load,4,19.2,425.49,Back Straight,Sector 2,85.31,100.0,0.0,8761.0,1.0,372.62,67.64
S06,Weak cell under load,4,19.7,437.76,Back Straight,Sector 2,90.28,97.7,0.0,9167.0,-0.6,373.47,68.33
S06,Weak cell under load,4,20.2,450.66,Back Straight,Sector 2,94.59,99.7,0.0,9519.0,-1.5,371.83,69.07
S06,Weak cell under load,4,20.7,464.04,Back Straight,Sector 2,96.86,42.3,0.0,9704.0,-1.8,385.35,69.27
S06,Weak cell under load,4,21.2,477.58,Back Straight,Sector 2,97.95,44.6,0.0,9792.0,1.0,384.39,69.34
S06,Weak cell under load,4,21.7,491.26,Back Straight,Sector 2,98.86,36.8,0.0,9867.0,-2.7,386.37,69.35
S06,Weak cell under load,4,22.2,505.07,Back Straight,Sector 2,99.77,42.4,0.0,9942.0,2.2,384.85,69.42
S06,Weak cell under load,4,22.7,518.14,Back Straight,Sector 2,85.22,1.7,92.7,8754.0,-0.2,396.54,69.02
S06,Weak cell under load,4,23.2,528.42,Back Straight,Sector 2,68.62,0.0,40.0,7400.0,-2.5,395.82,68.54
S06,Weak cell under load,4,23.7,537.3,Back Straight,Sector 2,61.63,0.0,14.2,6829.0,-1.3,396.63,68.06
S06,Weak cell under load,4,24.2,545.53,Back Straight,Sector 2,57.73,1.2,12.9,6510.0,1.1,396.18,67.57
S06,Weak cell under load,4,24.7,553.61,Back Straight,Sector 2,59.18,2.4,12.5,6629.0,0.3,394.33,67.42
S06,Weak cell under load,4,25.2,561.68,Technical Esses,Sector 2,58.04,0.0,14.9,6536.0,1.0,396.06,67.11
S06,Weak cell under load,4,25.7,569.68,Technical Esses,Sector 2,58.12,0.0,14.5,6543.0,17.8,397.31,66.8
S06,Weak cell under load,4,26.2,577.67,Technical Esses,Sector 2,57.95,0.0,15.8,6529.0,35.2,396.05,66.49
S06,Weak cell under load,4,26.7,585.67,Technical Esses,Sector 2,57.71,3.2,12.5,6509.0,47.8,395.14,66.2
S06,Weak cell under load,4,27.2,593.66,Technical Esses,Sector 2,57.85,0.0,18.1,6521.0,62.2,396.49,65.9
S06,Weak cell under load,4,27.7,601.63,Technical Esses,Sector 2,57.59,34.8,0.0,6500.0,71.2,388.85,65.67
S06,Weak cell under load,4,28.2,609.63,Technical Esses,Sector 2,57.71,5.0,13.7,6509.0,79.4,395.18,65.35
S06,Weak cell under load,4,28.7,617.62,Technical Esses,Sector 2,57.88,2.7,15.9,6523.0,86.2,394.9,65.07
S06,Weak cell under load,4,29.2,625.62,Technical Esses,Sector 2,57.88,2.0,15.1,6523.0,87.9,395.92,64.79
S06,Weak cell under load,4,29.7,633.61,Technical Esses,Sector 2,57.71,0.0,13.7,6509.0,91.8,396.38,64.5
S06,Weak cell under load,4,30.2,641.59,Technical Esses,Sector 2,57.69,1.3,17.1,6507.0,83.8,396.66,64.22
S06,Weak cell under load,4,30.7,649.57,Technical Esses,Sector 2,57.78,0.0,19.5,6515.0,81.0,396.58,63.95
S06,Weak cell under load,4,31.2,657.52,Technical Esses,Sector 2,57.48,31.2,0.0,6490.0,73.7,390.14,63.73
S06,Weak cell under load,4,31.7,665.48,Technical Esses,Sector 2,57.25,30.7,0.0,6471.0,60.6,389.68,63.47
S06,Weak cell under load,4,32.2,673.43,Technical Esses,Sector 2,56.68,37.4,0.0,6425.0,50.8,389.93,63.19
S06,Weak cell under load,4,32.7,681.42,Technical Esses,Sector 2,58.13,1.6,16.9,6543.0,36.3,395.37,62.94
S06,Weak cell under load,4,33.2,689.41,Technical Esses,Sector 2,57.98,2.1,15.2,6531.0,21.9,396.09,62.69
S06,Weak cell under load,4,33.7,697.38,Technical Esses,Sector 2,57.93,0.3,11.9,6527.0,6.2,396.58,62.44
S06,Weak cell under load,4,34.2,705.69,Long Straight,Sector 3,62.91,97.4,0.0,6933.0,-0.7,376.97,62.77
S06,Weak cell under load,4,34.7,715.07,Long Straight,Sector 3,70.59,100.0,0.0,7560.0,-1.0,374.17,63.3
S06,Weak cell under load,4,35.2,725.45,Long Straight,Sector 3,77.39,100.0,0.0,8115.0,0.5,374.03,63.9
S06,Weak cell under load,4,35.7,736.71,Long Straight,Sector 3,83.38,99.3,0.0,8604.0,-0.7,372.87,64.56
S06,Weak cell under load,4,36.2,748.74,Long Straight,Sector 3,88.62,94.9,0.0,9031.0,-4.7,373.44,65.26
S06,Weak cell under load,4,36.7,761.42,Long Straight,Sector 3,93.13,100.0,0.0,9399.0,1.3,371.87,66.02
S06,Weak cell under load,4,37.2,774.69,Long Straight,Sector 3,97.06,100.0,0.0,9720.0,1.2,369.77,66.82
S06,Weak cell under load,4,37.7,788.46,Long Straight,Sector 3,100.45,96.8,0.0,9997.0,1.7,370.71,67.63
S06,Weak cell under load,4,38.2,802.66,Long Straight,Sector 3,103.33,96.9,0.0,10231.0,-2.0,370.52,68.47
S06,Weak cell under load,4,38.7,817.22,Long Straight,Sector 3,105.79,100.0,0.0,10433.0,3.7,369.54,69.33
S06,Weak cell under load,4,39.2,832.09,Long Straight,Sector 3,107.94,100.0,0.0,10608.0,-2.8,369.43,70.22
S06,Weak cell under load,4,39.7,847.24,Long Straight,Sector 3,109.76,100.0,0.0,10756.0,-0.9,369.6,71.11
S06,Weak cell under load,4,40.2,862.61,Long Straight,Sector 3,111.29,100.0,0.0,10882.0,-1.2,369.05,72.0
S06,Weak cell under load,4,40.7,877.74,Long Straight,Sector 3,102.04,0.6,100.0,10127.0,0.2,397.22,72.05
S06,Weak cell under load,4,41.2,889.84,Long Straight,Sector 3,77.28,0.0,100.0,8106.0,0.1,395.76,71.53
S06,Weak cell under load,4,41.7,898.51,Long Straight,Sector 3,53.12,0.0,64.1,6134.0,-0.6,395.67,71.01
S06,Weak cell under load,4,42.2,904.9,Long Straight,Sector 3,42.9,6.1,13.7,5301.0,1.8,394.73,70.5
S06,Weak cell under load,4,42.7,910.54,Long Straight,Sector 3,39.06,100.0,0.0,4988.0,0.2,378.58,70.12
S06,Weak cell under load,4,43.2,916.21,Long Straight,Sector 3,41.01,0.0,14.8,5146.0,-2.2,396.54,69.73
S06,Weak cell under load,4,43.7,921.83,Hairpin,Sector 3,40.05,0.0,13.5,5068.0,-6.6,395.65,69.35
S06,Weak cell under load,4,44.2,927.3,Hairpin,Sector 3,38.82,32.4,0.0,4967.0,-29.8,391.12,68.98
S06,Weak cell under load,4,44.7,932.8,Hairpin,Sector 3,40.12,3.9,16.8,5074.0,-49.2,395.52,68.6
S06,Weak cell under load,4,45.2,938.3,Hairpin,Sector 3,40.03,0.0,10.4,5066.0,-73.7,395.49,68.22
S06,Weak cell under load,4,45.7,943.81,Hairpin,Sector 3,40.18,2.9,10.2,5079.0,-88.6,396.0,67.84
S06,Weak cell under load,4,46.2,949.33,Hairpin,Sector 3,39.33,28.9,0.0,5009.0,-101.8,390.51,67.46
S06,Weak cell under load,4,46.7,954.82,Hairpin,Sector 3,39.08,30.9,0.0,4989.0,-112.2,391.08,67.1
S06,Weak cell under load,4,47.2,960.35,Hairpin,Sector 3,40.28,0.0,12.8,5087.0,-118.5,396.3,66.74
S06,Weak cell under load,4,47.7,965.86,Hairpin,Sector 3,39.32,27.8,0.0,5008.0,-114.1,390.74,66.39
S06,Weak cell under load,4,48.2,971.39,Hairpin,Sector 3,39.27,31.3,0.0,5005.0,-116.4,391.49,66.04
S06,Weak cell under load,4,48.7,976.88,Hairpin,Sector 3,39.09,26.5,0.0,4990.0,-111.8,391.4,65.68
S06,Weak cell under load,4,49.2,982.4,Hairpin,Sector 3,40.17,0.0,15.3,5078.0,-98.2,396.09,65.34
S06,Weak cell under load,4,49.7,987.92,Hairpin,Sector 3,39.83,1.7,14.8,5050.0,-84.3,396.55,64.97
S06,Weak cell under load,4,50.2,993.41,Hairpin,Sector 3,39.79,0.7,16.9,5047.0,-64.2,396.36,64.63
S06,Weak cell under load,4,50.7,998.88,Hairpin,Sector 3,39.48,31.1,0.0,5022.0,-47.6,390.34,64.32
S06,Weak cell under load,4,51.2,1004.39,Hairpin,Sector 3,39.35,35.6,0.0,5011.0,-25.8,391.11,64.0
S06,Weak cell under load,4,51.7,1009.88,Hairpin,Sector 3,39.44,27.0,0.0,5018.0,-0.4,390.57,63.67
S06,Weak cell under load,4,52.2,1015.87,Final Corner,Sector 3,46.43,79.5,0.0,5588.0,13.3,381.59,63.8
S06,Weak cell under load,4,52.7,1022.94,Final Corner,Sector 3,53.79,80.3,0.0,6189.0,26.0,380.11,63.98
S06,Weak cell under load,4,53.2,1030.98,Final Corner,Sector 3,60.56,79.1,0.0,6742.0,34.3,380.51,64.21
S06,Weak cell under load,4,53.7,1039.93,Final Corner,Sector 3,66.91,81.8,0.0,7260.0,50.6,378.25,64.52
S06,Weak cell under load,4,54.2,1049.72,Final Corner,Sector 3,72.81,38.5,0.0,7742.0,51.1,388.26,64.79
S06,Weak cell under load,4,54.7,1060.01,Final Corner,Sector 3,74.84,41.9,0.0,7907.0,54.4,386.9,64.73
S06,Weak cell under load,4,55.2,1070.48,Final Corner,Sector 3,75.68,2.4,11.6,7976.0,44.4,395.45,64.52
S06,Weak cell under load,4,55.7,1080.9,Final Corner,Sector 3,75.28,38.3,0.0,7943.0,35.0,387.87,64.36
S06,Weak cell under load,4,56.2,1091.36,Final Corner,Sector 3,74.97,37.7,0.0,7917.0,16.3,387.71,64.14
S06,Weak cell under load,5,0.0,0.0,Main Straight,Sector 1,75.56,100.0,0.0,7966.0,-0.2,374.08,64.12
S06,Weak cell under load,5,0.5,11.02,Main Straight,Sector 1,81.73,98.7,0.0,8469.0,-3.3,372.63,64.75
S06,Weak cell under load,5,1.0,22.83,Main Straight,Sector 1,87.14,100.0,0.0,8911.0,1.2,372.18,65.44
S06,Weak cell under load,5,1.5,35.34,Main Straight,Sector 1,91.86,100.0,0.0,9296.0,4.0,371.03,66.18
S06,Weak cell under load,5,2.0,48.45,Main Straight,Sector 1,95.98,100.0,0.0,9632.0,2.1,370.51,66.96
S06,Weak cell under load,5,2.5,62.07,Main Straight,Sector 1,99.43,97.9,0.0,9914.0,1.2,370.83,67.74
S06,Weak cell under load,5,3.0,76.14,Main Straight,Sector 1,102.46,96.5,0.0,10161.0,1.5,371.04,68.56
S06,Weak cell under load,5,3.5,90.59,Main Straight,Sector 1,105.08,98.5,0.0,10375.0,0.5,369.77,69.42
S06,Weak cell under load,5,4.0,105.38,Main Straight,Sector 1,107.33,100.0,0.0,10558.0,1.0,367.77,70.3
S06,Weak cell under load,5,4.5,120.44,Main Straight,Sector 1,109.21,98.4,0.0,10712.0,-0.4,368.48,71.17
S06,Weak cell under load,5,5.0,135.75,Main Straight,Sector 1,110.85,98.8,0.0,10845.0,1.2,368.44,72.07
S06,Weak cell under load,5,5.5,151.27,Main Straight,Sector 1,112.25,99.4,0.0,10959.0,0.8,366.85,72.97
S06,Weak cell under load,5,6.0,166.92,Main Straight,Sector 1,112.73,44.2,0.0,10999.0,-0.3,383.07,73.21
S06,Weak cell under load,5,6.5,181.34,Main Straight,Sector 1,95.88,0.0,57.8,9624.0,-0.7,395.17,72.68
S06,Weak cell under load,5,7.0,193.61,Main Straight,Sector 1,84.4,0.0,27.0,8687.0,-2.3,395.94,72.15
S06,Weak cell under load,5,7.5,204.82,Main Straight,Sector 1,78.62,0.0,14.1,8215.0,1.3,395.49,71.62
S06,Weak cell under load,5,8.0,215.4,Main Straight,Sector 1,74.45,0.0,15.7,7875.0,1.2,396.08,71.09
S06,Weak cell under load,5,8.5,225.59,Turn 1 Braking Zone,Sector 1,73.47,35.7,0.0,7795.0,0.1,387.9,70.93
S06,Weak cell under load,5,9.0,235.69,Turn 1 Braking Zone,Sector 1,70.94,3.3,19.8,7589.0,-1.4,395.34,70.49
S06,Weak cell under load,5,9.5,245.19,Turn 1 Braking Zone,Sector 1,66.8,0.0,15.0,7251.0,2.8,395.61,69.97
S06,Weak cell under load,5,10.0,254.25,Turn 1 Braking Zone,Sector 1,64.77,78.3,0.0,7085.0,0.4,379.03,69.75
S06,Weak cell under load,5,10.5,263.31,Turn 1 Braking Zone,Sector 1,64.97,76.1,0.0,7101.0,0.8,379.98,69.54
S06,Weak cell under load,5,11.0,272.39,Turn 1 Braking Zone,Sector 1,65.06,74.4,0.0,7109.0,2.6,380.21,69.33
S06,Weak cell under load,5,11.5,281.47,Turn 1 Medium Left,Sector 1,64.89,35.0,0.0,7095.0,-5.3,388.22,69.04
S06,Weak cell under load,5,12.0,290.5,Turn 1 Medium Left,Sector 1,64.77,37.4,0.0,7085.0,-20.7,388.29,68.75
S06,Weak cell under load,5,12.5,299.52,Turn 1 Medium Left,Sector 1,64.58,36.4,0.0,7070.0,-40.9,388.08,68.45
S06,Weak cell under load,5,13.0,308.55,Turn 1 Medium Left,Sector 1,64.48,34.0,0.0,7061.0,-50.9,388.79,68.15
S06,Weak cell under load,5,13.5,317.58,Turn 1 Medium Left,Sector 1,64.44,34.9,0.0,7059.0,-63.8,388.58,67.88
S06,Weak cell under load,5,14.0,326.62,Turn 1 Medium Left,Sector 1,65.43,3.3,15.2,7139.0,-70.0,396.09,67.6
S06,Weak cell under load,5,14.5,335.65,Turn 1 Medium Left,Sector 1,65.14,33.9,0.0,7116.0,-69.6,387.97,67.38
S06,Weak cell under load,5,15.0,344.68,Turn 1 Medium Left,Sector 1,64.84,31.7,0.0,7091.0,-67.9,388.09,67.09
S06,Weak cell under load,5,15.5,353.7,Turn 1 Medium Left,Sector 1,64.74,33.3,0.0,7083.0,-60.3,389.06,66.8
S06,Weak cell under load,5,16.0,362.75,Turn 1 Medium Left,Sector 1,65.45,0.7,15.5,7141.0,-52.1,396.28,66.51
S06,Weak cell under load,5,16.5,371.79,Turn 1 Medium Left,Sector 1,65.25,0.0,14.7,7124.0,-30.9,396.22,66.24
S06,Weak cell under load,5,17.0,380.8,Turn 1 Medium Left,Sector 1,65.04,36.7,0.0,7108.0,-18.9,387.9,66.04
S06,Weak cell under load,5,17.5,389.83,Turn 1 Medium Left,Sector 1,64.85,34.5,0.0,7092.0,-1.7,388.14,65.76
S06,Weak cell under load,5,18.0,399.31,Back Straight,Sector 2,71.21,97.1,0.0,7611.0,2.6,374.96,66.24
S06,Weak cell under load,5,18.5,409.77,Back Straight,Sector 2,77.86,100.0,0.0,8153.0,1.7,372.43,66.81
S06,Weak cell under load,5,19.0,421.08,Back Straight,Sector 2,83.77,100.0,0.0,8635.0,0.7,372.1,67.44
S06,Weak cell under load,5,19.5,433.15,Back Straight,Sector 2,88.92,100.0,0.0,9056.0,1.1,371.97,68.12
S06,Weak cell under load,5,20.0,445.89,Back Straight,Sector 2,93.42,97.8,0.0,9423.0,0.0,370.48,68.84
S06,Weak cell under load,5,20.5,459.18,Back Straight,Sector 2,96.79,40.9,0.0,9698.0,2.5,385.14,69.31
S06,Weak cell under load,5,21.0,472.7,Back Straight,Sector 2,97.78,36.9,0.0,9779.0,-1.3,386.73,69.33
S06,Weak cell under load,5,21.5,486.36,Back Straight,Sector 2,98.7,44.2,0.0,9854.0,-0.9,384.62,69.38
S06,Weak cell under load,5,22.0,500.14,Back Straight,Sector 2,99.64,44.7,0.0,9930.0,0.4,383.7,69.43
S06,Weak cell under load,5,22.5,513.92,Back Straight,Sector 2,95.36,1.8,100.0,9581.0,2.9,395.78,69.28
S06,Weak cell under load,5,23.0,525.2,Back Straight,Sector 2,73.37,0.0,53.1,7787.0,-2.0,394.89,68.78
S06,Weak cell under load,5,23.5,534.45,Back Straight,Sector 2,63.16,0.0,23.7,6954.0,0.6,395.84,68.28
S06,Weak cell under load,5,24.0,542.82,Back Straight,Sector 2,58.5,0.5,16.7,6573.0,2.2,396.41,67.8
S06,Weak cell under load,5,24.5,550.81,Back Straight,Sector 2,57.04,98.5,0.0,6454.0,0.8,375.6,67.65
S06,Weak cell under load,5,25.0,558.85,Back Straight,Sector 2,58.44,4.5,15.5,6569.0,2.3,394.29,67.35
S06,Weak cell under load,5,25.5,566.81,Technical Esses,Sector 2,56.94,35.6,0.0,6446.0,12.9,388.27,67.05
S06,Weak cell under load,5,26.0,574.76,Technical Esses,Sector 2,57.13,33.8,0.0,6462.0,28.9,389.21,66.74
S06,Weak cell under load,5,26.5,582.7,Technical Esses,Sector 2,56.86,25.2,0.0,6439.0,46.5,391.65,66.42
S06,Weak cell under load,5,27.0,590.66,Technical Esses,Sector 2,57.66,0.7,16.1,6505.0,54.6,395.57,66.1
S06,Weak cell under load,5,27.5,598.61,Technical Esses,Sector 2,57.46,1.3,14.2,6489.0,70.2,395.52,65.82
S06,Weak cell under load,5,28.0,606.55,Technical Esses,Sector 2,57.56,0.0,12.5,6497.0,76.8,395.54,65.51
S06,Weak cell under load,5,28.5,614.49,Technical Esses,Sector 2,57.66,3.4,11.0,6505.0,82.9,395.31,65.22
S06,Weak cell under load,5,29.0,622.45,Technical Esses,Sector 2,57.79,0.3,12.7,6516.0,86.5,395.36,64.92
S06,Weak cell under load,5,29.5,630.39,Technical Esses,Sector 2,56.73,31.7,0.0,6429.0,95.3,388.29,64.63
S06,Weak cell under load,5,30.0,638.34,Technical Esses,Sector 2,56.71,28.3,0.0,6428.0,89.6,389.87,64.34
S06,Weak cell under load,5,30.5,646.3,Technical Esses,Sector 2,57.81,0.0,14.3,6517.0,85.8,395.32,64.07
S06,Weak cell under load,5,31.0,654.25,Technical Esses,Sector 2,57.68,1.9,14.1,6507.0,74.6,394.97,63.79
S06,Weak cell under load,5,31.5,662.21,Technical Esses,Sector 2,57.77,0.0,14.0,6514.0,69.8,395.62,63.52
S06,Weak cell under load,5,32.0,670.16,Technical Esses,Sector 2,57.64,1.2,16.2,6503.0,55.0,396.04,63.24
S06,Weak cell under load,5,32.5,678.08,Technical Esses,Sector 2,57.56,5.3,18.9,6497.0,43.2,394.76,62.99
S06,Weak cell under load,5,33.0,685.99,Technical Esses,Sector 2,56.98,35.9,0.0,6449.0,29.5,389.01,62.78
S06,Weak cell under load,5,33.5,693.92,Technical Esses,Sector 2,56.73,33.7,0.0,6429.0,12.5,389.07,62.51
S06,Weak cell under load,5,34.0,701.95,Long Straight,Sector 3,59.25,99.2,0.0,6635.0,-0.9,375.83,62.54
S06,Weak cell under load,5,34.5,710.86,Long Straight,Sector 3,67.35,96.2,0.0,7296.0,-2.1,375.26,63.03
S06,Weak cell under load,5,35.0,720.82,Long Straight,Sector 3,74.53,99.5,0.0,7882.0,-2.7,373.59,63.6
S06,Weak cell under load,5,35.5,731.7,Long Straight,Sector 3,80.8,100.0,0.0,8394.0,-2.7,372.2,64.23
S06,Weak cell under load,5,36.0,743.4,Long Straight,Sector 3,86.33,94.7,0.0,8844.0,-0.2,372.12,64.9
S06,Weak cell under load,5,36.5,755.79,Long Straight,Sector 3,91.08,100.0,0.0,9232.0,-1.2,371.53,65.63
S06,Weak cell under load,5,37.0,768.8,Long Straight,Sector 3,95.31,100.0,0.0,9577.0,0.2,370.32,66.41
S06,Weak cell under load,5,37.5,782.34,Long Straight,Sector 3,98.92,100.0,0.0,9872.0,-0.8,369.52,67.21
S06,Weak cell under load,5,38.0,796.35,Long Straight,Sector 3,102.05,100.0,0.0,10127.0,-2.7,369.73,68.05
S06,Weak cell under load,5,38.5,810.75,Long Straight,Sector 3,104.72,98.1,0.0,10345.0,-0.6,369.34,68.9
S06,Weak cell under load,5,39.0,825.49,Long Straight,Sector 3,107.0,95.5,0.0,10531.0,-2.2,371.39,69.76
S06,Weak cell under load,5,39.5,840.51,Long Straight,Sector 3,108.95,100.0,0.0,10691.0,0.4,368.13,70.66
S06,Weak cell under load,5,40.0,855.79,Long Straight,Sector 3,110.62,100.0,0.0,10826.0,1.0,368.96,71.55
S06,Weak cell under load,5,40.5,871.27,Long Straight,Sector 3,112.04,0.7,100.0,10942.0,-2.0,394.83,72.17
S06,Weak cell under load,5,41.0,884.76,Long Straight,Sector 3,87.1,0.0,100.0,8907.0,1.1,396.38,71.64
S06,Weak cell under load,5,41.5,894.77,Long Straight,Sector 3,62.15,0.0,100.0,6872.0,0.9,396.29,71.12
S06,Weak cell under load,5,42.0,901.78,Long Straight,Sector 3,45.41,0.0,27.0,5505.0,-0.4,395.89,70.59
S06,Weak cell under load,5,42.5,907.64,Long Straight,Sector 3,40.57,0.0,11.2,5110.0,0.6,395.43,70.09
S06,Weak cell under load,5,43.0,913.31,Long Straight,Sector 3,39.84,94.3,0.0,5051.0,1.6,380.35,69.84
S06,Weak cell under load,5,43.5,919.0,Long Straight,Sector 3,41.75,0.0,14.2,5207.0,1.1,396.48,69.46
S06,Weak cell under load,5,44.0,924.6,Hairpin,Sector 3,40.55,0.0,14.1,5109.0,-18.1,396.27,69.03
S06,Weak cell under load,5,44.5,930.15,Hairpin,Sector 3,39.67,30.8,0.0,5037.0,-41.5,391.07,68.65
S06,Weak cell under load,5,45.0,935.72,Hairpin,Sector 3,39.8,27.9,0.0,5048.0,-60.3,391.35,68.27
S06,Weak cell under load,5,45.5,941.29,Hairpin,Sector 3,39.88,28.9,0.0,5054.0,-82.1,391.72,67.9
S06,Weak cell under load,5,46.0,946.85,Hairpin,Sector 3,39.98,32.7,0.0,5062.0,-96.1,389.16,67.54
S06,Weak cell under load,5,46.5,952.41,Hairpin,Sector 3,39.62,33.2,0.0,5033.0,-108.2,390.21,67.17
S06,Weak cell under load,5,47.0,957.98,Hairpin,Sector 3,39.47,34.3,0.0,5021.0,-114.6,389.83,66.81
S06,Weak cell under load,5,47.5,963.56,Hairpin,Sector 3,40.62,0.0,17.7,5115.0,-124.3,396.21,66.44
S06,Weak cell under load,5,48.0,969.12,Hairpin,Sector 3,40.53,0.0,13.0,5107.0,-115.9,394.94,66.09
S06,Weak cell under load,5,48.5,974.67,Hairpin,Sector 3,40.41,0.0,16.5,5097.0,-111.4,395.34,65.75
S06,Weak cell under load,5,49.0,980.24,Hairpin,Sector 3,40.35,0.0,19.8,5092.0,-102.6,396.77,65.4
S06,Weak cell under load,5,49.5,985.78,Hairpin,Sector 3,40.23,2.0,14.5,5083.0,-90.4,394.66,65.06
S06,Weak cell under load,5,50.0,991.32,Hairpin,Sector 3,40.01,31.1,0.0,5065.0,-71.4,389.78,64.76
S06,Weak cell under load,5,50.5,996.88,Hairpin,Sector 3,40.13,35.5,0.0,5074.0,-49.1,390.47,64.44
S06,Weak cell under load,5,51.0,1002.46,Hairpin,Sector 3,40.07,32.6,0.0,5070.0,-29.5,390.32,64.11
S06,Weak cell under load,5,51.5,1008.04,Hairpin,Sector 3,39.87,28.8,0.0,5054.0,-6.0,389.75,63.78
S06,Weak cell under load,5,52.0,1013.83,Final Corner,Sector 3,44.4,79.8,0.0,5423.0,8.9,381.22,63.78
S06,Weak cell under load,5,52.5,1020.63,Final Corner,Sector 3,51.98,84.3,0.0,6042.0,19.2,378.87,63.95
S06,Weak cell under load,5,53.0,1028.46,Final Corner,Sector 3,59.23,78.4,0.0,6633.0,38.1,379.84,64.19
S06,Weak cell under load,5,53.5,1037.23,Final Corner,Sector 3,65.64,78.7,0.0,7156.0,41.5,379.68,64.47
S06,Weak cell under load,5,54.0,1046.83,Final Corner,Sector 3,71.48,80.6,0.0,7632.0,51.2,378.04,64.81
S06,Weak cell under load,5,54.5,1057.09,Final Corner,Sector 3,74.75,34.2,0.0,7900.0,53.2,387.36,64.81
S06,Weak cell under load,5,55.0,1067.62,Final Corner,Sector 3,76.51,8.5,13.7,8043.0,44.2,394.75,64.67
S06,Weak cell under load,5,55.5,1078.17,Final Corner,Sector 3,76.26,0.0,13.9,8023.0,34.4,397.23,64.47
S06,Weak cell under load,5,56.0,1088.7,Final Corner,Sector 3,75.9,36.3,0.0,7994.0,20.0,387.78,64.31
S06,Weak cell under load,5,56.5,1099.24,Final Corner,Sector 3,75.39,41.8,0.0,7952.0,5.4,385.88,64.1
S06,Weak cell under load,6,0.4,8.78,Main Straight,Sector 1,80.9,99.2,0.0,8401.0,0.0,371.9,64.74
S06,Weak cell under load,6,0.9,20.49,Main Straight,Sector 1,86.49,100.0,0.0,8857.0,0.3,372.03,65.43
S06,Weak cell under load,6,1.4,32.91,Main Straight,Sector 1,91.26,100.0,0.0,9246.0,-0.6,370.19,66.15
S06,Weak cell under load,6,1.9,45.94,Main Straight,Sector 1,95.48,100.0,0.0,9591.0,-1.5,370.26,66.94
S06,Weak cell under load,6,2.4,59.52,Main Straight,Sector 1,99.12,100.0,0.0,9888.0,-1.3,368.17,67.75
S06,Weak cell under load,6,2.9,73.55,Main Straight,Sector 1,102.22,96.3,0.0,10142.0,-1.4,369.82,68.58
S06,Weak cell under load,6,3.4,87.97,Main Straight,Sector 1,104.84,99.1,0.0,10355.0,1.6,369.31,69.42
S06,Weak cell under load,6,3.9,102.72,Main Straight,Sector 1,107.09,99.1,0.0,10539.0,-2.7,368.38,70.28
S06,Weak cell under load,6,4.4,117.76,Main Straight,Sector 1,109.01,100.0,0.0,10695.0,1.1,368.22,71.15
S06,Weak cell under load,6,4.9,133.04,Main Straight,Sector 1,110.66,100.0,0.0,10830.0,-0.1,368.31,72.04
S06,Weak cell under load,6,5.4,148.53,Main Straight,Sector 1,112.07,97.3,0.0,10945.0,1.8,368.09,72.93
S06,Weak cell under load,6,5.9,164.18,Main Straight,Sector 1,112.82,43.0,0.0,11006.0,1.4,382.55,73.34
S06,Weak cell under load,6,6.4,179.08,Main Straight,Sector 1,99.61,0.0,66.7,9928.0,-0.1,395.69,72.91
S06,Weak cell under load,6,6.9,191.71,Main Straight,Sector 1,86.29,0.0,39.4,8841.0,-2.3,396.2,72.38
S06,Weak cell under load,6,7.4,203.03,Main Straight,Sector 1,79.01,0.0,16.6,8248.0,1.1,395.0,71.85
S06,Weak cell under load,6,7.9,213.69,Main Straight,Sector 1,75.36,0.6,14.0,7949.0,-2.0,394.9,71.33
S06,Weak cell under load,6,8.4,223.95,Turn 1 Braking Zone,Sector 1,73.71,0.0,15.1,7815.0,-0.1,396.03,71.01
S06,Weak cell under load,6,8.9,234.04,Turn 1 Braking Zone,Sector 1,71.07,0.0,18.8,7599.0,-0.6,396.3,70.64
S06,Weak cell under load,6,9.4,243.55,Turn 1 Braking Zone,Sector 1,66.88,3.3,16.1,7257.0,-2.6,394.78,70.13
S06,Weak cell under load,6,9.9,252.61,Turn 1 Braking Zone,Sector 1,64.92,78.5,0.0,7098.0,-1.7,379.88,69.91
S06,Weak cell under load,6,10.4,261.71,Turn 1 Braking Zone,Sector 1,65.28,6.9,11.0,7127.0,-0.9,393.01,69.56
S06,Weak cell under load,6,10.9,270.77,Turn 1 Braking Zone,Sector 1,65.59,1.8,12.9,7152.0,-1.6,394.97,69.35
S06,Weak cell under load,6,11.4,279.84,Turn 1 Braking Zone,Sector 1,65.66,0.0,14.0,7158.0,-0.4,395.59,69.13
S06,Weak cell under load,6,11.9,288.87,Turn 1 Medium Left,Sector 1,65.48,2.5,14.7,7143.0,-18.1,394.69,68.83
S06,Weak cell under load,6,12.4,297.89,Turn 1 Medium Left,Sector 1,65.4,0.0,15.7,7137.0,-33.0,396.23,68.52
S06,Weak cell under load,6,12.9,306.91,Turn 1 Medium Left,Sector 1,65.4,3.5,13.9,7137.0,-51.9,394.49,68.23
S06,Weak cell under load,6,13.4,315.91,Turn 1 Medium Left,Sector 1,65.12,0.3,20.1,7114.0,-60.6,395.05,67.93
S06,Weak cell under load,6,13.9,324.89,Turn 1 Medium Left,Sector 1,64.39,36.2,0.0,7054.0,-65.8,387.48,67.7
S06,Weak cell under load,6,14.4,333.9,Turn 1 Medium Left,Sector 1,65.22,0.0,15.2,7122.0,-70.8,394.56,67.4
S06,Weak cell under load,6,14.9,342.9,Turn 1 Medium Left,Sector 1,64.91,32.9,0.0,7097.0,-71.0,387.34,67.18
S06,Weak cell under load,6,15.4,351.92,Turn 1 Medium Left,Sector 1,64.66,32.5,0.0,7076.0,-66.4,387.89,66.89
S06,Weak cell under load,6,15.9,360.94,Turn 1 Medium Left,Sector 1,64.34,36.3,0.0,7050.0,-55.7,388.11,66.61
S06,Weak cell under load,6,16.4,369.96,Turn 1 Medium Left,Sector 1,65.36,0.0,14.5,7133.0,-38.0,395.77,66.34
S06,Weak cell under load,6,16.9,378.98,Turn 1 Medium Left,Sector 1,64.91,36.1,0.0,7096.0,-22.0,388.01,66.11
S06,Weak cell under load,6,17.4,388.02,Turn 1 Medium Left,Sector 1,64.84,37.3,0.0,7091.0,-2.5,387.57,65.85
S06,Weak cell under load,6,17.9,397.26,Back Straight,Sector 2,69.07,99.3,0.0,7436.0,2.7,374.15,66.13
S06,Weak cell under load,6,18.4,407.43,Back Straight,Sector 2,75.92,100.0,0.0,7995.0,-0.3,372.07,66.67
S06,Weak cell under load,6,18.9,418.5,Back Straight,Sector 2,82.02,92.9,0.0,8493.0,1.8,373.48,67.26
S06,Weak cell under load,6,19.4,430.33,Back Straight,Sector 2,87.3,100.0,0.0,8924.0,-2.0,371.36,67.92
S06,Weak cell under load,6,19.9,442.86,Back Straight,Sector 2,92.06,100.0,0.0,9312.0,-0.8,370.09,68.64
S06,Weak cell under load,6,20.4,455.99,Back Straight,Sector 2,96.13,38.6,0.0,9644.0,-0.1,385.69,69.23
S06,Weak cell under load,6,20.9,469.43,Back Straight,Sector 2,97.16,43.1,0.0,9728.0,1.1,384.62,69.27
S06,Weak cell under load,6,21.4,483.01,Back Straight,Sector 2,98.13,39.8,0.0,9807.0,0.3,385.33,69.3
S06,Weak cell under load,6,21.9,496.71,Back Straight,Sector 2,99.06,37.1,0.0,9883.0,1.7,385.72,69.33
S06,Weak cell under load,6,22.4,510.54,Back Straight,Sector 2,99.95,0.5,100.0,9956.0,0.7,395.07,69.28
S06,Weak cell under load,6,22.9,522.41,Back Straight,Sector 2,76.85,1.8,59.7,8071.0,1.6,394.71,68.79
S06,Weak cell under load,6,23.4,532.05,Back Straight,Sector 2,65.53,0.0,24.9,7147.0,1.1,395.5,68.29
S06,Weak cell under load,6,23.9,540.71,Back Straight,Sector 2,60.76,0.0,22.9,6758.0,1.1,395.97,67.79
S06,Weak cell under load,6,24.4,548.92,Back Straight,Sector 2,58.93,2.7,11.4,6609.0,1.4,394.12,67.49
S06,Weak cell under load,6,24.9,557.09,Back Straight,Sector 2,57.89,99.7,0.0,6524.0,0.2,375.72,67.35
S06,Weak cell under load,6,25.4,565.25,Technical Esses,Sector 2,58.9,0.0,17.8,6606.0,8.4,395.5,66.98
S06,Weak cell under load,6,25.9,573.39,Technical Esses,Sector 2,58.84,0.0,14.7,6602.0,28.6,396.03,66.68
S06,Weak cell under load,6,26.4,581.48,Technical Esses,Sector 2,58.7,0.0,15.5,6590.0,46.7,394.68,66.38
S06,Weak cell under load,6,26.9,589.59,Technical Esses,Sector 2,58.62,1.6,18.2,6583.0,55.2,395.95,66.09
S06,Weak cell under load,6,27.4,597.68,Technical Esses,Sector 2,58.51,30.7,0.0,6575.0,63.7,389.79,65.85
S06,Weak cell under load,6,27.9,605.81,Technical Esses,Sector 2,58.32,35.3,0.0,6559.0,77.0,388.99,65.57
S06,Weak cell under load,6,28.4,613.93,Technical Esses,Sector 2,58.18,29.2,0.0,6547.0,86.9,389.51,65.29
S06,Weak cell under load,6,28.9,622.07,Technical Esses,Sector 2,58.19,34.0,0.0,6548.0,89.6,388.81,65.0
S06,Weak cell under load,6,29.4,630.17,Technical Esses,Sector 2,58.1,28.5,0.0,6541.0,86.6,390.21,64.72
S06,Weak cell under load,6,29.9,638.28,Technical Esses,Sector 2,57.86,29.4,0.0,6522.0,90.8,388.19,64.43
S06,Weak cell under load,6,30.4,646.39,Technical Esses,Sector 2,58.83,0.0,16.9,6601.0,81.8,394.98,64.15
S06,Weak cell under load,6,30.9,654.5,Technical Esses,Sector 2,58.62,0.0,15.7,6583.0,80.1,395.02,63.88
S06,Weak cell under load,6,31.4,662.61,Technical Esses,Sector 2,58.68,0.0,18.7,6588.0,62.3,395.23,63.62
S06,Weak cell under load,6,31.9,670.69,Technical Esses,Sector 2,58.31,31.2,0.0,6558.0,57.5,388.28,63.4
S06,Weak cell under load,6,32.4,678.79,Technical Esses,Sector 2,58.02,34.7,0.0,6535.0,38.7,387.86,63.14
S06,Weak cell under load,6,32.9,686.92,Technical Esses,Sector 2,57.96,29.0,0.0,6530.0,22.7,389.36,62.86
S06,Weak cell under load,6,33.4,695.04,Technical Esses,Sector 2,58.85,5.7,14.4,6602.0,6.0,393.64,62.6
S06,Weak cell under load,6,33.9,703.17,Long Straight,Sector 3,59.96,98.5,0.0,6693.0,1.2,374.62,62.64
S06,Weak cell under load,6,34.4,712.17,Long Straight,Sector 3,67.98,97.5,0.0,7347.0,-2.4,374.24,63.13
S06,Weak cell under load,6,34.9,722.21,Long Straight,Sector 3,75.08,100.0,0.0,7927.0,1.0,373.46,63.71
S06,Weak cell under load,6,35.4,733.18,Long Straight,Sector 3,81.38,100.0,0.0,8441.0,-2.1,372.31,64.35
S06,Weak cell under load,6,35.9,744.95,Long Straight,Sector 3,86.91,98.6,0.0,8892.0,-0.6,371.06,65.05
S06,Weak cell under load,6,36.4,757.42,Long Straight,Sector 3,91.65,100.0,0.0,9279.0,-1.5,370.53,65.79
S06,Weak cell under load,6,36.9,770.5,Long Straight,Sector 3,95.72,100.0,0.0,9610.0,-2.0,369.8,66.55
S06,Weak cell under load,6,37.4,784.1,Long Straight,Sector 3,99.25,94.4,0.0,9899.0,-0.3,370.76,67.34
S06,Weak cell under load,6,37.9,798.14,Long Straight,Sector 3,102.29,100.0,0.0,10147.0,1.1,367.98,68.18
S06,Weak cell under load,6,38.4,812.57,Long Straight,Sector 3,104.93,100.0,0.0,10363.0,-0.8,368.85,69.04
S06,Weak cell under load,6,38.9,827.34,Long Straight,Sector 3,107.15,100.0,0.0,10544.0,2.2,368.77,69.89
S06,Weak cell under load,6,39.4,842.38,Long Straight,Sector 3,109.03,100.0,0.0,10697.0,0.4,368.64,70.75
S06,Weak cell under load,6,39.9,857.66,Long Straight,Sector 3,110.71,99.3,0.0,10834.0,-0.7,368.18,71.66
S06,Weak cell under load,6,40.4,873.02,Long Straight,Sector 3,106.94,0.0,100.0,10526.0,1.0,395.46,71.99
S06,Weak cell under load,6,40.9,885.77,Long Straight,Sector 3,81.81,1.8,100.0,8475.0,-0.1,395.17,71.48
S06,Weak cell under load,6,41.4,895.06,Long Straight,Sector 3,57.07,0.0,84.8,6457.0,-2.7,395.51,70.96
S06,Weak cell under load,6,41.9,901.72,Long Straight,Sector 3,44.1,0.0,21.3,5399.0,-0.7,395.6,70.44
S06,Weak cell under load,6,42.4,907.49,Long Straight,Sector 3,40.11,100.0,0.0,5073.0,-1.3,377.25,70.06
S06,Weak cell under load,6,42.9,913.2,Long Straight,Sector 3,41.77,0.0,14.6,5208.0,0.5,395.42,69.69
S06,Weak cell under load,6,43.4,918.9,Long Straight,Sector 3,40.72,0.5,17.8,5123.0,-1.5,395.82,69.31
S06,Weak cell under load,6,43.9,924.47,Hairpin,Sector 3,40.61,0.0,15.7,5113.0,-15.7,394.77,68.92
S06,Weak cell under load,6,44.4,930.02,Hairpin,Sector 3,39.44,31.9,0.0,5018.0,-37.9,389.6,68.55
S06,Weak cell under load,6,44.9,935.58,Hairpin,Sector 3,39.63,28.3,0.0,5034.0,-63.7,390.52,68.18
S06,Weak cell under load,6,45.4,941.15,Hairpin,Sector 3,39.61,26.1,0.0,5032.0,-79.9,389.56,67.79
S06,Weak cell under load,6,45.9,946.71,Hairpin,Sector 3,39.42,28.3,0.0,5017.0,-96.7,390.38,67.43
S06,Weak cell under load,6,46.4,952.26,Hairpin,Sector 3,40.41,0.0,14.9,5097.0,-111.9,394.59,67.06
S06,Weak cell under load,6,46.9,957.82,Hairpin,Sector 3,40.58,3.9,13.3,5112.0,-115.5,395.32,66.71
S06,Weak cell under load,6,47.4,963.36,Hairpin,Sector 3,39.33,33.2,0.0,5009.0,-122.8,389.78,66.36
S06,Weak cell under load,6,47.9,968.93,Hairpin,Sector 3,40.57,0.4,15.0,5111.0,-118.7,395.62,66.01
S06,Weak cell under load,6,48.4,974.49,Hairpin,Sector 3,40.55,5.1,17.3,5109.0,-111.9,394.46,65.66
S06,Weak cell under load,6,48.9,980.04,Hairpin,Sector 3,40.55,0.6,12.4,5109.0,-100.2,395.18,65.32
S06,Weak cell under load,6,49.4,985.59,Hairpin,Sector 3,39.6,31.7,0.0,5031.0,-92.4,389.2,64.98
S06,Weak cell under load,6,49.9,991.1,Hairpin,Sector 3,39.28,30.6,0.0,5006.0,-72.9,388.65,64.64
S06,Weak cell under load,6,50.4,996.66,Hairpin,Sector 3,40.45,0.0,11.4,5101.0,-49.8,394.04,64.3
S06,Weak cell under load,6,50.9,1002.24,Hairpin,Sector 3,40.65,0.7,18.9,5117.0,-32.9,394.96,63.97
S06,Weak cell under load,6,51.4,1007.79,Hairpin,Sector 3,40.58,2.2,17.8,5111.0,-9.7,395.06,63.66
S06,Weak cell under load,6,51.9,1013.63,Final Corner,Sector 3,45.12,75.4,0.0,5482.0,8.5,382.14,63.7
S06,Weak cell under load,6,52.4,1020.51,Final Corner,Sector 3,52.42,80.2,0.0,6078.0,18.6,380.11,63.86
S06,Weak cell under load,6,52.9,1028.38,Final Corner,Sector 3,59.34,81.8,0.0,6643.0,32.3,380.41,64.09
S06,Weak cell under load,6,53.4,1037.15,Final Corner,Sector 3,65.63,77.3,0.0,7156.0,41.9,378.87,64.36
S06,Weak cell under load,6,53.9,1046.76,Final Corner,Sector 3,71.48,79.6,0.0,7633.0,53.9,377.85,64.7
S06,Weak cell under load,6,54.4,1057.03,Final Corner,Sector 3,74.82,38.6,0.0,7905.0,52.7,386.8,64.71
S06,Weak cell under load,6,54.9,1067.56,Final Corner,Sector 3,75.78,36.3,0.0,7984.0,49.1,386.98,64.58
S06,Weak cell under load,6,55.4,1078.1,Final Corner,Sector 3,75.41,37.4,0.0,7954.0,37.1,387.74,64.35
S06,Weak cell under load,6,55.9,1088.63,Final Corner,Sector 3,76.14,0.0,15.5,8013.0,21.1,395.29,64.15
S06,Weak cell under load,6,56.4,1099.15,Final Corner,Sector 3,75.64,38.0,0.0,7972.0,1.0,387.68,63.99
S06,Weak cell under load,7,0.4,8.8,Main Straight,Sector 1,81.02,96.9,0.0,8411.0,3.2,372.15,64.62
S06,Weak cell under load,7,0.9,20.51,Main Straight,Sector 1,86.49,100.0,0.0,8857.0,0.8,371.09,65.3
S06,Weak cell under load,7,1.4,32.93,Main Straight,Sector 1,91.25,100.0,0.0,9246.0,-2.2,370.44,66.02
S06,Weak cell under load,7,1.9,45.96,Main Straight,Sector 1,95.46,98.4,0.0,9590.0,0.2,369.6,66.8
S06,Weak cell under load,7,2.4,59.53,Main Straight,Sector 1,99.08,96.7,0.0,9885.0,1.4,369.3,67.6
S06,Weak cell under load,7,2.9,73.55,Main Straight,Sector 1,102.19,100.0,0.0,10138.0,0.9,368.53,68.45
S06,Weak cell under load,7,3.4,87.97,Main Straight,Sector 1,104.86,100.0,0.0,10357.0,-1.5,368.07,69.31
S06,Weak cell under load,7,3.9,102.73,Main Straight,Sector 1,107.12,97.7,0.0,10541.0,-0.3,368.18,70.16
S06,Weak cell under load,7,4.4,117.77,Main Straight,Sector 1,109.04,100.0,0.0,10698.0,1.4,368.12,71.05
S06,Weak cell under load,7,4.9,133.06,Main Straight,Sector 1,110.68,100.0,0.0,10831.0,-2.7,367.45,71.93
S06,Weak cell under load,7,5.4,148.55,Main Straight,Sector 1,112.08,100.0,0.0,10945.0,2.0,366.54,72.82
S06,Weak cell under load,7,5.9,164.19,Main Straight,Sector 1,112.81,42.8,0.0,11006.0,1.7,383.0,73.21
S06,Weak cell under load,7,6.4,179.1,Main Straight,Sector 1,99.49,0.0,66.2,9919.0,2.3,394.47,72.8
S06,Weak cell under load,7,6.9,191.71,Main Straight,Sector 1,86.13,3.4,32.6,8828.0,3.1,393.34,72.27
S06,Weak cell under load,7,7.4,203.09,Main Straight,Sector 1,79.56,0.0,20.9,8292.0,1.1,394.99,71.74
S06,Weak cell under load,7,7.9,213.78,Main Straight,Sector 1,75.53,0.0,16.1,7963.0,1.4,395.22,71.22
S06,Weak cell under load,7,8.4,224.11,Turn 1 Braking Zone,Sector 1,73.58,34.7,0.0,7804.0,0.1,388.09,70.97
S06,Weak cell under load,7,8.9,234.21,Turn 1 Braking Zone,Sector 1,70.93,1.1,19.9,7588.0,-0.8,393.94,70.52
S06,Weak cell under load,7,9.4,243.74,Turn 1 Braking Zone,Sector 1,67.15,0.6,15.3,7280.0,0.4,394.89,70.0
S06,Weak cell under load,7,9.9,252.86,Turn 1 Braking Zone,Sector 1,65.33,80.4,0.0,7131.0,-2.9,378.01,69.79
S06,Weak cell under load,7,10.4,262.0,Turn 1 Braking Zone,Sector 1,65.46,0.0,16.1,7141.0,-3.4,395.5,69.43
S06,Weak cell under load,7,10.9,271.08,Turn 1 Braking Zone,Sector 1,65.31,82.6,0.0,7129.0,2.4,378.11,69.37
S06,Weak cell under load,7,11.4,280.2,Turn 1 Medium Left,Sector 1,65.24,36.4,0.0,7123.0,1.1,385.89,69.09
S06,Weak cell under load,7,11.9,289.26,Turn 1 Medium Left,Sector 1,65.12,33.6,0.0,7114.0,-13.9,388.66,68.78
S06,Weak cell under load,7,12.4,298.33,Turn 1 Medium Left,Sector 1,65.09,35.4,0.0,7112.0,-31.1,387.43,68.48
S06,Weak cell under load,7,12.9,307.4,Turn 1 Medium Left,Sector 1,64.99,35.9,0.0,7103.0,-48.6,386.52,68.2
S06,Weak cell under load,7,13.4,316.44,Turn 1 Medium Left,Sector 1,64.82,36.6,0.0,7089.0,-58.2,386.97,67.9
S06,Weak cell under load,7,13.9,325.5,Turn 1 Medium Left,Sector 1,64.76,39.5,0.0,7084.0,-70.7,386.57,67.63
S06,Weak cell under load,7,14.4,334.57,Turn 1 Medium Left,Sector 1,65.02,32.9,0.0,7105.0,-68.5,388.63,67.35
S06,Weak cell under load,7,14.9,343.62,Turn 1 Medium Left,Sector 1,64.93,34.9,0.0,7098.0,-71.9,388.58,67.07
S06,Weak cell under load,7,15.4,352.7,Turn 1 Medium Left,Sector 1,64.91,30.1,0.0,7097.0,-57.9,387.77,66.78
S06,Weak cell under load,7,15.9,361.78,Turn 1 Medium Left,Sector 1,65.75,0.0,13.6,7165.0,-50.1,393.36,66.49
S06,Weak cell under load,7,16.4,370.83,Turn 1 Medium Left,Sector 1,65.5,0.0,17.5,7145.0,-37.7,394.39,66.21
S06,Weak cell under load,7,16.9,379.85,Turn 1 Medium Left,Sector 1,64.97,33.6,0.0,7102.0,-18.3,388.17,65.99
S06,Weak cell under load,7,17.4,388.92,Turn 1 Medium Left,Sector 1,64.71,36.2,0.0,7080.0,-4.6,387.32,65.73
S06,Weak cell under load,7,17.9,398.4,Back Straight,Sector 2,71.25,100.0,0.0,7614.0,-2.1,373.55,66.24
S06,Weak cell under load,7,18.4,408.86,Back Straight,Sector 2,77.85,100.0,0.0,8152.0,3.2,372.38,66.79
S06,Weak cell under load,7,18.9,420.18,Back Straight,Sector 2,83.79,98.7,0.0,8638.0,1.0,371.97,67.42
S06,Weak cell under load,7,19.4,432.26,Back Straight,Sector 2,88.99,96.0,0.0,9062.0,-1.5,370.75,68.11
S06,Weak cell under load,7,19.9,445.0,Back Straight,Sector 2,93.48,100.0,0.0,9428.0,2.4,369.85,68.84
S06,Weak cell under load,7,20.4,458.3,Back Straight,Sector 2,96.84,43.0,0.0,9703.0,1.2,383.53,69.31
S06,Weak cell under load,7,20.9,471.83,Back Straight,Sector 2,97.83,46.7,0.0,9783.0,-0.4,382.66,69.35
S06,Weak cell under load,7,21.4,485.5,Back Straight,Sector 2,98.79,44.4,0.0,9861.0,0.4,382.85,69.39
S06,Weak cell under load,7,21.9,499.3,Back Straight,Sector 2,99.66,46.1,0.0,9932.0,-0.4,383.1,69.43
S06,Weak cell under load,7,22.4,513.07,Back Straight,Sector 2,95.32,0.0,100.0,9578.0,-1.8,395.06,69.27
S06,Weak cell under load,7,22.9,524.38,Back Straight,Sector 2,73.71,0.0,54.3,7815.0,2.0,394.46,68.77
S06,Weak cell under load,7,23.4,533.7,Back Straight,Sector 2,63.76,0.0,25.7,7003.0,0.8,395.13,68.29
S06,Weak cell under load,7,23.9,542.12,Back Straight,Sector 2,59.11,0.7,18.0,6623.0,-0.1,394.08,67.79
S06,Weak cell under load,7,24.4,550.22,Back Straight,Sector 2,57.96,3.4,16.2,6530.0,-2.1,393.87,67.5
S06,Weak cell under load,7,24.9,558.29,Back Straight,Sector 2,59.04,0.0,14.2,6617.0,1.5,393.98,67.35
S06,Weak cell under load,7,25.4,566.29,Technical Esses,Sector 2,57.45,33.4,0.0,6488.0,16.3,388.01,67.02
S06,Weak cell under load,7,25.9,574.27,Technical Esses,Sector 2,57.03,34.7,0.0,6454.0,28.6,387.15,66.72
S06,Weak cell under load,7,26.4,582.28,Technical Esses,Sector 2,58.15,0.0,14.6,6545.0,45.3,394.83,66.42
S06,Weak cell under load,7,26.9,590.29,Technical Esses,Sector 2,58.1,0.0,12.7,6541.0,58.0,394.88,66.12
S06,Weak cell under load,7,27.4,598.28,Technical Esses,Sector 2,57.96,0.0,15.9,6530.0,65.9,395.09,65.82
S06,Weak cell under load,7,27.9,606.28,Technical Esses,Sector 2,57.78,30.3,0.0,6515.0,73.4,388.25,65.57
S06,Weak cell under load,7,28.4,614.32,Technical Esses,Sector 2,58.04,0.0,14.3,6536.0,83.9,395.39,65.23
S06,Weak cell under load,7,28.9,622.35,Technical Esses,Sector 2,58.11,0.2,13.0,6542.0,89.6,395.03,64.95
S06,Weak cell under load,7,29.4,630.33,Technical Esses,Sector 2,57.75,37.9,0.0,6513.0,90.1,387.7,64.71
S06,Weak cell under load,7,29.9,638.36,Technical Esses,Sector 2,57.86,0.0,16.7,6522.0,87.7,395.07,64.37
S06,Weak cell under load,7,30.4,646.35,Technical Esses,Sector 2,57.39,32.3,0.0,6483.0,84.6,388.34,64.12
S06,Weak cell under load,7,30.9,654.35,Technical Esses,Sector 2,57.18,32.2,0.0,6466.0,79.7,387.92,63.85
S06,Weak cell under load,7,31.4,662.36,Technical Esses,Sector 2,57.38,37.0,0.0,6482.0,67.1,387.62,63.58
S06,Weak cell under load,7,31.9,670.36,Technical Esses,Sector 2,57.37,32.9,0.0,6481.0,54.9,388.33,63.32
S06,Weak cell under load,7,32.4,678.33,Technical Esses,Sector 2,56.96,32.8,0.0,6448.0,43.7,388.72,63.05
S06,Weak cell under load,7,32.9,686.34,Technical Esses,Sector 2,58.23,0.0,15.8,6552.0,27.6,395.21,62.79
S06,Weak cell under load,7,33.4,694.36,Technical Esses,Sector 2,58.14,2.2,15.3,6544.0,10.3,394.78,62.53
S06,Weak cell under load,7,33.9,702.41,Long Straight,Sector 3,59.16,100.0,0.0,6627.0,1.6,374.02,62.56
S06,Weak cell under load,7,34.4,711.31,Long Straight,Sector 3,67.22,97.3,0.0,7285.0,-1.3,374.06,63.04
S06,Weak cell under load,7,34.9,721.25,Long Straight,Sector 3,74.39,99.2,0.0,7870.0,1.3,372.55,63.6
S06,Weak cell under load,7,35.4,732.13,Long Straight,Sector 3,80.78,97.8,0.0,8391.0,-1.5,372.29,64.24
S06,Weak cell under load,7,35.9,743.82,Long Straight,Sector 3,86.36,100.0,0.0,8847.0,-0.6,369.83,64.94
S06,Weak cell under load,7,36.4,756.22,Long Straight,Sector 3,91.17,95.8,0.0,9239.0,-0.7,370.75,65.66
S06,Weak cell under load,7,36.9,769.24,Long Straight,Sector 3,95.28,98.3,0.0,9575.0,-1.0,368.52,66.42
S06,Weak cell under load,7,37.4,782.78,Long Straight,Sector 3,98.94,99.9,0.0,9873.0,-1.8,369.36,67.24
S06,Weak cell under load,7,37.9,796.78,Long Straight,Sector 3,102.04,99.7,0.0,10126.0,-1.4,368.96,68.07
S06,Weak cell under load,7,38.4,811.19,Long Straight,Sector 3,104.73,94.7,0.0,10346.0,-2.5,370.25,68.91
S06,Weak cell under load,7,38.9,825.92,Long Straight,Sector 3,106.99,100.0,0.0,10531.0,0.6,367.94,69.79
S06,Weak cell under load,7,39.4,840.95,Long Straight,Sector 3,108.95,98.4,0.0,10690.0,-2.4,367.71,70.67
S06,Weak cell under load,7,39.9,856.22,Long Straight,Sector 3,110.63,100.0,0.0,10828.0,-1.6,367.88,71.58
S06,Weak cell under load,7,40.4,871.71,Long Straight,Sector 3,112.07,4.3,100.0,10945.0,0.2,393.39,72.22
S06,Weak cell under load,7,40.9,885.18,Long Straight,Sector 3,86.94,0.1,99.7,8895.0,2.4,394.15,71.68
S06,Weak cell under load,7,41.4,895.17,Long Straight,Sector 3,61.98,2.3,100.0,6857.0,0.4,393.85,71.16
S06,Weak cell under load,7,41.9,902.19,Long Straight,Sector 3,45.5,0.1,27.6,5513.0,2.4,394.42,70.63
S06,Weak cell under load,7,42.4,908.03,Long Straight,Sector 3,40.34,0.3,15.7,5091.0,-2.2,395.45,70.12
S06,Weak cell under load,7,42.9,913.64,Long Straight,Sector 3,39.61,100.0,0.0,5032.0,0.7,376.87,69.88
S06,Weak cell under load,7,43.4,919.33,Long Straight,Sector 3,41.68,0.8,13.6,5201.0,-0.1,394.33,69.5
S06,Weak cell under load,7,43.9,924.91,Hairpin,Sector 3,39.52,27.6,0.0,5025.0,-20.3,389.51,69.08
S06,Weak cell under load,7,44.4,930.46,Hairpin,Sector 3,39.7,31.2,0.0,5039.0,-44.7,389.97,68.69
S06,Weak cell under load,7,44.9,935.98,Hairpin,Sector 3,39.67,24.7,0.0,5037.0,-63.2,390.04,68.31
S06,Weak cell under load,7,45.4,941.48,Hairpin,Sector 3,39.25,23.9,0.0,5003.0,-84.2,390.24,67.92
S06,Weak cell under load,7,45.9,947.01,Hairpin,Sector 3,39.44,28.9,0.0,5018.0,-98.7,389.5,67.54
S06,Weak cell under load,7,46.4,952.54,Hairpin,Sector 3,39.32,31.1,0.0,5008.0,-106.8,389.28,67.17
S06,Weak cell under load,7,46.9,958.1,Hairpin,Sector 3,40.43,1.6,17.3,5099.0,-113.6,394.7,66.8
S06,Weak cell under load,7,47.4,963.62,Hairpin,Sector 3,40.19,0.0,14.3,5079.0,-119.7,394.09,66.44
S06,Weak cell under load,7,47.9,969.17,Hairpin,Sector 3,40.28,0.8,15.2,5087.0,-120.3,394.97,66.09
S06,Weak cell under load,7,48.4,974.72,Hairpin,Sector 3,40.3,0.0,12.3,5088.0,-111.0,394.35,65.73
S06,Weak cell under load,7,48.9,980.25,Hairpin,Sector 3,39.42,26.9,0.0,5017.0,-102.2,389.34,65.39
S06,Weak cell under load,7,49.4,985.8,Hairpin,Sector 3,39.51,25.1,0.0,5024.0,-90.4,389.29,65.05
S06,Weak cell under load,7,49.9,991.33,Hairpin,Sector 3,39.21,34.0,0.0,4999.0,-72.9,389.11,64.72
S06,Weak cell under load,7,50.4,996.89,Hairpin,Sector 3,40.53,0.0,15.9,5108.0,-55.7,394.91,64.38
S06,Weak cell under load,7,50.9,1002.41,Hairpin,Sector 3,39.09,31.1,0.0,4990.0,-29.2,389.29,64.06
S06,Weak cell under load,7,51.4,1007.95,Hairpin,Sector 3,40.35,2.0,14.1,5093.0,-11.9,394.56,63.73
S06,Weak cell under load,7,51.9,1013.78,Final Corner,Sector 3,44.94,76.7,0.0,5467.0,6.5,380.37,63.77
S06,Weak cell under load,7,52.4,1020.65,Final Corner,Sector 3,52.5,78.0,0.0,6084.0,19.3,379.28,63.94
S06,Weak cell under load,7,52.9,1028.54,Final Corner,Sector 3,59.53,79.4,0.0,6657.0,28.1,378.55,64.18
S06,Weak cell under load,7,53.4,1037.34,Final Corner,Sector 3,65.86,84.6,0.0,7174.0,45.7,377.34,64.47
S06,Weak cell under load,7,53.9,1046.99,Final Corner,Sector 3,71.77,80.2,0.0,7656.0,53.5,376.8,64.81
S06,Weak cell under load,7,54.4,1057.22,Final Corner,Sector 3,74.36,39.7,0.0,7868.0,52.8,384.88,64.73
S06,Weak cell under load,7,54.9,1067.68,Final Corner,Sector 3,75.25,38.5,0.0,7940.0,53.3,385.97,64.58
S06,Weak cell under load,7,55.4,1078.18,Final Corner,Sector 3,75.03,37.8,0.0,7923.0,42.7,386.25,64.38
S06,Weak cell under load,7,55.9,1088.66,Final Corner,Sector 3,75.66,40.9,0.0,7974.0,18.1,386.18,64.25
S06,Weak cell under load,7,56.4,1099.18,Final Corner,Sector 3,75.4,36.1,0.0,7953.0,1.3,386.23,64.04
S06,Weak cell under load,8,0.4,8.76,Main Straight,Sector 1,80.69,100.0,0.0,8384.0,1.3,372.01,64.66
S06,Weak cell under load,8,0.9,20.44,Main Straight,Sector 1,86.24,96.9,0.0,8837.0,-1.9,370.81,65.33
S06,Weak cell under load,8,1.4,32.83,Main Straight,Sector 1,91.1,100.0,0.0,9234.0,0.3,369.79,66.07
S06,Weak cell under load,8,1.9,45.84,Main Straight,Sector 1,95.31,98.0,0.0,9577.0,0.9,369.49,66.84
S06,Weak cell under load,8,2.4,59.38,Main Straight,Sector 1,98.92,98.1,0.0,9872.0,-1.4,368.23,67.64
S06,Weak cell under load,8,2.9,73.39,Main Straight,Sector 1,102.05,100.0,0.0,10127.0,3.0,367.34,68.48
S06,Weak cell under load,8,3.4,87.79,Main Straight,Sector 1,104.75,99.8,0.0,10348.0,-0.5,368.05,69.34
S06,Weak cell under load,8,3.9,102.53,Main Straight,Sector 1,107.02,100.0,0.0,10533.0,-1.1,366.7,70.2
S06,Weak cell under load,8,4.4,117.56,Main Straight,Sector 1,108.99,100.0,0.0,10694.0,1.6,366.58,71.09
S06,Weak cell under load,8,4.9,132.85,Main Straight,Sector 1,110.67,100.0,0.0,10831.0,0.1,366.67,71.99
S06,Weak cell under load,8,5.4,148.33,Main Straight,Sector 1,112.07,93.2,0.0,10945.0,0.7,367.57,72.86
S06,Weak cell under load,8,5.9,163.98,Main Straight,Sector 1,112.79,41.4,0.0,11004.0,0.3,382.15,73.26
S06,Weak cell under load,8,6.4,178.88,Main Straight,Sector 1,99.38,0.0,66.6,9910.0,1.0,394.09,72.84
S06,Weak cell under load,8,6.9,191.48,Main Straight,Sector 1,86.24,0.0,31.8,8837.0,1.7,394.38,72.3
S06,Weak cell under load,8,7.4,202.87,Main Straight,Sector 1,79.61,0.0,17.3,8296.0,-1.3,393.52,71.78
S06,Weak cell under load,8,7.9,213.59,Main Straight,Sector 1,75.78,2.4,13.6,7984.0,-1.6,393.29,71.27
S06,Weak cell under load,8,8.4,223.94,Turn 1 Braking Zone,Sector 1,74.22,0.0,17.0,7856.0,-2.3,394.37,70.95
S06,Weak cell under load,8,8.9,234.08,Turn 1 Braking Zone,Sector 1,71.51,0.0,20.6,7635.0,-2.3,394.13,70.57
S06,Weak cell under load,8,9.4,243.64,Turn 1 Braking Zone,Sector 1,67.15,2.9,11.0,7279.0,1.6,394.35,70.07
S06,Weak cell under load,8,9.9,252.79,Turn 1 Braking Zone,Sector 1,65.35,73.4,0.0,7133.0,0.0,379.48,69.84
S06,Weak cell under load,8,10.4,261.92,Turn 1 Braking Zone,Sector 1,65.41,71.6,0.0,7137.0,-1.2,379.76,69.63
S06,Weak cell under load,8,10.9,271.04,Turn 1 Braking Zone,Sector 1,65.37,76.3,0.0,7134.0,-0.3,377.86,69.42
S06,Weak cell under load,8,11.4,280.17,Turn 1 Medium Left,Sector 1,65.57,1.6,12.7,7151.0,-0.2,393.15,69.07
S06,Weak cell under load,8,11.9,289.25,Turn 1 Medium Left,Sector 1,65.53,3.4,14.3,7148.0,-17.0,392.9,68.77
S06,Weak cell under load,8,12.4,298.33,Turn 1 Medium Left,Sector 1,65.73,2.7,12.0,7163.0,-35.7,394.57,68.5
S06,Weak cell under load,8,12.9,307.4,Turn 1 Medium Left,Sector 1,65.73,0.0,17.2,7163.0,-53.7,394.75,68.19
S06,Weak cell under load,8,13.4,316.46,Turn 1 Medium Left,Sector 1,65.31,38.6,0.0,7130.0,-63.1,385.21,67.95
S06,Weak cell under load,8,13.9,325.53,Turn 1 Medium Left,Sector 1,65.21,34.8,0.0,7121.0,-65.5,386.24,67.65
S06,Weak cell under load,8,14.4,334.59,Turn 1 Medium Left,Sector 1,64.98,36.5,0.0,7102.0,-70.8,387.19,67.38
S06,Weak cell under load,8,14.9,343.67,Turn 1 Medium Left,Sector 1,64.77,33.8,0.0,7085.0,-68.9,387.69,67.1
S06,Weak cell under load,8,15.4,352.74,Turn 1 Medium Left,Sector 1,65.63,0.0,14.9,7156.0,-61.2,393.78,66.8
S06,Weak cell under load,8,15.9,361.8,Turn 1 Medium Left,Sector 1,65.33,35.6,0.0,7131.0,-51.7,386.05,66.57
S06,Weak cell under load,8,16.4,370.88,Turn 1 Medium Left,Sector 1,64.88,36.3,0.0,7095.0,-35.5,386.12,66.29
S06,Weak cell under load,8,16.9,379.95,Turn 1 Medium Left,Sector 1,64.83,36.2,0.0,7090.0,-17.9,386.71,66.03
S06,Weak cell under load,8,17.4,389.02,Turn 1 Medium Left,Sector 1,64.85,36.3,0.0,7092.0,-4.2,386.35,65.76
S06,Weak cell under load,8,17.9,398.52,Back Straight,Sector 2,71.36,98.0,0.0,7623.0,1.7,371.72,66.26
S06,Weak cell under load,8,18.4,409.0,Back Straight,Sector 2,78.09,98.5,0.0,8172.0,0.8,370.8,66.84
S06,Weak cell under load,8,18.9,420.34,Back Straight,Sector 2,83.97,97.3,0.0,8652.0,2.2,371.24,67.47
S06,Weak cell under load,8,19.4,432.44,Back Straight,Sector 2,89.04,100.0,0.0,9065.0,-3.0,368.86,68.14
S06,Weak cell under load,8,19.9,445.19,Back Straight,Sector 2,93.56,97.9,0.0,9435.0,-0.3,369.74,68.88
S06,Weak cell under load,8,20.4,458.5,Back Straight,Sector 2,96.92,42.0,0.0,9708.0,-4.1,382.58,69.35
S06,Weak cell under load,8,20.9,472.04,Back Straight,Sector 2,97.98,39.2,0.0,9795.0,0.9,384.12,69.39
S06,Weak cell under load,8,21.4,485.73,Back Straight,Sector 2,98.91,41.8,0.0,9871.0,-0.5,383.46,69.44
S06,Weak cell under load,8,21.9,499.54,Back Straight,Sector 2,99.75,47.6,0.0,9940.0,-0.7,381.87,69.48
S06,Weak cell under load,8,22.4,513.33,Back Straight,Sector 2,95.6,0.0,100.0,9601.0,-1.6,394.23,69.34
S06,Weak cell under load,8,22.9,524.64,Back Straight,Sector 2,73.37,2.4,51.7,7787.0,0.4,394.08,68.84
S06,Weak cell under load,8,23.4,533.91,Back Straight,Sector 2,63.23,0.0,19.6,6960.0,0.6,394.22,68.35
S06,Weak cell under load,8,23.9,542.34,Back Straight,Sector 2,59.26,0.1,17.8,6636.0,-0.4,393.03,67.85
S06,Weak cell under load,8,24.4,550.38,Back Straight,Sector 2,57.83,1.6,12.7,6519.0,-0.2,394.83,67.54
S06,Weak cell under load,8,24.9,558.45,Back Straight,Sector 2,59.13,0.9,13.6,6625.0,-3.0,394.33,67.39
S06,Weak cell under load,8,25.4,566.49,Technical Esses,Sector 2,57.88,0.0,14.7,6523.0,12.1,394.41,67.03
S06,Weak cell under load,8,25.9,574.48,Technical Esses,Sector 2,57.66,30.9,0.0,6505.0,32.0,388.4,66.77
S06,Weak cell under load,8,26.4,582.48,Technical Esses,Sector 2,57.2,32.2,0.0,6468.0,43.2,388.78,66.46
S06,Weak cell under load,8,26.9,590.49,Technical Esses,Sector 2,57.19,29.0,0.0,6467.0,56.1,388.6,66.16
S06,Weak cell under load,8,27.4,598.5,Technical Esses,Sector 2,57.17,37.0,0.0,6465.0,68.1,386.12,65.88
S06,Weak cell under load,8,27.9,606.48,Technical Esses,Sector 2,57.17,30.8,0.0,6465.0,77.6,388.58,65.58
S06,Weak cell under load,8,28.4,614.49,Technical Esses,Sector 2,58.05,0.0,17.6,6537.0,83.0,394.07,65.29
S06,Weak cell under load,8,28.9,622.49,Technical Esses,Sector 2,57.84,2.8,13.6,6520.0,86.7,393.76,65.01
S06,Weak cell under load,8,29.4,630.48,Technical Esses,Sector 2,58.1,0.0,11.6,6541.0,88.9,394.13,64.74
S06,Weak cell under load,8,29.9,638.49,Technical Esses,Sector 2,58.12,0.0,13.2,6542.0,91.8,393.39,64.46
S06,Weak cell under load,8,30.4,646.47,Technical Esses,Sector 2,56.95,28.9,0.0,6447.0,79.4,388.9,64.18
S06,Weak cell under load,8,30.9,654.46,Technical Esses,Sector 2,57.95,0.0,15.9,6529.0,74.9,393.7,63.9
S06,Weak cell under load,8,31.4,662.46,Technical Esses,Sector 2,57.87,0.9,14.2,6522.0,70.5,393.45,63.63
S06,Weak cell under load,8,31.9,670.46,Technical Esses,Sector 2,57.82,2.0,14.4,6518.0,54.2,393.94,63.35
S06,Weak cell under load,8,32.4,678.45,Technical Esses,Sector 2,57.72,0.0,13.6,6510.0,41.0,394.02,63.08
S06,Weak cell under load,8,32.9,686.43,Technical Esses,Sector 2,57.63,29.5,0.0,6503.0,27.4,388.3,62.86
S06,Weak cell under load,8,33.4,694.42,Technical Esses,Sector 2,57.46,29.4,0.0,6489.0,12.4,387.39,62.59
S06,Weak cell under load,8,33.9,702.45,Long Straight,Sector 3,59.43,99.1,0.0,6649.0,0.5,373.92,62.61
S06,Weak cell under load,8,34.4,711.38,Long Straight,Sector 3,67.48,100.0,0.0,7306.0,1.9,373.26,63.1
S06,Weak cell under load,8,34.9,721.37,Long Straight,Sector 3,74.72,99.3,0.0,7897.0,-0.3,371.79,63.68
S06,Weak cell under load,8,35.4,732.28,Long Straight,Sector 3,81.04,100.0,0.0,8413.0,-1.1,371.5,64.32
S06,Weak cell under load,8,35.9,744.0,Long Straight,Sector 3,86.54,97.7,0.0,8862.0,0.5,371.17,65.0
S06,Weak cell under load,8,36.4,756.43,Long Straight,Sector 3,91.38,100.0,0.0,9256.0,-3.1,369.24,65.75
S06,Weak cell under load,8,36.9,769.48,Long Straight,Sector 3,95.52,100.0,0.0,9594.0,2.2,369.17,66.52
S06,Weak cell under load,8,37.4,783.05,Long Straight,Sector 3,99.15,98.2,0.0,9891.0,-2.3,368.67,67.33
S06,Weak cell under load,8,37.9,797.09,Long Straight,Sector 3,102.25,99.5,0.0,10144.0,-0.2,368.39,68.18
S06,Weak cell under load,8,38.4,811.51,Long Straight,Sector 3,104.91,94.7,0.0,10361.0,-1.8,370.13,69.03
S06,Weak cell under load,8,38.9,826.27,Long Straight,Sector 3,107.1,100.0,0.0,10540.0,0.3,366.65,69.88
S06,Weak cell under load,8,39.4,841.31,Long Straight,Sector 3,109.01,96.2,0.0,10695.0,0.4,367.74,70.74
S06,Weak cell under load,8,39.9,856.59,Long Straight,Sector 3,110.67,100.0,0.0,10831.0,-0.3,366.04,71.65
S06,Weak cell under load,8,40.4,872.08,Long Straight,Sector 3,112.1,0.0,96.9,10947.0,1.9,394.41,72.26
S06,Weak cell under load,8,40.9,885.62,Long Straight,Sector 3,87.55,0.0,100.0,8944.0,0.8,393.3,71.73
S06,Weak cell under load,8,41.4,895.7,Long Straight,Sector 3,62.78,0.0,98.4,6923.0,-0.9,394.19,71.22
S06,Weak cell under load,8,41.9,902.79,Long Straight,Sector 3,46.03,0.0,29.3,5556.0,1.8,394.42,70.7
S06,Weak cell under load,8,42.4,908.71,Long Straight,Sector 3,40.91,0.1,15.3,5138.0,0.3,393.71,70.18
S06,Weak cell under load,8,42.9,914.39,Long Straight,Sector 3,40.09,100.0,0.0,5071.0,2.1,376.93,69.93
S06,Weak cell under load,8,43.4,920.09,Hairpin,Sector 3,41.73,5.0,17.0,5205.0,-1.8,392.92,69.57
S06,Weak cell under load,8,43.9,925.69,Hairpin,Sector 3,40.33,0.0,14.6,5091.0,-18.9,394.44,69.14
S06,Weak cell under load,8,44.4,931.27,Hairpin,Sector 3,40.42,0.0,11.6,5098.0,-51.2,393.85,68.76
S06,Weak cell under load,8,44.9,936.84,Hairpin,Sector 3,40.57,0.0,13.0,5110.0,-67.3,394.68,68.38
S06,Weak cell under load,8,45.4,942.4,Hairpin,Sector 3,40.54,0.0,13.8,5108.0,-81.1,393.83,68.0
S06,Weak cell under load,8,45.9,947.96,Hairpin,Sector 3,39.68,30.7,0.0,5038.0,-96.8,387.91,67.64
S06,Weak cell under load,8,46.4,953.54,Hairpin,Sector 3,39.66,31.0,0.0,5036.0,-108.8,390.49,67.27
S06,Weak cell under load,8,46.9,959.14,Hairpin,Sector 3,40.78,0.0,14.8,5127.0,-121.5,393.06,66.9
S06,Weak cell under load,8,47.4,964.73,Hairpin,Sector 3,40.79,0.0,15.7,5128.0,-120.9,393.96,66.55
S06,Weak cell under load,8,47.9,970.32,Hairpin,Sector 3,40.61,2.1,13.2,5114.0,-117.5,393.86,66.19
S06,Weak cell under load,8,48.4,975.88,Hairpin,Sector 3,39.54,28.9,0.0,5026.0,-110.3,389.72,65.85
S06,Weak cell under load,8,48.9,981.47,Hairpin,Sector 3,40.68,1.1,13.2,5120.0,-103.1,393.91,65.49
S06,Weak cell under load,8,49.4,987.02,Hairpin,Sector 3,39.37,30.2,0.0,5013.0,-83.1,388.91,65.14
S06,Weak cell under load,8,49.9,992.57,Hairpin,Sector 3,39.49,32.5,0.0,5022.0,-69.9,389.14,64.81
S06,Weak cell under load,8,50.4,998.14,Hairpin,Sector 3,39.71,30.4,0.0,5040.0,-50.4,388.09,64.48
S06,Weak cell under load,8,50.9,1003.73,Hairpin,Sector 3,39.88,34.1,0.0,5054.0,-26.2,388.7,64.16
S06,Weak cell under load,8,51.4,1009.31,Hairpin,Sector 3,40.25,0.8,16.5,5084.0,-1.3,394.06,63.8
S06,Weak cell under load,8,51.9,1015.25,Final Corner,Sector 3,46.07,74.7,0.0,5559.0,10.5,381.79,63.92
S06,Weak cell under load,8,52.4,1022.27,Final Corner,Sector 3,53.53,82.6,0.0,6168.0,19.8,378.64,64.11
S06,Weak cell under load,8,52.9,1030.3,Final Corner,Sector 3,60.53,82.9,0.0,6739.0,32.7,376.78,64.36
S06,Weak cell under load,8,53.4,1039.24,Final Corner,Sector 3,66.9,79.5,0.0,7259.0,44.7,377.59,64.65
S06,Weak cell under load,8,53.9,1049.01,Final Corner,Sector 3,72.6,78.9,0.0,7724.0,53.3,376.54,64.99
S06,Weak cell under load,8,54.4,1059.36,Final Corner,Sector 3,75.33,36.0,0.0,7947.0,54.8,386.53,64.93
S06,Weak cell under load,8,54.9,1069.93,Final Corner,Sector 3,76.31,3.4,16.8,8027.0,47.0,392.84,64.72
S06,Weak cell under load,8,55.4,1080.46,Final Corner,Sector 3,75.9,31.7,0.0,7994.0,31.3,386.46,64.56
S06,Weak cell under load,8,55.9,1091.05,Final Corner,Sector 3,76.47,4.4,15.5,8040.0,14.8,393.02,64.35
